{
  "%TYPES" : {
    "de.tudarmstadt.ukp.clarin.webanno.api.type.FeatureDefinition" : {
      "%NAME" : "de.tudarmstadt.ukp.clarin.webanno.api.type.FeatureDefinition",
      "%SUPER_TYPE" : "uima.cas.TOP",
      "layer" : {
        "%NAME" : "layer",
        "%RANGE" : "de.tudarmstadt.ukp.clarin.webanno.api.type.LayerDefinition"
      },
      "name" : {
        "%NAME" : "name",
        "%RANGE" : "uima.cas.String"
      },
      "uiName" : {
        "%NAME" : "uiName",
        "%RANGE" : "uima.cas.String"
      }
    },
    "de.tudarmstadt.ukp.clarin.webanno.api.type.LayerDefinition" : {
      "%NAME" : "de.tudarmstadt.ukp.clarin.webanno.api.type.LayerDefinition",
      "%SUPER_TYPE" : "uima.cas.TOP",
      "name" : {
        "%NAME" : "name",
        "%RANGE" : "uima.cas.String"
      },
      "uiName" : {
        "%NAME" : "uiName",
        "%RANGE" : "uima.cas.String"
      }
    },
    "de.tudarmstadt.ukp.dkpro.core.api.lexmorph.type.morph.MorphologicalFeatures" : {
      "%NAME" : "de.tudarmstadt.ukp.dkpro.core.api.lexmorph.type.morph.MorphologicalFeatures",
      "%SUPER_TYPE" : "uima.tcas.Annotation",
      "gender" : {
        "%NAME" : "gender",
        "%RANGE" : "uima.cas.String"
      },
      "number" : {
        "%NAME" : "number",
        "%RANGE" : "uima.cas.String"
      },
      "case" : {
        "%NAME" : "case",
        "%RANGE" : "uima.cas.String"
      },
      "degree" : {
        "%NAME" : "degree",
        "%RANGE" : "uima.cas.String"
      },
      "verbForm" : {
        "%NAME" : "verbForm",
        "%RANGE" : "uima.cas.String"
      },
      "tense" : {
        "%NAME" : "tense",
        "%RANGE" : "uima.cas.String"
      },
      "mood" : {
        "%NAME" : "mood",
        "%RANGE" : "uima.cas.String"
      },
      "voice" : {
        "%NAME" : "voice",
        "%RANGE" : "uima.cas.String"
      },
      "definiteness" : {
        "%NAME" : "definiteness",
        "%RANGE" : "uima.cas.String"
      },
      "value" : {
        "%NAME" : "value",
        "%RANGE" : "uima.cas.String"
      },
      "person" : {
        "%NAME" : "person",
        "%RANGE" : "uima.cas.String"
      },
      "aspect" : {
        "%NAME" : "aspect",
        "%RANGE" : "uima.cas.String"
      },
      "animacy" : {
        "%NAME" : "animacy",
        "%RANGE" : "uima.cas.String"
      },
      "negative" : {
        "%NAME" : "negative",
        "%RANGE" : "uima.cas.String"
      },
      "numType" : {
        "%NAME" : "numType",
        "%RANGE" : "uima.cas.String"
      },
      "possessive" : {
        "%NAME" : "possessive",
        "%RANGE" : "uima.cas.String"
      },
      "pronType" : {
        "%NAME" : "pronType",
        "%RANGE" : "uima.cas.String"
      },
      "reflex" : {
        "%NAME" : "reflex",
        "%RANGE" : "uima.cas.String"
      },
      "transitivity" : {
        "%NAME" : "transitivity",
        "%RANGE" : "uima.cas.String"
      }
    },
    "de.tudarmstadt.ukp.dkpro.core.api.lexmorph.type.pos.POS" : {
      "%NAME" : "de.tudarmstadt.ukp.dkpro.core.api.lexmorph.type.pos.POS",
      "%SUPER_TYPE" : "uima.tcas.Annotation",
      "PosValue" : {
        "%NAME" : "PosValue",
        "%RANGE" : "uima.cas.String"
      },
      "coarseValue" : {
        "%NAME" : "coarseValue",
        "%RANGE" : "uima.cas.String"
      }
    },
    "de.tudarmstadt.ukp.dkpro.core.api.metadata.type.DocumentMetaData" : {
      "%NAME" : "de.tudarmstadt.ukp.dkpro.core.api.metadata.type.DocumentMetaData",
      "%SUPER_TYPE" : "uima.tcas.DocumentAnnotation",
      "documentTitle" : {
        "%NAME" : "documentTitle",
        "%RANGE" : "uima.cas.String"
      },
      "documentId" : {
        "%NAME" : "documentId",
        "%RANGE" : "uima.cas.String"
      },
      "documentUri" : {
        "%NAME" : "documentUri",
        "%RANGE" : "uima.cas.String"
      },
      "collectionId" : {
        "%NAME" : "collectionId",
        "%RANGE" : "uima.cas.String"
      },
      "documentBaseUri" : {
        "%NAME" : "documentBaseUri",
        "%RANGE" : "uima.cas.String"
      },
      "isLastSegment" : {
        "%NAME" : "isLastSegment",
        "%RANGE" : "uima.cas.Boolean"
      }
    },
    "de.tudarmstadt.ukp.dkpro.core.api.metadata.type.TagDescription" : {
      "%NAME" : "de.tudarmstadt.ukp.dkpro.core.api.metadata.type.TagDescription",
      "%SUPER_TYPE" : "uima.cas.TOP",
      "name" : {
        "%NAME" : "name",
        "%RANGE" : "uima.cas.String"
      }
    },
    "de.tudarmstadt.ukp.dkpro.core.api.metadata.type.TagsetDescription" : {
      "%NAME" : "de.tudarmstadt.ukp.dkpro.core.api.metadata.type.TagsetDescription",
      "%SUPER_TYPE" : "uima.tcas.Annotation",
      "layer" : {
        "%NAME" : "layer",
        "%RANGE" : "uima.cas.String"
      },
      "name" : {
        "%NAME" : "name",
        "%RANGE" : "uima.cas.String"
      },
      "tags" : {
        "%NAME" : "tags",
        "%RANGE" : "de.tudarmstadt.ukp.dkpro.core.api.metadata.type.TagDescription[]"
      },
      "componentName" : {
        "%NAME" : "componentName",
        "%RANGE" : "uima.cas.String"
      },
      "modelLocation" : {
        "%NAME" : "modelLocation",
        "%RANGE" : "uima.cas.String"
      },
      "modelVariant" : {
        "%NAME" : "modelVariant",
        "%RANGE" : "uima.cas.String"
      },
      "modelLanguage" : {
        "%NAME" : "modelLanguage",
        "%RANGE" : "uima.cas.String"
      },
      "modelVersion" : {
        "%NAME" : "modelVersion",
        "%RANGE" : "uima.cas.String"
      },
      "input" : {
        "%NAME" : "input",
        "%RANGE" : "uima.cas.Boolean"
      }
    },
    "de.tudarmstadt.ukp.dkpro.core.api.segmentation.type.Lemma" : {
      "%NAME" : "de.tudarmstadt.ukp.dkpro.core.api.segmentation.type.Lemma",
      "%SUPER_TYPE" : "uima.tcas.Annotation",
      "value" : {
        "%NAME" : "value",
        "%RANGE" : "uima.cas.String"
      }
    },
    "de.tudarmstadt.ukp.dkpro.core.api.segmentation.type.Sentence" : {
      "%NAME" : "de.tudarmstadt.ukp.dkpro.core.api.segmentation.type.Sentence",
      "%SUPER_TYPE" : "uima.tcas.Annotation",
      "id" : {
        "%NAME" : "id",
        "%RANGE" : "uima.cas.String"
      }
    },
    "de.tudarmstadt.ukp.dkpro.core.api.segmentation.type.Stem" : {
      "%NAME" : "de.tudarmstadt.ukp.dkpro.core.api.segmentation.type.Stem",
      "%SUPER_TYPE" : "uima.tcas.Annotation",
      "value" : {
        "%NAME" : "value",
        "%RANGE" : "uima.cas.String"
      }
    },
    "de.tudarmstadt.ukp.dkpro.core.api.segmentation.type.Token" : {
      "%NAME" : "de.tudarmstadt.ukp.dkpro.core.api.segmentation.type.Token",
      "%SUPER_TYPE" : "uima.tcas.Annotation",
      "parent" : {
        "%NAME" : "parent",
        "%RANGE" : "uima.tcas.Annotation"
      },
      "lemma" : {
        "%NAME" : "lemma",
        "%RANGE" : "de.tudarmstadt.ukp.dkpro.core.api.segmentation.type.Lemma"
      },
      "stem" : {
        "%NAME" : "stem",
        "%RANGE" : "de.tudarmstadt.ukp.dkpro.core.api.segmentation.type.Stem"
      },
      "pos" : {
        "%NAME" : "pos",
        "%RANGE" : "de.tudarmstadt.ukp.dkpro.core.api.lexmorph.type.pos.POS"
      },
      "morph" : {
        "%NAME" : "morph",
        "%RANGE" : "de.tudarmstadt.ukp.dkpro.core.api.lexmorph.type.morph.MorphologicalFeatures"
      },
      "id" : {
        "%NAME" : "id",
        "%RANGE" : "uima.cas.String"
      },
      "form" : {
        "%NAME" : "form",
        "%RANGE" : "de.tudarmstadt.ukp.dkpro.core.api.segmentation.type.TokenForm"
      },
      "syntacticFunction" : {
        "%NAME" : "syntacticFunction",
        "%RANGE" : "uima.cas.String"
      },
      "order" : {
        "%NAME" : "order",
        "%RANGE" : "uima.cas.Integer"
      }
    },
    "de.tudarmstadt.ukp.dkpro.core.api.segmentation.type.TokenForm" : {
      "%NAME" : "de.tudarmstadt.ukp.dkpro.core.api.segmentation.type.TokenForm",
      "%SUPER_TYPE" : "uima.tcas.Annotation",
      "value" : {
        "%NAME" : "value",
        "%RANGE" : "uima.cas.String"
      }
    },
    "webanno.custom.AppraisalTheory" : {
      "%NAME" : "webanno.custom.AppraisalTheory",
      "%SUPER_TYPE" : "uima.tcas.Annotation",
      "Attitude" : {
        "%NAME" : "Attitude",
        "%RANGE" : "uima.cas.String"
      },
      "Polarity" : {
        "%NAME" : "Polarity",
        "%RANGE" : "uima.cas.String"
      }
    }
  },
  "%FEATURE_STRUCTURES" : [ {
    "%ID" : 1,
    "%TYPE" : "de.tudarmstadt.ukp.clarin.webanno.api.type.FeatureDefinition",
    "@layer" : 2,
    "name" : "Attitude",
    "uiName" : "Attitude"
  }, {
    "%ID" : 3,
    "%TYPE" : "de.tudarmstadt.ukp.clarin.webanno.api.type.FeatureDefinition",
    "@layer" : 2,
    "name" : "Polarity",
    "uiName" : "Polarity"
  }, {
    "%ID" : 2,
    "%TYPE" : "de.tudarmstadt.ukp.clarin.webanno.api.type.LayerDefinition",
    "name" : "webanno.custom.AppraisalTheory",
    "uiName" : "Appraisal_theory"
  }, {
    "%ID" : 4,
    "%TYPE" : "de.tudarmstadt.ukp.dkpro.core.api.metadata.type.DocumentMetaData",
    "@sofa" : 5,
    "begin" : 0,
    "end" : 1568,
    "language" : "x-unspecified",
    "documentTitle" : "UNSC_2014_SPV.7138_spch010_sentsplit_Chile.txt",
    "documentId" : "admin",
    "documentUri" : "appraisal/admin",
    "collectionId" : "appraisal/admin",
    "documentBaseUri" : "appraisal",
    "isLastSegment" : false
  }, {
    "%ID" : 6,
    "%TYPE" : "de.tudarmstadt.ukp.dkpro.core.api.metadata.type.TagsetDescription",
    "@sofa" : 5,
    "begin" : 0,
    "end" : 0,
    "layer" : "webanno.custom.AppraisalTheory",
    "name" : "polarity_lables",
    "input" : false
  }, {
    "%ID" : 7,
    "%TYPE" : "de.tudarmstadt.ukp.dkpro.core.api.segmentation.type.Sentence",
    "@sofa" : 5,
    "begin" : 0,
    "end" : 180
  }, {
    "%ID" : 8,
    "%TYPE" : "de.tudarmstadt.ukp.dkpro.core.api.segmentation.type.Sentence",
    "@sofa" : 5,
    "begin" : 181,
    "end" : 453
  }, {
    "%ID" : 9,
    "%TYPE" : "de.tudarmstadt.ukp.dkpro.core.api.segmentation.type.Sentence",
    "@sofa" : 5,
    "begin" : 455,
    "end" : 713
  }, {
    "%ID" : 10,
    "%TYPE" : "de.tudarmstadt.ukp.dkpro.core.api.segmentation.type.Sentence",
    "@sofa" : 5,
    "begin" : 715,
    "end" : 869
  }, {
    "%ID" : 11,
    "%TYPE" : "de.tudarmstadt.ukp.dkpro.core.api.segmentation.type.Sentence",
    "@sofa" : 5,
    "begin" : 870,
    "end" : 973
  }, {
    "%ID" : 12,
    "%TYPE" : "de.tudarmstadt.ukp.dkpro.core.api.segmentation.type.Sentence",
    "@sofa" : 5,
    "begin" : 975,
    "end" : 1186
  }, {
    "%ID" : 13,
    "%TYPE" : "de.tudarmstadt.ukp.dkpro.core.api.segmentation.type.Sentence",
    "@sofa" : 5,
    "begin" : 1187,
    "end" : 1298
  }, {
    "%ID" : 14,
    "%TYPE" : "de.tudarmstadt.ukp.dkpro.core.api.segmentation.type.Sentence",
    "@sofa" : 5,
    "begin" : 1300,
    "end" : 1483
  }, {
    "%ID" : 15,
    "%TYPE" : "de.tudarmstadt.ukp.dkpro.core.api.segmentation.type.Sentence",
    "@sofa" : 5,
    "begin" : 1484,
    "end" : 1566
  }, {
    "%ID" : 16,
    "%TYPE" : "de.tudarmstadt.ukp.dkpro.core.api.segmentation.type.Token",
    "@sofa" : 5,
    "begin" : 0,
    "end" : 3,
    "order" : 0
  }, {
    "%ID" : 17,
    "%TYPE" : "de.tudarmstadt.ukp.dkpro.core.api.segmentation.type.Token",
    "@sofa" : 5,
    "begin" : 4,
    "end" : 14,
    "order" : 0
  }, {
    "%ID" : 18,
    "%TYPE" : "de.tudarmstadt.ukp.dkpro.core.api.segmentation.type.Token",
    "@sofa" : 5,
    "begin" : 15,
    "end" : 17,
    "order" : 0
  }, {
    "%ID" : 19,
    "%TYPE" : "de.tudarmstadt.ukp.dkpro.core.api.segmentation.type.Token",
    "@sofa" : 5,
    "begin" : 18,
    "end" : 23,
    "order" : 0
  }, {
    "%ID" : 20,
    "%TYPE" : "de.tudarmstadt.ukp.dkpro.core.api.segmentation.type.Token",
    "@sofa" : 5,
    "begin" : 24,
    "end" : 29,
    "order" : 0
  }, {
    "%ID" : 21,
    "%TYPE" : "de.tudarmstadt.ukp.dkpro.core.api.segmentation.type.Token",
    "@sofa" : 5,
    "begin" : 30,
    "end" : 32,
    "order" : 0
  }, {
    "%ID" : 22,
    "%TYPE" : "de.tudarmstadt.ukp.dkpro.core.api.segmentation.type.Token",
    "@sofa" : 5,
    "begin" : 33,
    "end" : 39,
    "order" : 0
  }, {
    "%ID" : 23,
    "%TYPE" : "de.tudarmstadt.ukp.dkpro.core.api.segmentation.type.Token",
    "@sofa" : 5,
    "begin" : 40,
    "end" : 42,
    "order" : 0
  }, {
    "%ID" : 24,
    "%TYPE" : "de.tudarmstadt.ukp.dkpro.core.api.segmentation.type.Token",
    "@sofa" : 5,
    "begin" : 43,
    "end" : 46,
    "order" : 0
  }, {
    "%ID" : 25,
    "%TYPE" : "de.tudarmstadt.ukp.dkpro.core.api.segmentation.type.Token",
    "@sofa" : 5,
    "begin" : 47,
    "end" : 52,
    "order" : 0
  }, {
    "%ID" : 26,
    "%TYPE" : "de.tudarmstadt.ukp.dkpro.core.api.segmentation.type.Token",
    "@sofa" : 5,
    "begin" : 53,
    "end" : 63,
    "order" : 0
  }, {
    "%ID" : 27,
    "%TYPE" : "de.tudarmstadt.ukp.dkpro.core.api.segmentation.type.Token",
    "@sofa" : 5,
    "begin" : 64,
    "end" : 65,
    "order" : 0
  }, {
    "%ID" : 28,
    "%TYPE" : "de.tudarmstadt.ukp.dkpro.core.api.segmentation.type.Token",
    "@sofa" : 5,
    "begin" : 65,
    "end" : 66,
    "order" : 0
  }, {
    "%ID" : 29,
    "%TYPE" : "de.tudarmstadt.ukp.dkpro.core.api.segmentation.type.Token",
    "@sofa" : 5,
    "begin" : 66,
    "end" : 67,
    "order" : 0
  }, {
    "%ID" : 30,
    "%TYPE" : "de.tudarmstadt.ukp.dkpro.core.api.segmentation.type.Token",
    "@sofa" : 5,
    "begin" : 67,
    "end" : 71,
    "order" : 0
  }, {
    "%ID" : 31,
    "%TYPE" : "de.tudarmstadt.ukp.dkpro.core.api.segmentation.type.Token",
    "@sofa" : 5,
    "begin" : 71,
    "end" : 72,
    "order" : 0
  }, {
    "%ID" : 32,
    "%TYPE" : "de.tudarmstadt.ukp.dkpro.core.api.segmentation.type.Token",
    "@sofa" : 5,
    "begin" : 72,
    "end" : 75,
    "order" : 0
  }, {
    "%ID" : 33,
    "%TYPE" : "de.tudarmstadt.ukp.dkpro.core.api.segmentation.type.Token",
    "@sofa" : 5,
    "begin" : 75,
    "end" : 76,
    "order" : 0
  }, {
    "%ID" : 34,
    "%TYPE" : "de.tudarmstadt.ukp.dkpro.core.api.segmentation.type.Token",
    "@sofa" : 5,
    "begin" : 77,
    "end" : 84,
    "order" : 0
  }, {
    "%ID" : 35,
    "%TYPE" : "de.tudarmstadt.ukp.dkpro.core.api.segmentation.type.Token",
    "@sofa" : 5,
    "begin" : 85,
    "end" : 87,
    "order" : 0
  }, {
    "%ID" : 36,
    "%TYPE" : "de.tudarmstadt.ukp.dkpro.core.api.segmentation.type.Token",
    "@sofa" : 5,
    "begin" : 88,
    "end" : 95,
    "order" : 0
  }, {
    "%ID" : 37,
    "%TYPE" : "de.tudarmstadt.ukp.dkpro.core.api.segmentation.type.Token",
    "@sofa" : 5,
    "begin" : 96,
    "end" : 100,
    "order" : 0
  }, {
    "%ID" : 38,
    "%TYPE" : "de.tudarmstadt.ukp.dkpro.core.api.segmentation.type.Token",
    "@sofa" : 5,
    "begin" : 101,
    "end" : 103,
    "order" : 0
  }, {
    "%ID" : 39,
    "%TYPE" : "de.tudarmstadt.ukp.dkpro.core.api.segmentation.type.Token",
    "@sofa" : 5,
    "begin" : 104,
    "end" : 106,
    "order" : 0
  }, {
    "%ID" : 40,
    "%TYPE" : "de.tudarmstadt.ukp.dkpro.core.api.segmentation.type.Token",
    "@sofa" : 5,
    "begin" : 107,
    "end" : 110,
    "order" : 0
  }, {
    "%ID" : 41,
    "%TYPE" : "de.tudarmstadt.ukp.dkpro.core.api.segmentation.type.Token",
    "@sofa" : 5,
    "begin" : 111,
    "end" : 122,
    "order" : 0
  }, {
    "%ID" : 42,
    "%TYPE" : "de.tudarmstadt.ukp.dkpro.core.api.segmentation.type.Token",
    "@sofa" : 5,
    "begin" : 123,
    "end" : 131,
    "order" : 0
  }, {
    "%ID" : 43,
    "%TYPE" : "de.tudarmstadt.ukp.dkpro.core.api.segmentation.type.Token",
    "@sofa" : 5,
    "begin" : 132,
    "end" : 134,
    "order" : 0
  }, {
    "%ID" : 44,
    "%TYPE" : "de.tudarmstadt.ukp.dkpro.core.api.segmentation.type.Token",
    "@sofa" : 5,
    "begin" : 135,
    "end" : 138,
    "order" : 0
  }, {
    "%ID" : 45,
    "%TYPE" : "de.tudarmstadt.ukp.dkpro.core.api.segmentation.type.Token",
    "@sofa" : 5,
    "begin" : 139,
    "end" : 146,
    "order" : 0
  }, {
    "%ID" : 46,
    "%TYPE" : "de.tudarmstadt.ukp.dkpro.core.api.segmentation.type.Token",
    "@sofa" : 5,
    "begin" : 147,
    "end" : 149,
    "order" : 0
  }, {
    "%ID" : 47,
    "%TYPE" : "de.tudarmstadt.ukp.dkpro.core.api.segmentation.type.Token",
    "@sofa" : 5,
    "begin" : 150,
    "end" : 153,
    "order" : 0
  }, {
    "%ID" : 48,
    "%TYPE" : "de.tudarmstadt.ukp.dkpro.core.api.segmentation.type.Token",
    "@sofa" : 5,
    "begin" : 154,
    "end" : 161,
    "order" : 0
  }, {
    "%ID" : 49,
    "%TYPE" : "de.tudarmstadt.ukp.dkpro.core.api.segmentation.type.Token",
    "@sofa" : 5,
    "begin" : 162,
    "end" : 168,
    "order" : 0
  }, {
    "%ID" : 50,
    "%TYPE" : "de.tudarmstadt.ukp.dkpro.core.api.segmentation.type.Token",
    "@sofa" : 5,
    "begin" : 169,
    "end" : 171,
    "order" : 0
  }, {
    "%ID" : 51,
    "%TYPE" : "de.tudarmstadt.ukp.dkpro.core.api.segmentation.type.Token",
    "@sofa" : 5,
    "begin" : 172,
    "end" : 179,
    "order" : 0
  }, {
    "%ID" : 52,
    "%TYPE" : "de.tudarmstadt.ukp.dkpro.core.api.segmentation.type.Token",
    "@sofa" : 5,
    "begin" : 179,
    "end" : 180,
    "order" : 0
  }, {
    "%ID" : 53,
    "%TYPE" : "de.tudarmstadt.ukp.dkpro.core.api.segmentation.type.Token",
    "@sofa" : 5,
    "begin" : 181,
    "end" : 186,
    "order" : 0
  }, {
    "%ID" : 54,
    "%TYPE" : "de.tudarmstadt.ukp.dkpro.core.api.segmentation.type.Token",
    "@sofa" : 5,
    "begin" : 187,
    "end" : 191,
    "order" : 0
  }, {
    "%ID" : 55,
    "%TYPE" : "de.tudarmstadt.ukp.dkpro.core.api.segmentation.type.Token",
    "@sofa" : 5,
    "begin" : 192,
    "end" : 201,
    "order" : 0
  }, {
    "%ID" : 56,
    "%TYPE" : "de.tudarmstadt.ukp.dkpro.core.api.segmentation.type.Token",
    "@sofa" : 5,
    "begin" : 201,
    "end" : 202,
    "order" : 0
  }, {
    "%ID" : 57,
    "%TYPE" : "de.tudarmstadt.ukp.dkpro.core.api.segmentation.type.Token",
    "@sofa" : 5,
    "begin" : 203,
    "end" : 205,
    "order" : 0
  }, {
    "%ID" : 58,
    "%TYPE" : "de.tudarmstadt.ukp.dkpro.core.api.segmentation.type.Token",
    "@sofa" : 5,
    "begin" : 206,
    "end" : 211,
    "order" : 0
  }, {
    "%ID" : 59,
    "%TYPE" : "de.tudarmstadt.ukp.dkpro.core.api.segmentation.type.Token",
    "@sofa" : 5,
    "begin" : 212,
    "end" : 216,
    "order" : 0
  }, {
    "%ID" : 60,
    "%TYPE" : "de.tudarmstadt.ukp.dkpro.core.api.segmentation.type.Token",
    "@sofa" : 5,
    "begin" : 217,
    "end" : 220,
    "order" : 0
  }, {
    "%ID" : 61,
    "%TYPE" : "de.tudarmstadt.ukp.dkpro.core.api.segmentation.type.Token",
    "@sofa" : 5,
    "begin" : 221,
    "end" : 232,
    "order" : 0
  }, {
    "%ID" : 62,
    "%TYPE" : "de.tudarmstadt.ukp.dkpro.core.api.segmentation.type.Token",
    "@sofa" : 5,
    "begin" : 233,
    "end" : 243,
    "order" : 0
  }, {
    "%ID" : 63,
    "%TYPE" : "de.tudarmstadt.ukp.dkpro.core.api.segmentation.type.Token",
    "@sofa" : 5,
    "begin" : 244,
    "end" : 246,
    "order" : 0
  }, {
    "%ID" : 64,
    "%TYPE" : "de.tudarmstadt.ukp.dkpro.core.api.segmentation.type.Token",
    "@sofa" : 5,
    "begin" : 247,
    "end" : 260,
    "order" : 0
  }, {
    "%ID" : 65,
    "%TYPE" : "de.tudarmstadt.ukp.dkpro.core.api.segmentation.type.Token",
    "@sofa" : 5,
    "begin" : 261,
    "end" : 264,
    "order" : 0
  }, {
    "%ID" : 66,
    "%TYPE" : "de.tudarmstadt.ukp.dkpro.core.api.segmentation.type.Token",
    "@sofa" : 5,
    "begin" : 264,
    "end" : 265,
    "order" : 0
  }, {
    "%ID" : 67,
    "%TYPE" : "de.tudarmstadt.ukp.dkpro.core.api.segmentation.type.Token",
    "@sofa" : 5,
    "begin" : 266,
    "end" : 270,
    "order" : 0
  }, {
    "%ID" : 68,
    "%TYPE" : "de.tudarmstadt.ukp.dkpro.core.api.segmentation.type.Token",
    "@sofa" : 5,
    "begin" : 271,
    "end" : 273,
    "order" : 0
  }, {
    "%ID" : 69,
    "%TYPE" : "de.tudarmstadt.ukp.dkpro.core.api.segmentation.type.Token",
    "@sofa" : 5,
    "begin" : 274,
    "end" : 284,
    "order" : 0
  }, {
    "%ID" : 70,
    "%TYPE" : "de.tudarmstadt.ukp.dkpro.core.api.segmentation.type.Token",
    "@sofa" : 5,
    "begin" : 285,
    "end" : 289,
    "order" : 0
  }, {
    "%ID" : 71,
    "%TYPE" : "de.tudarmstadt.ukp.dkpro.core.api.segmentation.type.Token",
    "@sofa" : 5,
    "begin" : 290,
    "end" : 293,
    "order" : 0
  }, {
    "%ID" : 72,
    "%TYPE" : "de.tudarmstadt.ukp.dkpro.core.api.segmentation.type.Token",
    "@sofa" : 5,
    "begin" : 294,
    "end" : 300,
    "order" : 0
  }, {
    "%ID" : 73,
    "%TYPE" : "de.tudarmstadt.ukp.dkpro.core.api.segmentation.type.Token",
    "@sofa" : 5,
    "begin" : 301,
    "end" : 303,
    "order" : 0
  }, {
    "%ID" : 74,
    "%TYPE" : "de.tudarmstadt.ukp.dkpro.core.api.segmentation.type.Token",
    "@sofa" : 5,
    "begin" : 304,
    "end" : 307,
    "order" : 0
  }, {
    "%ID" : 75,
    "%TYPE" : "de.tudarmstadt.ukp.dkpro.core.api.segmentation.type.Token",
    "@sofa" : 5,
    "begin" : 308,
    "end" : 310,
    "order" : 0
  }, {
    "%ID" : 76,
    "%TYPE" : "de.tudarmstadt.ukp.dkpro.core.api.segmentation.type.Token",
    "@sofa" : 5,
    "begin" : 311,
    "end" : 316,
    "order" : 0
  }, {
    "%ID" : 77,
    "%TYPE" : "de.tudarmstadt.ukp.dkpro.core.api.segmentation.type.Token",
    "@sofa" : 5,
    "begin" : 317,
    "end" : 320,
    "order" : 0
  }, {
    "%ID" : 78,
    "%TYPE" : "de.tudarmstadt.ukp.dkpro.core.api.segmentation.type.Token",
    "@sofa" : 5,
    "begin" : 321,
    "end" : 331,
    "order" : 0
  }, {
    "%ID" : 79,
    "%TYPE" : "de.tudarmstadt.ukp.dkpro.core.api.segmentation.type.Token",
    "@sofa" : 5,
    "begin" : 332,
    "end" : 335,
    "order" : 0
  }, {
    "%ID" : 80,
    "%TYPE" : "de.tudarmstadt.ukp.dkpro.core.api.segmentation.type.Token",
    "@sofa" : 5,
    "begin" : 336,
    "end" : 347,
    "order" : 0
  }, {
    "%ID" : 81,
    "%TYPE" : "de.tudarmstadt.ukp.dkpro.core.api.segmentation.type.Token",
    "@sofa" : 5,
    "begin" : 347,
    "end" : 348,
    "order" : 0
  }, {
    "%ID" : 82,
    "%TYPE" : "de.tudarmstadt.ukp.dkpro.core.api.segmentation.type.Token",
    "@sofa" : 5,
    "begin" : 349,
    "end" : 361,
    "order" : 0
  }, {
    "%ID" : 83,
    "%TYPE" : "de.tudarmstadt.ukp.dkpro.core.api.segmentation.type.Token",
    "@sofa" : 5,
    "begin" : 362,
    "end" : 365,
    "order" : 0
  }, {
    "%ID" : 84,
    "%TYPE" : "de.tudarmstadt.ukp.dkpro.core.api.segmentation.type.Token",
    "@sofa" : 5,
    "begin" : 366,
    "end" : 377,
    "order" : 0
  }, {
    "%ID" : 85,
    "%TYPE" : "de.tudarmstadt.ukp.dkpro.core.api.segmentation.type.Token",
    "@sofa" : 5,
    "begin" : 378,
    "end" : 387,
    "order" : 0
  }, {
    "%ID" : 86,
    "%TYPE" : "de.tudarmstadt.ukp.dkpro.core.api.segmentation.type.Token",
    "@sofa" : 5,
    "begin" : 388,
    "end" : 390,
    "order" : 0
  }, {
    "%ID" : 87,
    "%TYPE" : "de.tudarmstadt.ukp.dkpro.core.api.segmentation.type.Token",
    "@sofa" : 5,
    "begin" : 391,
    "end" : 398,
    "order" : 0
  }, {
    "%ID" : 88,
    "%TYPE" : "de.tudarmstadt.ukp.dkpro.core.api.segmentation.type.Token",
    "@sofa" : 5,
    "begin" : 398,
    "end" : 399,
    "order" : 0
  }, {
    "%ID" : 89,
    "%TYPE" : "de.tudarmstadt.ukp.dkpro.core.api.segmentation.type.Token",
    "@sofa" : 5,
    "begin" : 400,
    "end" : 402,
    "order" : 0
  }, {
    "%ID" : 90,
    "%TYPE" : "de.tudarmstadt.ukp.dkpro.core.api.segmentation.type.Token",
    "@sofa" : 5,
    "begin" : 403,
    "end" : 413,
    "order" : 0
  }, {
    "%ID" : 91,
    "%TYPE" : "de.tudarmstadt.ukp.dkpro.core.api.segmentation.type.Token",
    "@sofa" : 5,
    "begin" : 414,
    "end" : 418,
    "order" : 0
  }, {
    "%ID" : 92,
    "%TYPE" : "de.tudarmstadt.ukp.dkpro.core.api.segmentation.type.Token",
    "@sofa" : 5,
    "begin" : 419,
    "end" : 422,
    "order" : 0
  }, {
    "%ID" : 93,
    "%TYPE" : "de.tudarmstadt.ukp.dkpro.core.api.segmentation.type.Token",
    "@sofa" : 5,
    "begin" : 423,
    "end" : 430,
    "order" : 0
  }, {
    "%ID" : 94,
    "%TYPE" : "de.tudarmstadt.ukp.dkpro.core.api.segmentation.type.Token",
    "@sofa" : 5,
    "begin" : 431,
    "end" : 433,
    "order" : 0
  }, {
    "%ID" : 95,
    "%TYPE" : "de.tudarmstadt.ukp.dkpro.core.api.segmentation.type.Token",
    "@sofa" : 5,
    "begin" : 434,
    "end" : 437,
    "order" : 0
  }, {
    "%ID" : 96,
    "%TYPE" : "de.tudarmstadt.ukp.dkpro.core.api.segmentation.type.Token",
    "@sofa" : 5,
    "begin" : 438,
    "end" : 444,
    "order" : 0
  }, {
    "%ID" : 97,
    "%TYPE" : "de.tudarmstadt.ukp.dkpro.core.api.segmentation.type.Token",
    "@sofa" : 5,
    "begin" : 445,
    "end" : 452,
    "order" : 0
  }, {
    "%ID" : 98,
    "%TYPE" : "de.tudarmstadt.ukp.dkpro.core.api.segmentation.type.Token",
    "@sofa" : 5,
    "begin" : 452,
    "end" : 453,
    "order" : 0
  }, {
    "%ID" : 99,
    "%TYPE" : "de.tudarmstadt.ukp.dkpro.core.api.segmentation.type.Token",
    "@sofa" : 5,
    "begin" : 455,
    "end" : 458,
    "order" : 0
  }, {
    "%ID" : 100,
    "%TYPE" : "de.tudarmstadt.ukp.dkpro.core.api.segmentation.type.Token",
    "@sofa" : 5,
    "begin" : 459,
    "end" : 462,
    "order" : 0
  }, {
    "%ID" : 101,
    "%TYPE" : "de.tudarmstadt.ukp.dkpro.core.api.segmentation.type.Token",
    "@sofa" : 5,
    "begin" : 463,
    "end" : 467,
    "order" : 0
  }, {
    "%ID" : 102,
    "%TYPE" : "de.tudarmstadt.ukp.dkpro.core.api.segmentation.type.Token",
    "@sofa" : 5,
    "begin" : 467,
    "end" : 468,
    "order" : 0
  }, {
    "%ID" : 103,
    "%TYPE" : "de.tudarmstadt.ukp.dkpro.core.api.segmentation.type.Token",
    "@sofa" : 5,
    "begin" : 469,
    "end" : 472,
    "order" : 0
  }, {
    "%ID" : 104,
    "%TYPE" : "de.tudarmstadt.ukp.dkpro.core.api.segmentation.type.Token",
    "@sofa" : 5,
    "begin" : 473,
    "end" : 481,
    "order" : 0
  }, {
    "%ID" : 105,
    "%TYPE" : "de.tudarmstadt.ukp.dkpro.core.api.segmentation.type.Token",
    "@sofa" : 5,
    "begin" : 482,
    "end" : 492,
    "order" : 0
  }, {
    "%ID" : 106,
    "%TYPE" : "de.tudarmstadt.ukp.dkpro.core.api.segmentation.type.Token",
    "@sofa" : 5,
    "begin" : 493,
    "end" : 501,
    "order" : 0
  }, {
    "%ID" : 107,
    "%TYPE" : "de.tudarmstadt.ukp.dkpro.core.api.segmentation.type.Token",
    "@sofa" : 5,
    "begin" : 502,
    "end" : 506,
    "order" : 0
  }, {
    "%ID" : 108,
    "%TYPE" : "de.tudarmstadt.ukp.dkpro.core.api.segmentation.type.Token",
    "@sofa" : 5,
    "begin" : 507,
    "end" : 510,
    "order" : 0
  }, {
    "%ID" : 109,
    "%TYPE" : "de.tudarmstadt.ukp.dkpro.core.api.segmentation.type.Token",
    "@sofa" : 5,
    "begin" : 511,
    "end" : 520,
    "order" : 0
  }, {
    "%ID" : 110,
    "%TYPE" : "de.tudarmstadt.ukp.dkpro.core.api.segmentation.type.Token",
    "@sofa" : 5,
    "begin" : 521,
    "end" : 528,
    "order" : 0
  }, {
    "%ID" : 111,
    "%TYPE" : "de.tudarmstadt.ukp.dkpro.core.api.segmentation.type.Token",
    "@sofa" : 5,
    "begin" : 529,
    "end" : 536,
    "order" : 0
  }, {
    "%ID" : 112,
    "%TYPE" : "de.tudarmstadt.ukp.dkpro.core.api.segmentation.type.Token",
    "@sofa" : 5,
    "begin" : 537,
    "end" : 540,
    "order" : 0
  }, {
    "%ID" : 113,
    "%TYPE" : "de.tudarmstadt.ukp.dkpro.core.api.segmentation.type.Token",
    "@sofa" : 5,
    "begin" : 541,
    "end" : 553,
    "order" : 0
  }, {
    "%ID" : 114,
    "%TYPE" : "de.tudarmstadt.ukp.dkpro.core.api.segmentation.type.Token",
    "@sofa" : 5,
    "begin" : 553,
    "end" : 554,
    "order" : 0
  }, {
    "%ID" : 115,
    "%TYPE" : "de.tudarmstadt.ukp.dkpro.core.api.segmentation.type.Token",
    "@sofa" : 5,
    "begin" : 555,
    "end" : 566,
    "order" : 0
  }, {
    "%ID" : 116,
    "%TYPE" : "de.tudarmstadt.ukp.dkpro.core.api.segmentation.type.Token",
    "@sofa" : 5,
    "begin" : 567,
    "end" : 570,
    "order" : 0
  }, {
    "%ID" : 117,
    "%TYPE" : "de.tudarmstadt.ukp.dkpro.core.api.segmentation.type.Token",
    "@sofa" : 5,
    "begin" : 571,
    "end" : 578,
    "order" : 0
  }, {
    "%ID" : 118,
    "%TYPE" : "de.tudarmstadt.ukp.dkpro.core.api.segmentation.type.Token",
    "@sofa" : 5,
    "begin" : 579,
    "end" : 586,
    "order" : 0
  }, {
    "%ID" : 119,
    "%TYPE" : "de.tudarmstadt.ukp.dkpro.core.api.segmentation.type.Token",
    "@sofa" : 5,
    "begin" : 587,
    "end" : 589,
    "order" : 0
  }, {
    "%ID" : 120,
    "%TYPE" : "de.tudarmstadt.ukp.dkpro.core.api.segmentation.type.Token",
    "@sofa" : 5,
    "begin" : 590,
    "end" : 597,
    "order" : 0
  }, {
    "%ID" : 121,
    "%TYPE" : "de.tudarmstadt.ukp.dkpro.core.api.segmentation.type.Token",
    "@sofa" : 5,
    "begin" : 598,
    "end" : 601,
    "order" : 0
  }, {
    "%ID" : 122,
    "%TYPE" : "de.tudarmstadt.ukp.dkpro.core.api.segmentation.type.Token",
    "@sofa" : 5,
    "begin" : 602,
    "end" : 609,
    "order" : 0
  }, {
    "%ID" : 123,
    "%TYPE" : "de.tudarmstadt.ukp.dkpro.core.api.segmentation.type.Token",
    "@sofa" : 5,
    "begin" : 610,
    "end" : 614,
    "order" : 0
  }, {
    "%ID" : 124,
    "%TYPE" : "de.tudarmstadt.ukp.dkpro.core.api.segmentation.type.Token",
    "@sofa" : 5,
    "begin" : 615,
    "end" : 618,
    "order" : 0
  }, {
    "%ID" : 125,
    "%TYPE" : "de.tudarmstadt.ukp.dkpro.core.api.segmentation.type.Token",
    "@sofa" : 5,
    "begin" : 619,
    "end" : 625,
    "order" : 0
  }, {
    "%ID" : 126,
    "%TYPE" : "de.tudarmstadt.ukp.dkpro.core.api.segmentation.type.Token",
    "@sofa" : 5,
    "begin" : 626,
    "end" : 628,
    "order" : 0
  }, {
    "%ID" : 127,
    "%TYPE" : "de.tudarmstadt.ukp.dkpro.core.api.segmentation.type.Token",
    "@sofa" : 5,
    "begin" : 629,
    "end" : 632,
    "order" : 0
  }, {
    "%ID" : 128,
    "%TYPE" : "de.tudarmstadt.ukp.dkpro.core.api.segmentation.type.Token",
    "@sofa" : 5,
    "begin" : 633,
    "end" : 635,
    "order" : 0
  }, {
    "%ID" : 129,
    "%TYPE" : "de.tudarmstadt.ukp.dkpro.core.api.segmentation.type.Token",
    "@sofa" : 5,
    "begin" : 636,
    "end" : 641,
    "order" : 0
  }, {
    "%ID" : 130,
    "%TYPE" : "de.tudarmstadt.ukp.dkpro.core.api.segmentation.type.Token",
    "@sofa" : 5,
    "begin" : 642,
    "end" : 649,
    "order" : 0
  }, {
    "%ID" : 131,
    "%TYPE" : "de.tudarmstadt.ukp.dkpro.core.api.segmentation.type.Token",
    "@sofa" : 5,
    "begin" : 650,
    "end" : 653,
    "order" : 0
  }, {
    "%ID" : 132,
    "%TYPE" : "de.tudarmstadt.ukp.dkpro.core.api.segmentation.type.Token",
    "@sofa" : 5,
    "begin" : 654,
    "end" : 665,
    "order" : 0
  }, {
    "%ID" : 133,
    "%TYPE" : "de.tudarmstadt.ukp.dkpro.core.api.segmentation.type.Token",
    "@sofa" : 5,
    "begin" : 666,
    "end" : 675,
    "order" : 0
  }, {
    "%ID" : 134,
    "%TYPE" : "de.tudarmstadt.ukp.dkpro.core.api.segmentation.type.Token",
    "@sofa" : 5,
    "begin" : 676,
    "end" : 678,
    "order" : 0
  }, {
    "%ID" : 135,
    "%TYPE" : "de.tudarmstadt.ukp.dkpro.core.api.segmentation.type.Token",
    "@sofa" : 5,
    "begin" : 679,
    "end" : 688,
    "order" : 0
  }, {
    "%ID" : 136,
    "%TYPE" : "de.tudarmstadt.ukp.dkpro.core.api.segmentation.type.Token",
    "@sofa" : 5,
    "begin" : 689,
    "end" : 701,
    "order" : 0
  }, {
    "%ID" : 137,
    "%TYPE" : "de.tudarmstadt.ukp.dkpro.core.api.segmentation.type.Token",
    "@sofa" : 5,
    "begin" : 702,
    "end" : 704,
    "order" : 0
  }, {
    "%ID" : 138,
    "%TYPE" : "de.tudarmstadt.ukp.dkpro.core.api.segmentation.type.Token",
    "@sofa" : 5,
    "begin" : 705,
    "end" : 712,
    "order" : 0
  }, {
    "%ID" : 139,
    "%TYPE" : "de.tudarmstadt.ukp.dkpro.core.api.segmentation.type.Token",
    "@sofa" : 5,
    "begin" : 712,
    "end" : 713,
    "order" : 0
  }, {
    "%ID" : 140,
    "%TYPE" : "de.tudarmstadt.ukp.dkpro.core.api.segmentation.type.Token",
    "@sofa" : 5,
    "begin" : 715,
    "end" : 718,
    "order" : 0
  }, {
    "%ID" : 141,
    "%TYPE" : "de.tudarmstadt.ukp.dkpro.core.api.segmentation.type.Token",
    "@sofa" : 5,
    "begin" : 719,
    "end" : 726,
    "order" : 0
  }, {
    "%ID" : 142,
    "%TYPE" : "de.tudarmstadt.ukp.dkpro.core.api.segmentation.type.Token",
    "@sofa" : 5,
    "begin" : 727,
    "end" : 729,
    "order" : 0
  }, {
    "%ID" : 143,
    "%TYPE" : "de.tudarmstadt.ukp.dkpro.core.api.segmentation.type.Token",
    "@sofa" : 5,
    "begin" : 730,
    "end" : 731,
    "order" : 0
  }, {
    "%ID" : 144,
    "%TYPE" : "de.tudarmstadt.ukp.dkpro.core.api.segmentation.type.Token",
    "@sofa" : 5,
    "begin" : 732,
    "end" : 742,
    "order" : 0
  }, {
    "%ID" : 145,
    "%TYPE" : "de.tudarmstadt.ukp.dkpro.core.api.segmentation.type.Token",
    "@sofa" : 5,
    "begin" : 743,
    "end" : 745,
    "order" : 0
  }, {
    "%ID" : 146,
    "%TYPE" : "de.tudarmstadt.ukp.dkpro.core.api.segmentation.type.Token",
    "@sofa" : 5,
    "begin" : 746,
    "end" : 749,
    "order" : 0
  }, {
    "%ID" : 147,
    "%TYPE" : "de.tudarmstadt.ukp.dkpro.core.api.segmentation.type.Token",
    "@sofa" : 5,
    "begin" : 750,
    "end" : 756,
    "order" : 0
  }, {
    "%ID" : 148,
    "%TYPE" : "de.tudarmstadt.ukp.dkpro.core.api.segmentation.type.Token",
    "@sofa" : 5,
    "begin" : 757,
    "end" : 759,
    "order" : 0
  }, {
    "%ID" : 149,
    "%TYPE" : "de.tudarmstadt.ukp.dkpro.core.api.segmentation.type.Token",
    "@sofa" : 5,
    "begin" : 760,
    "end" : 766,
    "order" : 0
  }, {
    "%ID" : 150,
    "%TYPE" : "de.tudarmstadt.ukp.dkpro.core.api.segmentation.type.Token",
    "@sofa" : 5,
    "begin" : 767,
    "end" : 769,
    "order" : 0
  }, {
    "%ID" : 151,
    "%TYPE" : "de.tudarmstadt.ukp.dkpro.core.api.segmentation.type.Token",
    "@sofa" : 5,
    "begin" : 770,
    "end" : 782,
    "order" : 0
  }, {
    "%ID" : 152,
    "%TYPE" : "de.tudarmstadt.ukp.dkpro.core.api.segmentation.type.Token",
    "@sofa" : 5,
    "begin" : 783,
    "end" : 787,
    "order" : 0
  }, {
    "%ID" : 153,
    "%TYPE" : "de.tudarmstadt.ukp.dkpro.core.api.segmentation.type.Token",
    "@sofa" : 5,
    "begin" : 788,
    "end" : 791,
    "order" : 0
  }, {
    "%ID" : 154,
    "%TYPE" : "de.tudarmstadt.ukp.dkpro.core.api.segmentation.type.Token",
    "@sofa" : 5,
    "begin" : 792,
    "end" : 804,
    "order" : 0
  }, {
    "%ID" : 155,
    "%TYPE" : "de.tudarmstadt.ukp.dkpro.core.api.segmentation.type.Token",
    "@sofa" : 5,
    "begin" : 805,
    "end" : 807,
    "order" : 0
  }, {
    "%ID" : 156,
    "%TYPE" : "de.tudarmstadt.ukp.dkpro.core.api.segmentation.type.Token",
    "@sofa" : 5,
    "begin" : 808,
    "end" : 815,
    "order" : 0
  }, {
    "%ID" : 157,
    "%TYPE" : "de.tudarmstadt.ukp.dkpro.core.api.segmentation.type.Token",
    "@sofa" : 5,
    "begin" : 815,
    "end" : 816,
    "order" : 0
  }, {
    "%ID" : 158,
    "%TYPE" : "de.tudarmstadt.ukp.dkpro.core.api.segmentation.type.Token",
    "@sofa" : 5,
    "begin" : 817,
    "end" : 818,
    "order" : 0
  }, {
    "%ID" : 159,
    "%TYPE" : "de.tudarmstadt.ukp.dkpro.core.api.segmentation.type.Token",
    "@sofa" : 5,
    "begin" : 819,
    "end" : 826,
    "order" : 0
  }, {
    "%ID" : 160,
    "%TYPE" : "de.tudarmstadt.ukp.dkpro.core.api.segmentation.type.Token",
    "@sofa" : 5,
    "begin" : 827,
    "end" : 832,
    "order" : 0
  }, {
    "%ID" : 161,
    "%TYPE" : "de.tudarmstadt.ukp.dkpro.core.api.segmentation.type.Token",
    "@sofa" : 5,
    "begin" : 833,
    "end" : 835,
    "order" : 0
  }, {
    "%ID" : 162,
    "%TYPE" : "de.tudarmstadt.ukp.dkpro.core.api.segmentation.type.Token",
    "@sofa" : 5,
    "begin" : 836,
    "end" : 841,
    "order" : 0
  }, {
    "%ID" : 163,
    "%TYPE" : "de.tudarmstadt.ukp.dkpro.core.api.segmentation.type.Token",
    "@sofa" : 5,
    "begin" : 842,
    "end" : 848,
    "order" : 0
  }, {
    "%ID" : 164,
    "%TYPE" : "de.tudarmstadt.ukp.dkpro.core.api.segmentation.type.Token",
    "@sofa" : 5,
    "begin" : 849,
    "end" : 851,
    "order" : 0
  }, {
    "%ID" : 165,
    "%TYPE" : "de.tudarmstadt.ukp.dkpro.core.api.segmentation.type.Token",
    "@sofa" : 5,
    "begin" : 852,
    "end" : 854,
    "order" : 0
  }, {
    "%ID" : 166,
    "%TYPE" : "de.tudarmstadt.ukp.dkpro.core.api.segmentation.type.Token",
    "@sofa" : 5,
    "begin" : 855,
    "end" : 863,
    "order" : 0
  }, {
    "%ID" : 167,
    "%TYPE" : "de.tudarmstadt.ukp.dkpro.core.api.segmentation.type.Token",
    "@sofa" : 5,
    "begin" : 864,
    "end" : 868,
    "order" : 0
  }, {
    "%ID" : 168,
    "%TYPE" : "de.tudarmstadt.ukp.dkpro.core.api.segmentation.type.Token",
    "@sofa" : 5,
    "begin" : 868,
    "end" : 869,
    "order" : 0
  }, {
    "%ID" : 169,
    "%TYPE" : "de.tudarmstadt.ukp.dkpro.core.api.segmentation.type.Token",
    "@sofa" : 5,
    "begin" : 870,
    "end" : 872,
    "order" : 0
  }, {
    "%ID" : 170,
    "%TYPE" : "de.tudarmstadt.ukp.dkpro.core.api.segmentation.type.Token",
    "@sofa" : 5,
    "begin" : 873,
    "end" : 875,
    "order" : 0
  }, {
    "%ID" : 171,
    "%TYPE" : "de.tudarmstadt.ukp.dkpro.core.api.segmentation.type.Token",
    "@sofa" : 5,
    "begin" : 876,
    "end" : 885,
    "order" : 0
  }, {
    "%ID" : 172,
    "%TYPE" : "de.tudarmstadt.ukp.dkpro.core.api.segmentation.type.Token",
    "@sofa" : 5,
    "begin" : 886,
    "end" : 897,
    "order" : 0
  }, {
    "%ID" : 173,
    "%TYPE" : "de.tudarmstadt.ukp.dkpro.core.api.segmentation.type.Token",
    "@sofa" : 5,
    "begin" : 898,
    "end" : 902,
    "order" : 0
  }, {
    "%ID" : 174,
    "%TYPE" : "de.tudarmstadt.ukp.dkpro.core.api.segmentation.type.Token",
    "@sofa" : 5,
    "begin" : 903,
    "end" : 906,
    "order" : 0
  }, {
    "%ID" : 175,
    "%TYPE" : "de.tudarmstadt.ukp.dkpro.core.api.segmentation.type.Token",
    "@sofa" : 5,
    "begin" : 907,
    "end" : 911,
    "order" : 0
  }, {
    "%ID" : 176,
    "%TYPE" : "de.tudarmstadt.ukp.dkpro.core.api.segmentation.type.Token",
    "@sofa" : 5,
    "begin" : 912,
    "end" : 914,
    "order" : 0
  }, {
    "%ID" : 177,
    "%TYPE" : "de.tudarmstadt.ukp.dkpro.core.api.segmentation.type.Token",
    "@sofa" : 5,
    "begin" : 915,
    "end" : 918,
    "order" : 0
  }, {
    "%ID" : 178,
    "%TYPE" : "de.tudarmstadt.ukp.dkpro.core.api.segmentation.type.Token",
    "@sofa" : 5,
    "begin" : 919,
    "end" : 921,
    "order" : 0
  }, {
    "%ID" : 179,
    "%TYPE" : "de.tudarmstadt.ukp.dkpro.core.api.segmentation.type.Token",
    "@sofa" : 5,
    "begin" : 922,
    "end" : 930,
    "order" : 0
  }, {
    "%ID" : 180,
    "%TYPE" : "de.tudarmstadt.ukp.dkpro.core.api.segmentation.type.Token",
    "@sofa" : 5,
    "begin" : 931,
    "end" : 933,
    "order" : 0
  }, {
    "%ID" : 181,
    "%TYPE" : "de.tudarmstadt.ukp.dkpro.core.api.segmentation.type.Token",
    "@sofa" : 5,
    "begin" : 934,
    "end" : 941,
    "order" : 0
  }, {
    "%ID" : 182,
    "%TYPE" : "de.tudarmstadt.ukp.dkpro.core.api.segmentation.type.Token",
    "@sofa" : 5,
    "begin" : 942,
    "end" : 952,
    "order" : 0
  }, {
    "%ID" : 183,
    "%TYPE" : "de.tudarmstadt.ukp.dkpro.core.api.segmentation.type.Token",
    "@sofa" : 5,
    "begin" : 953,
    "end" : 956,
    "order" : 0
  }, {
    "%ID" : 184,
    "%TYPE" : "de.tudarmstadt.ukp.dkpro.core.api.segmentation.type.Token",
    "@sofa" : 5,
    "begin" : 957,
    "end" : 972,
    "order" : 0
  }, {
    "%ID" : 185,
    "%TYPE" : "de.tudarmstadt.ukp.dkpro.core.api.segmentation.type.Token",
    "@sofa" : 5,
    "begin" : 972,
    "end" : 973,
    "order" : 0
  }, {
    "%ID" : 186,
    "%TYPE" : "de.tudarmstadt.ukp.dkpro.core.api.segmentation.type.Token",
    "@sofa" : 5,
    "begin" : 975,
    "end" : 977,
    "order" : 0
  }, {
    "%ID" : 187,
    "%TYPE" : "de.tudarmstadt.ukp.dkpro.core.api.segmentation.type.Token",
    "@sofa" : 5,
    "begin" : 978,
    "end" : 980,
    "order" : 0
  }, {
    "%ID" : 188,
    "%TYPE" : "de.tudarmstadt.ukp.dkpro.core.api.segmentation.type.Token",
    "@sofa" : 5,
    "begin" : 981,
    "end" : 984,
    "order" : 0
  }, {
    "%ID" : 189,
    "%TYPE" : "de.tudarmstadt.ukp.dkpro.core.api.segmentation.type.Token",
    "@sofa" : 5,
    "begin" : 985,
    "end" : 988,
    "order" : 0
  }, {
    "%ID" : 190,
    "%TYPE" : "de.tudarmstadt.ukp.dkpro.core.api.segmentation.type.Token",
    "@sofa" : 5,
    "begin" : 989,
    "end" : 995,
    "order" : 0
  }, {
    "%ID" : 191,
    "%TYPE" : "de.tudarmstadt.ukp.dkpro.core.api.segmentation.type.Token",
    "@sofa" : 5,
    "begin" : 996,
    "end" : 998,
    "order" : 0
  }, {
    "%ID" : 192,
    "%TYPE" : "de.tudarmstadt.ukp.dkpro.core.api.segmentation.type.Token",
    "@sofa" : 5,
    "begin" : 999,
    "end" : 1006,
    "order" : 0
  }, {
    "%ID" : 193,
    "%TYPE" : "de.tudarmstadt.ukp.dkpro.core.api.segmentation.type.Token",
    "@sofa" : 5,
    "begin" : 1007,
    "end" : 1012,
    "order" : 0
  }, {
    "%ID" : 194,
    "%TYPE" : "de.tudarmstadt.ukp.dkpro.core.api.segmentation.type.Token",
    "@sofa" : 5,
    "begin" : 1013,
    "end" : 1015,
    "order" : 0
  }, {
    "%ID" : 195,
    "%TYPE" : "de.tudarmstadt.ukp.dkpro.core.api.segmentation.type.Token",
    "@sofa" : 5,
    "begin" : 1016,
    "end" : 1025,
    "order" : 0
  }, {
    "%ID" : 196,
    "%TYPE" : "de.tudarmstadt.ukp.dkpro.core.api.segmentation.type.Token",
    "@sofa" : 5,
    "begin" : 1026,
    "end" : 1031,
    "order" : 0
  }, {
    "%ID" : 197,
    "%TYPE" : "de.tudarmstadt.ukp.dkpro.core.api.segmentation.type.Token",
    "@sofa" : 5,
    "begin" : 1032,
    "end" : 1038,
    "order" : 0
  }, {
    "%ID" : 198,
    "%TYPE" : "de.tudarmstadt.ukp.dkpro.core.api.segmentation.type.Token",
    "@sofa" : 5,
    "begin" : 1039,
    "end" : 1041,
    "order" : 0
  }, {
    "%ID" : 199,
    "%TYPE" : "de.tudarmstadt.ukp.dkpro.core.api.segmentation.type.Token",
    "@sofa" : 5,
    "begin" : 1042,
    "end" : 1043,
    "order" : 0
  }, {
    "%ID" : 200,
    "%TYPE" : "de.tudarmstadt.ukp.dkpro.core.api.segmentation.type.Token",
    "@sofa" : 5,
    "begin" : 1044,
    "end" : 1054,
    "order" : 0
  }, {
    "%ID" : 201,
    "%TYPE" : "de.tudarmstadt.ukp.dkpro.core.api.segmentation.type.Token",
    "@sofa" : 5,
    "begin" : 1055,
    "end" : 1058,
    "order" : 0
  }, {
    "%ID" : 202,
    "%TYPE" : "de.tudarmstadt.ukp.dkpro.core.api.segmentation.type.Token",
    "@sofa" : 5,
    "begin" : 1059,
    "end" : 1068,
    "order" : 0
  }, {
    "%ID" : 203,
    "%TYPE" : "de.tudarmstadt.ukp.dkpro.core.api.segmentation.type.Token",
    "@sofa" : 5,
    "begin" : 1069,
    "end" : 1076,
    "order" : 0
  }, {
    "%ID" : 204,
    "%TYPE" : "de.tudarmstadt.ukp.dkpro.core.api.segmentation.type.Token",
    "@sofa" : 5,
    "begin" : 1077,
    "end" : 1081,
    "order" : 0
  }, {
    "%ID" : 205,
    "%TYPE" : "de.tudarmstadt.ukp.dkpro.core.api.segmentation.type.Token",
    "@sofa" : 5,
    "begin" : 1082,
    "end" : 1092,
    "order" : 0
  }, {
    "%ID" : 206,
    "%TYPE" : "de.tudarmstadt.ukp.dkpro.core.api.segmentation.type.Token",
    "@sofa" : 5,
    "begin" : 1093,
    "end" : 1096,
    "order" : 0
  }, {
    "%ID" : 207,
    "%TYPE" : "de.tudarmstadt.ukp.dkpro.core.api.segmentation.type.Token",
    "@sofa" : 5,
    "begin" : 1097,
    "end" : 1101,
    "order" : 0
  }, {
    "%ID" : 208,
    "%TYPE" : "de.tudarmstadt.ukp.dkpro.core.api.segmentation.type.Token",
    "@sofa" : 5,
    "begin" : 1102,
    "end" : 1104,
    "order" : 0
  }, {
    "%ID" : 209,
    "%TYPE" : "de.tudarmstadt.ukp.dkpro.core.api.segmentation.type.Token",
    "@sofa" : 5,
    "begin" : 1105,
    "end" : 1108,
    "order" : 0
  }, {
    "%ID" : 210,
    "%TYPE" : "de.tudarmstadt.ukp.dkpro.core.api.segmentation.type.Token",
    "@sofa" : 5,
    "begin" : 1108,
    "end" : 1109,
    "order" : 0
  }, {
    "%ID" : 211,
    "%TYPE" : "de.tudarmstadt.ukp.dkpro.core.api.segmentation.type.Token",
    "@sofa" : 5,
    "begin" : 1110,
    "end" : 1115,
    "order" : 0
  }, {
    "%ID" : 212,
    "%TYPE" : "de.tudarmstadt.ukp.dkpro.core.api.segmentation.type.Token",
    "@sofa" : 5,
    "begin" : 1116,
    "end" : 1122,
    "order" : 0
  }, {
    "%ID" : 213,
    "%TYPE" : "de.tudarmstadt.ukp.dkpro.core.api.segmentation.type.Token",
    "@sofa" : 5,
    "begin" : 1122,
    "end" : 1123,
    "order" : 0
  }, {
    "%ID" : 214,
    "%TYPE" : "de.tudarmstadt.ukp.dkpro.core.api.segmentation.type.Token",
    "@sofa" : 5,
    "begin" : 1124,
    "end" : 1135,
    "order" : 0
  }, {
    "%ID" : 215,
    "%TYPE" : "de.tudarmstadt.ukp.dkpro.core.api.segmentation.type.Token",
    "@sofa" : 5,
    "begin" : 1136,
    "end" : 1144,
    "order" : 0
  }, {
    "%ID" : 216,
    "%TYPE" : "de.tudarmstadt.ukp.dkpro.core.api.segmentation.type.Token",
    "@sofa" : 5,
    "begin" : 1145,
    "end" : 1148,
    "order" : 0
  }, {
    "%ID" : 217,
    "%TYPE" : "de.tudarmstadt.ukp.dkpro.core.api.segmentation.type.Token",
    "@sofa" : 5,
    "begin" : 1149,
    "end" : 1156,
    "order" : 0
  }, {
    "%ID" : 218,
    "%TYPE" : "de.tudarmstadt.ukp.dkpro.core.api.segmentation.type.Token",
    "@sofa" : 5,
    "begin" : 1157,
    "end" : 1160,
    "order" : 0
  }, {
    "%ID" : 219,
    "%TYPE" : "de.tudarmstadt.ukp.dkpro.core.api.segmentation.type.Token",
    "@sofa" : 5,
    "begin" : 1161,
    "end" : 1164,
    "order" : 0
  }, {
    "%ID" : 220,
    "%TYPE" : "de.tudarmstadt.ukp.dkpro.core.api.segmentation.type.Token",
    "@sofa" : 5,
    "begin" : 1165,
    "end" : 1171,
    "order" : 0
  }, {
    "%ID" : 221,
    "%TYPE" : "de.tudarmstadt.ukp.dkpro.core.api.segmentation.type.Token",
    "@sofa" : 5,
    "begin" : 1172,
    "end" : 1174,
    "order" : 0
  }, {
    "%ID" : 222,
    "%TYPE" : "de.tudarmstadt.ukp.dkpro.core.api.segmentation.type.Token",
    "@sofa" : 5,
    "begin" : 1175,
    "end" : 1185,
    "order" : 0
  }, {
    "%ID" : 223,
    "%TYPE" : "de.tudarmstadt.ukp.dkpro.core.api.segmentation.type.Token",
    "@sofa" : 5,
    "begin" : 1185,
    "end" : 1186,
    "order" : 0
  }, {
    "%ID" : 224,
    "%TYPE" : "de.tudarmstadt.ukp.dkpro.core.api.segmentation.type.Token",
    "@sofa" : 5,
    "begin" : 1187,
    "end" : 1190,
    "order" : 0
  }, {
    "%ID" : 225,
    "%TYPE" : "de.tudarmstadt.ukp.dkpro.core.api.segmentation.type.Token",
    "@sofa" : 5,
    "begin" : 1191,
    "end" : 1197,
    "order" : 0
  }, {
    "%ID" : 226,
    "%TYPE" : "de.tudarmstadt.ukp.dkpro.core.api.segmentation.type.Token",
    "@sofa" : 5,
    "begin" : 1198,
    "end" : 1202,
    "order" : 0
  }, {
    "%ID" : 227,
    "%TYPE" : "de.tudarmstadt.ukp.dkpro.core.api.segmentation.type.Token",
    "@sofa" : 5,
    "begin" : 1203,
    "end" : 1205,
    "order" : 0
  }, {
    "%ID" : 228,
    "%TYPE" : "de.tudarmstadt.ukp.dkpro.core.api.segmentation.type.Token",
    "@sofa" : 5,
    "begin" : 1206,
    "end" : 1214,
    "order" : 0
  }, {
    "%ID" : 229,
    "%TYPE" : "de.tudarmstadt.ukp.dkpro.core.api.segmentation.type.Token",
    "@sofa" : 5,
    "begin" : 1215,
    "end" : 1225,
    "order" : 0
  }, {
    "%ID" : 230,
    "%TYPE" : "de.tudarmstadt.ukp.dkpro.core.api.segmentation.type.Token",
    "@sofa" : 5,
    "begin" : 1226,
    "end" : 1229,
    "order" : 0
  }, {
    "%ID" : 231,
    "%TYPE" : "de.tudarmstadt.ukp.dkpro.core.api.segmentation.type.Token",
    "@sofa" : 5,
    "begin" : 1230,
    "end" : 1237,
    "order" : 0
  }, {
    "%ID" : 232,
    "%TYPE" : "de.tudarmstadt.ukp.dkpro.core.api.segmentation.type.Token",
    "@sofa" : 5,
    "begin" : 1238,
    "end" : 1246,
    "order" : 0
  }, {
    "%ID" : 233,
    "%TYPE" : "de.tudarmstadt.ukp.dkpro.core.api.segmentation.type.Token",
    "@sofa" : 5,
    "begin" : 1246,
    "end" : 1247,
    "order" : 0
  }, {
    "%ID" : 234,
    "%TYPE" : "de.tudarmstadt.ukp.dkpro.core.api.segmentation.type.Token",
    "@sofa" : 5,
    "begin" : 1248,
    "end" : 1250,
    "order" : 0
  }, {
    "%ID" : 235,
    "%TYPE" : "de.tudarmstadt.ukp.dkpro.core.api.segmentation.type.Token",
    "@sofa" : 5,
    "begin" : 1251,
    "end" : 1261,
    "order" : 0
  }, {
    "%ID" : 236,
    "%TYPE" : "de.tudarmstadt.ukp.dkpro.core.api.segmentation.type.Token",
    "@sofa" : 5,
    "begin" : 1262,
    "end" : 1266,
    "order" : 0
  }, {
    "%ID" : 237,
    "%TYPE" : "de.tudarmstadt.ukp.dkpro.core.api.segmentation.type.Token",
    "@sofa" : 5,
    "begin" : 1267,
    "end" : 1270,
    "order" : 0
  }, {
    "%ID" : 238,
    "%TYPE" : "de.tudarmstadt.ukp.dkpro.core.api.segmentation.type.Token",
    "@sofa" : 5,
    "begin" : 1271,
    "end" : 1276,
    "order" : 0
  }, {
    "%ID" : 239,
    "%TYPE" : "de.tudarmstadt.ukp.dkpro.core.api.segmentation.type.Token",
    "@sofa" : 5,
    "begin" : 1277,
    "end" : 1279,
    "order" : 0
  }, {
    "%ID" : 240,
    "%TYPE" : "de.tudarmstadt.ukp.dkpro.core.api.segmentation.type.Token",
    "@sofa" : 5,
    "begin" : 1280,
    "end" : 1293,
    "order" : 0
  }, {
    "%ID" : 241,
    "%TYPE" : "de.tudarmstadt.ukp.dkpro.core.api.segmentation.type.Token",
    "@sofa" : 5,
    "begin" : 1294,
    "end" : 1297,
    "order" : 0
  }, {
    "%ID" : 242,
    "%TYPE" : "de.tudarmstadt.ukp.dkpro.core.api.segmentation.type.Token",
    "@sofa" : 5,
    "begin" : 1297,
    "end" : 1298,
    "order" : 0
  }, {
    "%ID" : 243,
    "%TYPE" : "de.tudarmstadt.ukp.dkpro.core.api.segmentation.type.Token",
    "@sofa" : 5,
    "begin" : 1300,
    "end" : 1305,
    "order" : 0
  }, {
    "%ID" : 244,
    "%TYPE" : "de.tudarmstadt.ukp.dkpro.core.api.segmentation.type.Token",
    "@sofa" : 5,
    "begin" : 1306,
    "end" : 1313,
    "order" : 0
  }, {
    "%ID" : 245,
    "%TYPE" : "de.tudarmstadt.ukp.dkpro.core.api.segmentation.type.Token",
    "@sofa" : 5,
    "begin" : 1314,
    "end" : 1318,
    "order" : 0
  }, {
    "%ID" : 246,
    "%TYPE" : "de.tudarmstadt.ukp.dkpro.core.api.segmentation.type.Token",
    "@sofa" : 5,
    "begin" : 1319,
    "end" : 1322,
    "order" : 0
  }, {
    "%ID" : 247,
    "%TYPE" : "de.tudarmstadt.ukp.dkpro.core.api.segmentation.type.Token",
    "@sofa" : 5,
    "begin" : 1323,
    "end" : 1329,
    "order" : 0
  }, {
    "%ID" : 248,
    "%TYPE" : "de.tudarmstadt.ukp.dkpro.core.api.segmentation.type.Token",
    "@sofa" : 5,
    "begin" : 1330,
    "end" : 1337,
    "order" : 0
  }, {
    "%ID" : 249,
    "%TYPE" : "de.tudarmstadt.ukp.dkpro.core.api.segmentation.type.Token",
    "@sofa" : 5,
    "begin" : 1338,
    "end" : 1343,
    "order" : 0
  }, {
    "%ID" : 250,
    "%TYPE" : "de.tudarmstadt.ukp.dkpro.core.api.segmentation.type.Token",
    "@sofa" : 5,
    "begin" : 1344,
    "end" : 1348,
    "order" : 0
  }, {
    "%ID" : 251,
    "%TYPE" : "de.tudarmstadt.ukp.dkpro.core.api.segmentation.type.Token",
    "@sofa" : 5,
    "begin" : 1349,
    "end" : 1352,
    "order" : 0
  }, {
    "%ID" : 252,
    "%TYPE" : "de.tudarmstadt.ukp.dkpro.core.api.segmentation.type.Token",
    "@sofa" : 5,
    "begin" : 1353,
    "end" : 1356,
    "order" : 0
  }, {
    "%ID" : 253,
    "%TYPE" : "de.tudarmstadt.ukp.dkpro.core.api.segmentation.type.Token",
    "@sofa" : 5,
    "begin" : 1357,
    "end" : 1364,
    "order" : 0
  }, {
    "%ID" : 254,
    "%TYPE" : "de.tudarmstadt.ukp.dkpro.core.api.segmentation.type.Token",
    "@sofa" : 5,
    "begin" : 1365,
    "end" : 1379,
    "order" : 0
  }, {
    "%ID" : 255,
    "%TYPE" : "de.tudarmstadt.ukp.dkpro.core.api.segmentation.type.Token",
    "@sofa" : 5,
    "begin" : 1380,
    "end" : 1383,
    "order" : 0
  }, {
    "%ID" : 256,
    "%TYPE" : "de.tudarmstadt.ukp.dkpro.core.api.segmentation.type.Token",
    "@sofa" : 5,
    "begin" : 1384,
    "end" : 1387,
    "order" : 0
  }, {
    "%ID" : 257,
    "%TYPE" : "de.tudarmstadt.ukp.dkpro.core.api.segmentation.type.Token",
    "@sofa" : 5,
    "begin" : 1388,
    "end" : 1400,
    "order" : 0
  }, {
    "%ID" : 258,
    "%TYPE" : "de.tudarmstadt.ukp.dkpro.core.api.segmentation.type.Token",
    "@sofa" : 5,
    "begin" : 1401,
    "end" : 1403,
    "order" : 0
  }, {
    "%ID" : 259,
    "%TYPE" : "de.tudarmstadt.ukp.dkpro.core.api.segmentation.type.Token",
    "@sofa" : 5,
    "begin" : 1404,
    "end" : 1417,
    "order" : 0
  }, {
    "%ID" : 260,
    "%TYPE" : "de.tudarmstadt.ukp.dkpro.core.api.segmentation.type.Token",
    "@sofa" : 5,
    "begin" : 1418,
    "end" : 1423,
    "order" : 0
  }, {
    "%ID" : 261,
    "%TYPE" : "de.tudarmstadt.ukp.dkpro.core.api.segmentation.type.Token",
    "@sofa" : 5,
    "begin" : 1424,
    "end" : 1427,
    "order" : 0
  }, {
    "%ID" : 262,
    "%TYPE" : "de.tudarmstadt.ukp.dkpro.core.api.segmentation.type.Token",
    "@sofa" : 5,
    "begin" : 1428,
    "end" : 1436,
    "order" : 0
  }, {
    "%ID" : 263,
    "%TYPE" : "de.tudarmstadt.ukp.dkpro.core.api.segmentation.type.Token",
    "@sofa" : 5,
    "begin" : 1437,
    "end" : 1440,
    "order" : 0
  }, {
    "%ID" : 264,
    "%TYPE" : "de.tudarmstadt.ukp.dkpro.core.api.segmentation.type.Token",
    "@sofa" : 5,
    "begin" : 1441,
    "end" : 1444,
    "order" : 0
  }, {
    "%ID" : 265,
    "%TYPE" : "de.tudarmstadt.ukp.dkpro.core.api.segmentation.type.Token",
    "@sofa" : 5,
    "begin" : 1445,
    "end" : 1449,
    "order" : 0
  }, {
    "%ID" : 266,
    "%TYPE" : "de.tudarmstadt.ukp.dkpro.core.api.segmentation.type.Token",
    "@sofa" : 5,
    "begin" : 1450,
    "end" : 1454,
    "order" : 0
  }, {
    "%ID" : 267,
    "%TYPE" : "de.tudarmstadt.ukp.dkpro.core.api.segmentation.type.Token",
    "@sofa" : 5,
    "begin" : 1455,
    "end" : 1457,
    "order" : 0
  }, {
    "%ID" : 268,
    "%TYPE" : "de.tudarmstadt.ukp.dkpro.core.api.segmentation.type.Token",
    "@sofa" : 5,
    "begin" : 1458,
    "end" : 1463,
    "order" : 0
  }, {
    "%ID" : 269,
    "%TYPE" : "de.tudarmstadt.ukp.dkpro.core.api.segmentation.type.Token",
    "@sofa" : 5,
    "begin" : 1464,
    "end" : 1465,
    "order" : 0
  }, {
    "%ID" : 270,
    "%TYPE" : "de.tudarmstadt.ukp.dkpro.core.api.segmentation.type.Token",
    "@sofa" : 5,
    "begin" : 1466,
    "end" : 1471,
    "order" : 0
  }, {
    "%ID" : 271,
    "%TYPE" : "de.tudarmstadt.ukp.dkpro.core.api.segmentation.type.Token",
    "@sofa" : 5,
    "begin" : 1472,
    "end" : 1482,
    "order" : 0
  }, {
    "%ID" : 272,
    "%TYPE" : "de.tudarmstadt.ukp.dkpro.core.api.segmentation.type.Token",
    "@sofa" : 5,
    "begin" : 1482,
    "end" : 1483,
    "order" : 0
  }, {
    "%ID" : 273,
    "%TYPE" : "de.tudarmstadt.ukp.dkpro.core.api.segmentation.type.Token",
    "@sofa" : 5,
    "begin" : 1484,
    "end" : 1489,
    "order" : 0
  }, {
    "%ID" : 274,
    "%TYPE" : "de.tudarmstadt.ukp.dkpro.core.api.segmentation.type.Token",
    "@sofa" : 5,
    "begin" : 1489,
    "end" : 1490,
    "order" : 0
  }, {
    "%ID" : 275,
    "%TYPE" : "de.tudarmstadt.ukp.dkpro.core.api.segmentation.type.Token",
    "@sofa" : 5,
    "begin" : 1491,
    "end" : 1496,
    "order" : 0
  }, {
    "%ID" : 276,
    "%TYPE" : "de.tudarmstadt.ukp.dkpro.core.api.segmentation.type.Token",
    "@sofa" : 5,
    "begin" : 1497,
    "end" : 1499,
    "order" : 0
  }, {
    "%ID" : 277,
    "%TYPE" : "de.tudarmstadt.ukp.dkpro.core.api.segmentation.type.Token",
    "@sofa" : 5,
    "begin" : 1500,
    "end" : 1503,
    "order" : 0
  }, {
    "%ID" : 278,
    "%TYPE" : "de.tudarmstadt.ukp.dkpro.core.api.segmentation.type.Token",
    "@sofa" : 5,
    "begin" : 1504,
    "end" : 1507,
    "order" : 0
  }, {
    "%ID" : 279,
    "%TYPE" : "de.tudarmstadt.ukp.dkpro.core.api.segmentation.type.Token",
    "@sofa" : 5,
    "begin" : 1508,
    "end" : 1510,
    "order" : 0
  }, {
    "%ID" : 280,
    "%TYPE" : "de.tudarmstadt.ukp.dkpro.core.api.segmentation.type.Token",
    "@sofa" : 5,
    "begin" : 1511,
    "end" : 1514,
    "order" : 0
  }, {
    "%ID" : 281,
    "%TYPE" : "de.tudarmstadt.ukp.dkpro.core.api.segmentation.type.Token",
    "@sofa" : 5,
    "begin" : 1515,
    "end" : 1519,
    "order" : 0
  }, {
    "%ID" : 282,
    "%TYPE" : "de.tudarmstadt.ukp.dkpro.core.api.segmentation.type.Token",
    "@sofa" : 5,
    "begin" : 1519,
    "end" : 1520,
    "order" : 0
  }, {
    "%ID" : 283,
    "%TYPE" : "de.tudarmstadt.ukp.dkpro.core.api.segmentation.type.Token",
    "@sofa" : 5,
    "begin" : 1521,
    "end" : 1524,
    "order" : 0
  }, {
    "%ID" : 284,
    "%TYPE" : "de.tudarmstadt.ukp.dkpro.core.api.segmentation.type.Token",
    "@sofa" : 5,
    "begin" : 1525,
    "end" : 1532,
    "order" : 0
  }, {
    "%ID" : 285,
    "%TYPE" : "de.tudarmstadt.ukp.dkpro.core.api.segmentation.type.Token",
    "@sofa" : 5,
    "begin" : 1533,
    "end" : 1536,
    "order" : 0
  }, {
    "%ID" : 286,
    "%TYPE" : "de.tudarmstadt.ukp.dkpro.core.api.segmentation.type.Token",
    "@sofa" : 5,
    "begin" : 1537,
    "end" : 1540,
    "order" : 0
  }, {
    "%ID" : 287,
    "%TYPE" : "de.tudarmstadt.ukp.dkpro.core.api.segmentation.type.Token",
    "@sofa" : 5,
    "begin" : 1541,
    "end" : 1550,
    "order" : 0
  }, {
    "%ID" : 288,
    "%TYPE" : "de.tudarmstadt.ukp.dkpro.core.api.segmentation.type.Token",
    "@sofa" : 5,
    "begin" : 1551,
    "end" : 1554,
    "order" : 0
  }, {
    "%ID" : 289,
    "%TYPE" : "de.tudarmstadt.ukp.dkpro.core.api.segmentation.type.Token",
    "@sofa" : 5,
    "begin" : 1555,
    "end" : 1565,
    "order" : 0
  }, {
    "%ID" : 290,
    "%TYPE" : "de.tudarmstadt.ukp.dkpro.core.api.segmentation.type.Token",
    "@sofa" : 5,
    "begin" : 1565,
    "end" : 1566,
    "order" : 0
  }, {
    "%ID" : 5,
    "%TYPE" : "uima.cas.Sofa",
    "sofaNum" : 1,
    "sofaID" : "_InitialView",
    "mimeType" : "text",
    "sofaString" : "The delegation of Chile voted in favour of the draft resolution (S/2014/189) because we believe that it is the appropriate response of the Council to the current crisis in Ukraine.\nGiven that situation, at stake here are fundamental principles of international law, such as abstaining from the threat or use of force and respecting the sovereignty, independence and territorial integrity of Ukraine, in accordance with the Charter of the United Nations.\n\nFor its part, the Budapest Memorandum requires that the signatory parties observe the independence, sovereignty and current borders of Ukraine and refrain from the threat or use of force against the territorial integrity or political independence of Ukraine.\n\nThe holding of a referendum on the status of Crimea is inconsistent with the Constitution of Ukraine, a unified State of which Crimea is an integral part.\nIt is therefore fundamental that the rule of law be observed in Ukraine nationally and internationally.\n\nIt is for the people of Ukraine alone to determine their future in a democratic and inclusive process that guarantees the rule of law, human rights, fundamental freedoms and respect for the rights of minorities.\nThe crisis must be resolved peacefully and through dialogue, in accordance with the norms of international law.\n\nChile regrets that the United Nations organ that has the primary responsibility for the maintainance of international peace and security has not been able to adopt a draft resolution.\nToday, owing to the use of the veto, the Council has not fulfilled its obligation.\n\n"
  }, {
    "%ID" : 291,
    "%TYPE" : "webanno.custom.AppraisalTheory",
    "@sofa" : 5,
    "begin" : 162,
    "end" : 168,
    "Attitude" : "appreciation",
    "Polarity" : "negative"
  }, {
    "%ID" : 292,
    "%TYPE" : "webanno.custom.AppraisalTheory",
    "@sofa" : 5,
    "begin" : 1191,
    "end" : 1197,
    "Attitude" : "appreciation",
    "Polarity" : "negative"
  }, {
    "%ID" : 293,
    "%TYPE" : "webanno.custom.AppraisalTheory",
    "@sofa" : 5,
    "begin" : 1300,
    "end" : 1313,
    "Attitude" : "affect",
    "Polarity" : "negative"
  }, {
    "%ID" : 294,
    "%TYPE" : "webanno.custom.AppraisalTheory",
    "@sofa" : 5,
    "begin" : 715,
    "end" : 782,
    "Attitude" : "appreciation",
    "Polarity" : "negative"
  }, {
    "%ID" : 295,
    "%TYPE" : "webanno.custom.AppraisalTheory",
    "@sofa" : 5,
    "begin" : 85,
    "end" : 95,
    "Attitude" : "affect",
    "Polarity" : "positive"
  }, {
    "%ID" : 296,
    "%TYPE" : "webanno.custom.AppraisalTheory",
    "@sofa" : 5,
    "begin" : 1533,
    "end" : 1566,
    "Attitude" : "judgement",
    "Polarity" : "negative"
  } ],
  "%VIEWS" : {
    "_InitialView" : {
      "%SOFA" : 5,
      "%MEMBERS" : [ 1, 2, 3, 4, 6, 7, 8, 9, 10, 11, 12, 13, 14, 15, 16, 17, 18, 19, 20, 21, 22, 23, 24, 25, 26, 27, 28, 29, 30, 31, 32, 33, 34, 35, 36, 37, 38, 39, 40, 41, 42, 43, 44, 45, 46, 47, 48, 49, 50, 51, 52, 53, 54, 55, 56, 57, 58, 59, 60, 61, 62, 63, 64, 65, 66, 67, 68, 69, 70, 71, 72, 73, 74, 75, 76, 77, 78, 79, 80, 81, 82, 83, 84, 85, 86, 87, 88, 89, 90, 91, 92, 93, 94, 95, 96, 97, 98, 99, 100, 101, 102, 103, 104, 105, 106, 107, 108, 109, 110, 111, 112, 113, 114, 115, 116, 117, 118, 119, 120, 121, 122, 123, 124, 125, 126, 127, 128, 129, 130, 131, 132, 133, 134, 135, 136, 137, 138, 139, 140, 141, 142, 143, 144, 145, 146, 147, 148, 149, 150, 151, 152, 153, 154, 155, 156, 157, 158, 159, 160, 161, 162, 163, 164, 165, 166, 167, 168, 169, 170, 171, 172, 173, 174, 175, 176, 177, 178, 179, 180, 181, 182, 183, 184, 185, 186, 187, 188, 189, 190, 191, 192, 193, 194, 195, 196, 197, 198, 199, 200, 201, 202, 203, 204, 205, 206, 207, 208, 209, 210, 211, 212, 213, 214, 215, 216, 217, 218, 219, 220, 221, 222, 223, 224, 225, 226, 227, 228, 229, 230, 231, 232, 233, 234, 235, 236, 237, 238, 239, 240, 241, 242, 243, 244, 245, 246, 247, 248, 249, 250, 251, 252, 253, 254, 255, 256, 257, 258, 259, 260, 261, 262, 263, 264, 265, 266, 267, 268, 269, 270, 271, 272, 273, 274, 275, 276, 277, 278, 279, 280, 281, 282, 283, 284, 285, 286, 287, 288, 289, 290, 291, 292, 293, 294, 295, 296 ]
    }
  }
}