{
  "name" : "Argumentation Scheme in UNSC Speeches",
  "slug" : null,
  "description" : "In this project, a sample of 45 UNSC speeches is annotated considering previous annotations made by Maria (premise and claim) and the 14 Argumentation Schemes from Walton et al. (2008) identified by Swain (2017) in UNSC press releases.",
  "mode" : "ANNOTATION",
  "version" : 1,
  "source_documents" : [ {
    "name" : "UNSC_2014_SPV.7154_spch002_sentsplit_UN.txt",
    "format" : "textlines",
    "state" : "ANNOTATION_IN_PROGRESS",
    "timestamp" : null,
    "created" : 1732283381632,
    "updated" : 1739026337925
  }, {
    "name" : "UNSC_2014_SPV.7154_spch004_sentsplit_Russian_Federation.txt",
    "format" : "textlines",
    "state" : "ANNOTATION_IN_PROGRESS",
    "timestamp" : null,
    "created" : 1732283382747,
    "updated" : 1738501008657
  }, {
    "name" : "UNSC_2014_SPV.7154_spch005_sentsplit_Lithuania.txt",
    "format" : "textlines",
    "state" : "ANNOTATION_FINISHED",
    "timestamp" : null,
    "created" : 1732283382878,
    "updated" : 1739179542102
  }, {
    "name" : "UNSC_2014_SPV.7154_spch006_sentsplit_United_States_Of_America.txt",
    "format" : "textlines",
    "state" : "ANNOTATION_FINISHED",
    "timestamp" : null,
    "created" : 1732283383003,
    "updated" : 1739179692093
  }, {
    "name" : "UNSC_2014_SPV.7154_spch007_sentsplit_United_Kingdom_Of_Great_Britain_And_Northern_Ireland.txt",
    "format" : "textlines",
    "state" : "ANNOTATION_FINISHED",
    "timestamp" : null,
    "created" : 1732283383052,
    "updated" : 1739179932097
  }, {
    "name" : "UNSC_2014_SPV.7154_spch008_sentsplit_France.txt",
    "format" : "textlines",
    "state" : "ANNOTATION_FINISHED",
    "timestamp" : null,
    "created" : 1732283383136,
    "updated" : 1739180172097
  }, {
    "name" : "UNSC_2014_SPV.7154_spch009_sentsplit_Rwanda.txt",
    "format" : "textlines",
    "state" : "ANNOTATION_FINISHED",
    "timestamp" : null,
    "created" : 1732283383205,
    "updated" : 1739180332093
  }, {
    "name" : "UNSC_2014_SPV.7154_spch011_sentsplit_Australia.txt",
    "format" : "textlines",
    "state" : "ANNOTATION_FINISHED",
    "timestamp" : null,
    "created" : 1732283383272,
    "updated" : 1739180617109
  }, {
    "name" : "UNSC_2014_SPV.7154_spch012_sentsplit_China.txt",
    "format" : "textlines",
    "state" : "ANNOTATION_FINISHED",
    "timestamp" : null,
    "created" : 1732283383351,
    "updated" : 1739180642094
  }, {
    "name" : "UNSC_2014_SPV.7154_spch013_sentsplit_Argentina.txt",
    "format" : "textlines",
    "state" : "ANNOTATION_FINISHED",
    "timestamp" : null,
    "created" : 1732283383395,
    "updated" : 1739180687094
  }, {
    "name" : "UNSC_2014_SPV.7154_spch014_sentsplit_Republic_Of_Korea.txt",
    "format" : "textlines",
    "state" : "ANNOTATION_IN_PROGRESS",
    "timestamp" : null,
    "created" : 1732283383431,
    "updated" : 1739180692095
  }, {
    "name" : "UNSC_2014_SPV.7154_spch017_sentsplit_Chile.txt",
    "format" : "textlines",
    "state" : "ANNOTATION_FINISHED",
    "timestamp" : null,
    "created" : 1732283383463,
    "updated" : 1739180787092
  }, {
    "name" : "UNSC_2014_SPV.7154_spch019_sentsplit_Ukraine.txt",
    "format" : "textlines",
    "state" : "ANNOTATION_IN_PROGRESS",
    "timestamp" : null,
    "created" : 1732283383496,
    "updated" : 1739180792095
  }, {
    "name" : "UNSC_2014_SPV.7154_spch021_sentsplit_Russian_Federation.txt",
    "format" : "textlines",
    "state" : "ANNOTATION_FINISHED",
    "timestamp" : null,
    "created" : 1732283383557,
    "updated" : 1739181392098
  }, {
    "name" : "UNSC_2014_SPV.7154_spch023_sentsplit_United_States_Of_America.txt",
    "format" : "textlines",
    "state" : "ANNOTATION_IN_PROGRESS",
    "timestamp" : null,
    "created" : 1732283383782,
    "updated" : 1739181397092
  }, {
    "name" : "UNSC_2014_SPV.7154_spch025_sentsplit_Ukraine.txt",
    "format" : "textlines",
    "state" : "ANNOTATION_FINISHED",
    "timestamp" : null,
    "created" : 1732283383865,
    "updated" : 1739181617095
  }, {
    "name" : "UNSC_2014_SPV.7154_spch027_sentsplit_Russian_Federation.txt",
    "format" : "textlines",
    "state" : "ANNOTATION_FINISHED",
    "timestamp" : null,
    "created" : 1732283383975,
    "updated" : 1736251335274
  }, {
    "name" : "UNSC_2014_SPV.7165_spch004_sentsplit_United_Kingdom_Of_Great_Britain_And_Northern_Ireland.txt",
    "format" : "textlines",
    "state" : "ANNOTATION_FINISHED",
    "timestamp" : null,
    "created" : 1732283405272,
    "updated" : 1739181912095
  }, {
    "name" : "UNSC_2014_SPV.7165_spch005_sentsplit_France.txt",
    "format" : "textlines",
    "state" : "ANNOTATION_FINISHED",
    "timestamp" : null,
    "created" : 1732283405304,
    "updated" : 1739182107092
  }, {
    "name" : "UNSC_2014_SPV.7165_spch006_sentsplit_Rwanda.txt",
    "format" : "textlines",
    "state" : "ANNOTATION_FINISHED",
    "timestamp" : null,
    "created" : 1732283405438,
    "updated" : 1739025214182
  }, {
    "name" : "UNSC_2014_SPV.7165_spch007_sentsplit_Argentina.txt",
    "format" : "textlines",
    "state" : "ANNOTATION_FINISHED",
    "timestamp" : null,
    "created" : 1732283405517,
    "updated" : 1739182317093
  }, {
    "name" : "UNSC_2014_SPV.7165_spch008_sentsplit_United_States_Of_America.txt",
    "format" : "textlines",
    "state" : "ANNOTATION_FINISHED",
    "timestamp" : null,
    "created" : 1732283405584,
    "updated" : 1739182432096
  }, {
    "name" : "UNSC_2014_SPV.7165_spch009_sentsplit_China.txt",
    "format" : "textlines",
    "state" : "ANNOTATION_FINISHED",
    "timestamp" : null,
    "created" : 1732283405662,
    "updated" : 1739182477097
  }, {
    "name" : "UNSC_2014_SPV.7165_spch010_sentsplit_Republic_Of_Korea.txt",
    "format" : "textlines",
    "state" : "ANNOTATION_FINISHED",
    "timestamp" : null,
    "created" : 1732283405693,
    "updated" : 1739182537126
  }, {
    "name" : "UNSC_2014_SPV.7165_spch011_sentsplit_Luxembourg.txt",
    "format" : "textlines",
    "state" : "ANNOTATION_FINISHED",
    "timestamp" : null,
    "created" : 1732283405771,
    "updated" : 1739025262931
  }, {
    "name" : "UNSC_2014_SPV.7165_spch014_sentsplit_Australia.txt",
    "format" : "textlines",
    "state" : "ANNOTATION_IN_PROGRESS",
    "timestamp" : null,
    "created" : 1732283405832,
    "updated" : 1739182717109
  }, {
    "name" : "UNSC_2014_SPV.7165_spch015_sentsplit_Russian_Federation.txt",
    "format" : "textlines",
    "state" : "ANNOTATION_FINISHED",
    "timestamp" : null,
    "created" : 1732283405957,
    "updated" : 1739183067101
  }, {
    "name" : "UNSC_2014_SPV.7165_spch016_sentsplit_Lithuania.txt",
    "format" : "textlines",
    "state" : "ANNOTATION_FINISHED",
    "timestamp" : null,
    "created" : 1732283406022,
    "updated" : 1739025862952
  }, {
    "name" : "UNSC_2014_SPV.7165_spch019_sentsplit_Ukraine.txt",
    "format" : "textlines",
    "state" : "ANNOTATION_IN_PROGRESS",
    "timestamp" : null,
    "created" : 1732283406074,
    "updated" : 1739183257096
  }, {
    "name" : "UNSC_2014_SPV.7165_spch021_sentsplit_Russian_Federation.txt",
    "format" : "textlines",
    "state" : "ANNOTATION_FINISHED",
    "timestamp" : null,
    "created" : 1732283406127,
    "updated" : 1736339349111
  }, {
    "name" : "UNSC_2014_SPV.7219_spch004_sentsplit_United_Kingdom_Of_Great_Britain_And_Northern_Ireland.txt",
    "format" : "textlines",
    "state" : "ANNOTATION_IN_PROGRESS",
    "timestamp" : null,
    "created" : 1732283423101,
    "updated" : 1739183647093
  }, {
    "name" : "UNSC_2014_SPV.7219_spch006_sentsplit_United_States_Of_America.txt",
    "format" : "textlines",
    "state" : "ANNOTATION_FINISHED",
    "timestamp" : null,
    "created" : 1732283423132,
    "updated" : 1739184057097
  }, {
    "name" : "UNSC_2014_SPV.7219_spch007_sentsplit_Lithuania.txt",
    "format" : "textlines",
    "state" : "ANNOTATION_FINISHED",
    "timestamp" : null,
    "created" : 1732283423169,
    "updated" : 1739184202094
  }, {
    "name" : "UNSC_2014_SPV.7219_spch008_sentsplit_China.txt",
    "format" : "textlines",
    "state" : "ANNOTATION_FINISHED",
    "timestamp" : null,
    "created" : 1732283423208,
    "updated" : 1739184207092
  }, {
    "name" : "UNSC_2014_SPV.7219_spch009_sentsplit_Australia.txt",
    "format" : "textlines",
    "state" : "ANNOTATION_FINISHED",
    "timestamp" : null,
    "created" : 1732283423280,
    "updated" : 1739026175727
  }, {
    "name" : "UNSC_2014_SPV.7219_spch010_sentsplit_Luxembourg.txt",
    "format" : "textlines",
    "state" : "ANNOTATION_FINISHED",
    "timestamp" : null,
    "created" : 1732283423401,
    "updated" : 1739184367092
  }, {
    "name" : "UNSC_2014_SPV.7219_spch011_sentsplit_France.txt",
    "format" : "textlines",
    "state" : "ANNOTATION_FINISHED",
    "timestamp" : null,
    "created" : 1732283423430,
    "updated" : 1739184627109
  }, {
    "name" : "UNSC_2014_SPV.7219_spch013_sentsplit_Argentina.txt",
    "format" : "textlines",
    "state" : "ANNOTATION_FINISHED",
    "timestamp" : null,
    "created" : 1732283423549,
    "updated" : 1739026194754
  }, {
    "name" : "UNSC_2014_SPV.7219_spch014_sentsplit_Nigeria.txt",
    "format" : "textlines",
    "state" : "ANNOTATION_FINISHED",
    "timestamp" : null,
    "created" : 1732283423640,
    "updated" : 1739184722110
  }, {
    "name" : "UNSC_2014_SPV.7219_spch015_sentsplit_Russian_Federation.txt",
    "format" : "textlines",
    "state" : "ANNOTATION_FINISHED",
    "timestamp" : null,
    "created" : 1732283423679,
    "updated" : 1739184897097
  }, {
    "name" : "UNSC_2014_SPV.7219_spch017_sentsplit_Republic_Of_Korea.txt",
    "format" : "textlines",
    "state" : "ANNOTATION_FINISHED",
    "timestamp" : null,
    "created" : 1732283423753,
    "updated" : 1739184907092
  }, {
    "name" : "UNSC_2014_SPV.7219_spch018_sentsplit_Rwanda.txt",
    "format" : "textlines",
    "state" : "ANNOTATION_FINISHED",
    "timestamp" : null,
    "created" : 1732283423775,
    "updated" : 1739026217930
  }, {
    "name" : "UNSC_2014_SPV.7219_spch019_sentsplit_Ukraine.txt",
    "format" : "textlines",
    "state" : "ANNOTATION_FINISHED",
    "timestamp" : null,
    "created" : 1732283423807,
    "updated" : 1739185247092
  }, {
    "name" : "UNSC_2014_SPV.7219_spch025_sentsplit_Indonesia.txt",
    "format" : "textlines",
    "state" : "ANNOTATION_FINISHED",
    "timestamp" : null,
    "created" : 1732283423850,
    "updated" : 1738591561071
  }, {
    "name" : "UNSC_2014_SPV.7219_spch029_sentsplit_Belgium.txt",
    "format" : "textlines",
    "state" : "ANNOTATION_FINISHED",
    "timestamp" : null,
    "created" : 1732283423879,
    "updated" : 1739185262094
  } ],
  "annotation_documents" : [ {
    "name" : "UNSC_2014_SPV.7154_spch027_sentsplit_Russian_Federation.txt",
    "user" : "admin",
    "state" : "FINISHED",
    "timestamp" : 1736251329849,
    "annotatorState" : "FINISHED",
    "annotatorComment" : null,
    "sentence_accessed" : 0,
    "created" : 1732883395886,
    "updated" : 1736251332132
  }, {
    "name" : "UNSC_2014_SPV.7165_spch021_sentsplit_Russian_Federation.txt",
    "user" : "admin",
    "state" : "FINISHED",
    "timestamp" : 1736104169415,
    "annotatorState" : "FINISHED",
    "annotatorComment" : null,
    "sentence_accessed" : 0,
    "created" : 1736104169389,
    "updated" : 1736339346992
  }, {
    "name" : "UNSC_2014_SPV.7165_spch006_sentsplit_Rwanda.txt",
    "user" : "admin",
    "state" : "FINISHED",
    "timestamp" : 1738580908297,
    "annotatorState" : "FINISHED",
    "annotatorComment" : null,
    "sentence_accessed" : 0,
    "created" : 1736078201985,
    "updated" : 1739025211616
  }, {
    "name" : "UNSC_2014_SPV.7154_spch002_sentsplit_UN.txt",
    "user" : "admin",
    "state" : "FINISHED",
    "timestamp" : 1739026507487,
    "annotatorState" : "FINISHED",
    "annotatorComment" : null,
    "sentence_accessed" : 0,
    "created" : 1732468626962,
    "updated" : 1739026546402
  }, {
    "name" : "UNSC_2014_SPV.7154_spch004_sentsplit_Russian_Federation.txt",
    "user" : "admin",
    "state" : "FINISHED",
    "timestamp" : 1739179235960,
    "annotatorState" : "FINISHED",
    "annotatorComment" : null,
    "sentence_accessed" : 0,
    "created" : 1732468622321,
    "updated" : 1739179345851
  }, {
    "name" : "UNSC_2014_SPV.7154_spch005_sentsplit_Lithuania.txt",
    "user" : "admin",
    "state" : "FINISHED",
    "timestamp" : 1739179491525,
    "annotatorState" : "FINISHED",
    "annotatorComment" : null,
    "sentence_accessed" : 0,
    "created" : 1732283546174,
    "updated" : 1739179538950
  }, {
    "name" : "UNSC_2014_SPV.7154_spch006_sentsplit_United_States_Of_America.txt",
    "user" : "admin",
    "state" : "FINISHED",
    "timestamp" : 1739179656373,
    "annotatorState" : "FINISHED",
    "annotatorComment" : null,
    "sentence_accessed" : 0,
    "created" : 1732884844721,
    "updated" : 1739179689993
  }, {
    "name" : "UNSC_2014_SPV.7154_spch007_sentsplit_United_Kingdom_Of_Great_Britain_And_Northern_Ireland.txt",
    "user" : "admin",
    "state" : "FINISHED",
    "timestamp" : 1739179856724,
    "annotatorState" : "FINISHED",
    "annotatorComment" : null,
    "sentence_accessed" : 0,
    "created" : 1732884879886,
    "updated" : 1739179929328
  }, {
    "name" : "UNSC_2014_SPV.7154_spch008_sentsplit_France.txt",
    "user" : "admin",
    "state" : "FINISHED",
    "timestamp" : 1739180079351,
    "annotatorState" : "FINISHED",
    "annotatorComment" : null,
    "sentence_accessed" : 0,
    "created" : 1732884881494,
    "updated" : 1739180170026
  }, {
    "name" : "UNSC_2014_SPV.7154_spch009_sentsplit_Rwanda.txt",
    "user" : "admin",
    "state" : "FINISHED",
    "timestamp" : 1739180288156,
    "annotatorState" : "FINISHED",
    "annotatorComment" : null,
    "sentence_accessed" : 0,
    "created" : 1732876819951,
    "updated" : 1739180330031
  }, {
    "name" : "UNSC_2014_SPV.7154_spch011_sentsplit_Australia.txt",
    "user" : "admin",
    "state" : "FINISHED",
    "timestamp" : 1739180577827,
    "annotatorState" : "FINISHED",
    "annotatorComment" : null,
    "sentence_accessed" : 0,
    "created" : 1732877778802,
    "updated" : 1739180613225
  }, {
    "name" : "UNSC_2014_SPV.7154_spch012_sentsplit_China.txt",
    "user" : "admin",
    "state" : "FINISHED",
    "timestamp" : 1738577713177,
    "annotatorState" : "FINISHED",
    "annotatorComment" : null,
    "sentence_accessed" : 0,
    "created" : 1732551884253,
    "updated" : 1739180639030
  }, {
    "name" : "UNSC_2014_SPV.7154_spch013_sentsplit_Argentina.txt",
    "user" : "admin",
    "state" : "FINISHED",
    "timestamp" : 1738577822953,
    "annotatorState" : "FINISHED",
    "annotatorComment" : null,
    "sentence_accessed" : 0,
    "created" : 1732879246042,
    "updated" : 1739180683997
  }, {
    "name" : "UNSC_2014_SPV.7154_spch014_sentsplit_Republic_Of_Korea.txt",
    "user" : "admin",
    "state" : "FINISHED",
    "timestamp" : 1739180773490,
    "annotatorState" : "FINISHED",
    "annotatorComment" : null,
    "sentence_accessed" : 0,
    "created" : 1732879633802,
    "updated" : 1739180775781
  }, {
    "name" : "UNSC_2014_SPV.7154_spch017_sentsplit_Chile.txt",
    "user" : "admin",
    "state" : "FINISHED",
    "timestamp" : 1738577975065,
    "annotatorState" : "FINISHED",
    "annotatorComment" : null,
    "sentence_accessed" : 0,
    "created" : 1732879873924,
    "updated" : 1739180784231
  }, {
    "name" : "UNSC_2014_SPV.7154_spch019_sentsplit_Ukraine.txt",
    "user" : "admin",
    "state" : "FINISHED",
    "timestamp" : 1739181220200,
    "annotatorState" : "FINISHED",
    "annotatorComment" : null,
    "sentence_accessed" : 0,
    "created" : 1732880016073,
    "updated" : 1739181236482
  }, {
    "name" : "UNSC_2014_SPV.7154_spch021_sentsplit_Russian_Federation.txt",
    "user" : "admin",
    "state" : "FINISHED",
    "timestamp" : 1739025110543,
    "annotatorState" : "FINISHED",
    "annotatorComment" : null,
    "sentence_accessed" : 0,
    "created" : 1732882614952,
    "updated" : 1739181389565
  }, {
    "name" : "UNSC_2014_SPV.7154_spch023_sentsplit_United_States_Of_America.txt",
    "user" : "admin",
    "state" : "FINISHED",
    "timestamp" : 1739181510208,
    "annotatorState" : "FINISHED",
    "annotatorComment" : null,
    "sentence_accessed" : 0,
    "created" : 1732882635394,
    "updated" : 1739181515795
  }, {
    "name" : "UNSC_2014_SPV.7154_spch025_sentsplit_Ukraine.txt",
    "user" : "admin",
    "state" : "FINISHED",
    "timestamp" : 1738580128583,
    "annotatorState" : "FINISHED",
    "annotatorComment" : null,
    "sentence_accessed" : 0,
    "created" : 1732883125517,
    "updated" : 1739181614201
  }, {
    "name" : "UNSC_2014_SPV.7165_spch004_sentsplit_United_Kingdom_Of_Great_Britain_And_Northern_Ireland.txt",
    "user" : "admin",
    "state" : "FINISHED",
    "timestamp" : 1739181889445,
    "annotatorState" : "FINISHED",
    "annotatorComment" : null,
    "sentence_accessed" : 0,
    "created" : 1736078194568,
    "updated" : 1739181908896
  }, {
    "name" : "UNSC_2014_SPV.7165_spch005_sentsplit_France.txt",
    "user" : "admin",
    "state" : "FINISHED",
    "timestamp" : 1739181994229,
    "annotatorState" : "FINISHED",
    "annotatorComment" : null,
    "sentence_accessed" : 0,
    "created" : 1736078198785,
    "updated" : 1739182100329
  }, {
    "name" : "UNSC_2014_SPV.7165_spch007_sentsplit_Argentina.txt",
    "user" : "admin",
    "state" : "FINISHED",
    "timestamp" : 1739182302985,
    "annotatorState" : "FINISHED",
    "annotatorComment" : null,
    "sentence_accessed" : 0,
    "created" : 1736078205102,
    "updated" : 1739182310914
  }, {
    "name" : "UNSC_2014_SPV.7165_spch008_sentsplit_United_States_Of_America.txt",
    "user" : "admin",
    "state" : "FINISHED",
    "timestamp" : 1739182406567,
    "annotatorState" : "FINISHED",
    "annotatorComment" : null,
    "sentence_accessed" : 0,
    "created" : 1736078208385,
    "updated" : 1739182428599
  }, {
    "name" : "UNSC_2014_SPV.7165_spch009_sentsplit_China.txt",
    "user" : "admin",
    "state" : "FINISHED",
    "timestamp" : 1738581285277,
    "annotatorState" : "FINISHED",
    "annotatorComment" : null,
    "sentence_accessed" : 0,
    "created" : 1736078212052,
    "updated" : 1739182473416
  }, {
    "name" : "UNSC_2014_SPV.7165_spch010_sentsplit_Republic_Of_Korea.txt",
    "user" : "admin",
    "state" : "FINISHED",
    "timestamp" : 1738581373182,
    "annotatorState" : "FINISHED",
    "annotatorComment" : null,
    "sentence_accessed" : 0,
    "created" : 1736104093642,
    "updated" : 1739182533392
  }, {
    "name" : "UNSC_2014_SPV.7165_spch011_sentsplit_Luxembourg.txt",
    "user" : "admin",
    "state" : "FINISHED",
    "timestamp" : 1739182702755,
    "annotatorState" : "FINISHED",
    "annotatorComment" : null,
    "sentence_accessed" : 0,
    "created" : 1736104116461,
    "updated" : 1739182708269
  }, {
    "name" : "UNSC_2014_SPV.7165_spch014_sentsplit_Australia.txt",
    "user" : "admin",
    "state" : "FINISHED",
    "timestamp" : 1739182794040,
    "annotatorState" : "FINISHED",
    "annotatorComment" : null,
    "sentence_accessed" : 0,
    "created" : 1736104120692,
    "updated" : 1739182826646
  }, {
    "name" : "UNSC_2014_SPV.7165_spch015_sentsplit_Russian_Federation.txt",
    "user" : "admin",
    "state" : "FINISHED",
    "timestamp" : 1739183025739,
    "annotatorState" : "FINISHED",
    "annotatorComment" : null,
    "sentence_accessed" : 0,
    "created" : 1736104131211,
    "updated" : 1739183063562
  }, {
    "name" : "UNSC_2014_SPV.7165_spch016_sentsplit_Lithuania.txt",
    "user" : "admin",
    "state" : "FINISHED",
    "timestamp" : 1739183222462,
    "annotatorState" : "FINISHED",
    "annotatorComment" : null,
    "sentence_accessed" : 0,
    "created" : 1736104142100,
    "updated" : 1739183251180
  }, {
    "name" : "UNSC_2014_SPV.7165_spch019_sentsplit_Ukraine.txt",
    "user" : "admin",
    "state" : "FINISHED",
    "timestamp" : 1739183541658,
    "annotatorState" : "FINISHED",
    "annotatorComment" : null,
    "sentence_accessed" : 0,
    "created" : 1736104157671,
    "updated" : 1739183636713
  }, {
    "name" : "UNSC_2014_SPV.7219_spch004_sentsplit_United_Kingdom_Of_Great_Britain_And_Northern_Ireland.txt",
    "user" : "admin",
    "state" : "FINISHED",
    "timestamp" : 1739183752925,
    "annotatorState" : "FINISHED",
    "annotatorComment" : null,
    "sentence_accessed" : 0,
    "created" : 1736104182071,
    "updated" : 1739183806683
  }, {
    "name" : "UNSC_2014_SPV.7219_spch006_sentsplit_United_States_Of_America.txt",
    "user" : "admin",
    "state" : "FINISHED",
    "timestamp" : 1739184024779,
    "annotatorState" : "FINISHED",
    "annotatorComment" : null,
    "sentence_accessed" : 0,
    "created" : 1736104259767,
    "updated" : 1739184051352
  }, {
    "name" : "UNSC_2014_SPV.7219_spch007_sentsplit_Lithuania.txt",
    "user" : "admin",
    "state" : "FINISHED",
    "timestamp" : 1739184193656,
    "annotatorState" : "FINISHED",
    "annotatorComment" : null,
    "sentence_accessed" : 0,
    "created" : 1736104273138,
    "updated" : 1739184197295
  }, {
    "name" : "UNSC_2014_SPV.7219_spch008_sentsplit_China.txt",
    "user" : "admin",
    "state" : "FINISHED",
    "timestamp" : 1739026315612,
    "annotatorState" : "FINISHED",
    "annotatorComment" : null,
    "sentence_accessed" : 0,
    "created" : 1736104288509,
    "updated" : 1739184203512
  }, {
    "name" : "UNSC_2014_SPV.7219_spch009_sentsplit_Australia.txt",
    "user" : "admin",
    "state" : "FINISHED",
    "timestamp" : 1739184308409,
    "annotatorState" : "FINISHED",
    "annotatorComment" : null,
    "sentence_accessed" : 0,
    "created" : 1736104304709,
    "updated" : 1739184321896
  }, {
    "name" : "UNSC_2014_SPV.7219_spch010_sentsplit_Luxembourg.txt",
    "user" : "admin",
    "state" : "FINISHED",
    "timestamp" : 1738590003193,
    "annotatorState" : "FINISHED",
    "annotatorComment" : null,
    "sentence_accessed" : 0,
    "created" : 1736104317330,
    "updated" : 1739184360932
  }, {
    "name" : "UNSC_2014_SPV.7219_spch011_sentsplit_France.txt",
    "user" : "admin",
    "state" : "FINISHED",
    "timestamp" : 1739184621876,
    "annotatorState" : "FINISHED",
    "annotatorComment" : null,
    "sentence_accessed" : 0,
    "created" : 1736104332908,
    "updated" : 1739184624679
  }, {
    "name" : "UNSC_2014_SPV.7219_spch013_sentsplit_Argentina.txt",
    "user" : "admin",
    "state" : "FINISHED",
    "timestamp" : 1738590419172,
    "annotatorState" : "FINISHED",
    "annotatorComment" : null,
    "sentence_accessed" : 0,
    "created" : 1736104346944,
    "updated" : 1739184666610
  }, {
    "name" : "UNSC_2014_SPV.7219_spch014_sentsplit_Nigeria.txt",
    "user" : "admin",
    "state" : "FINISHED",
    "timestamp" : 1739184718019,
    "annotatorState" : "FINISHED",
    "annotatorComment" : null,
    "sentence_accessed" : 0,
    "created" : 1736104358388,
    "updated" : 1739184719763
  }, {
    "name" : "UNSC_2014_SPV.7219_spch015_sentsplit_Russian_Federation.txt",
    "user" : "admin",
    "state" : "FINISHED",
    "timestamp" : 1739184873611,
    "annotatorState" : "FINISHED",
    "annotatorComment" : null,
    "sentence_accessed" : 0,
    "created" : 1736104372091,
    "updated" : 1739184890499
  }, {
    "name" : "UNSC_2014_SPV.7219_spch017_sentsplit_Republic_Of_Korea.txt",
    "user" : "admin",
    "state" : "FINISHED",
    "timestamp" : 1738591049394,
    "annotatorState" : "FINISHED",
    "annotatorComment" : null,
    "sentence_accessed" : 0,
    "created" : 1736104383545,
    "updated" : 1739184903381
  }, {
    "name" : "UNSC_2014_SPV.7219_spch018_sentsplit_Rwanda.txt",
    "user" : "admin",
    "state" : "FINISHED",
    "timestamp" : 1739184936931,
    "annotatorState" : "FINISHED",
    "annotatorComment" : null,
    "sentence_accessed" : 0,
    "created" : 1736104398270,
    "updated" : 1739185009878
  }, {
    "name" : "UNSC_2014_SPV.7219_spch019_sentsplit_Ukraine.txt",
    "user" : "admin",
    "state" : "FINISHED",
    "timestamp" : 1739185242882,
    "annotatorState" : "FINISHED",
    "annotatorComment" : null,
    "sentence_accessed" : 0,
    "created" : 1736104416225,
    "updated" : 1739185244409
  }, {
    "name" : "UNSC_2014_SPV.7219_spch025_sentsplit_Indonesia.txt",
    "user" : "admin",
    "state" : "FINISHED",
    "timestamp" : 1738591556750,
    "annotatorState" : "FINISHED",
    "annotatorComment" : null,
    "sentence_accessed" : 0,
    "created" : 1736104429078,
    "updated" : 1739185250867
  }, {
    "name" : "UNSC_2014_SPV.7219_spch029_sentsplit_Belgium.txt",
    "user" : "admin",
    "state" : "FINISHED",
    "timestamp" : 1738591571758,
    "annotatorState" : "FINISHED",
    "annotatorComment" : null,
    "sentence_accessed" : 0,
    "created" : 1736104440695,
    "updated" : 1739185259098
  } ],
  "project_permissions" : [ {
    "level" : "ADMIN",
    "user" : "admin"
  }, {
    "level" : "CURATOR",
    "user" : "admin"
  }, {
    "level" : "USER",
    "user" : "admin"
  } ],
  "tag_sets" : [ {
    "name" : "Argument Target",
    "description" : null,
    "language" : "en",
    "tags" : [ {
      "tag_name" : "Doubt",
      "tag_description" : null
    }, {
      "tag_name" : "Doubt Other",
      "tag_description" : null
    }, {
      "tag_name" : "Doubt Russia",
      "tag_description" : null
    }, {
      "tag_name" : "Doubt Ukraine",
      "tag_description" : null
    }, {
      "tag_name" : "NA",
      "tag_description" : null
    }, {
      "tag_name" : "Other",
      "tag_description" : null
    }, {
      "tag_name" : "Russia",
      "tag_description" : null
    }, {
      "tag_name" : "Russia Doubt",
      "tag_description" : null
    }, {
      "tag_name" : "Russia-Ukraine",
      "tag_description" : null
    }, {
      "tag_name" : "Ukraine",
      "tag_description" : null
    }, {
      "tag_name" : "Ukraine Doubt",
      "tag_description" : null
    }, {
      "tag_name" : "Ukrane",
      "tag_description" : null
    }, {
      "tag_name" : "no target",
      "tag_description" : null
    } ],
    "create_tag" : true
  }, {
    "name" : "Argumentation_schemes",
    "description" : "Tag sets considering 14 argumentation schemes identified by Swain (2017) in UNSC press releases",
    "language" : "en",
    "tags" : [ {
      "tag_name" : "ad_hominem",
      "tag_description" : null
    }, {
      "tag_name" : "argument_non",
      "tag_description" : null
    }, {
      "tag_name" : "bias",
      "tag_description" : null
    }, {
      "tag_name" : "cause_to_effect",
      "tag_description" : null
    }, {
      "tag_name" : "distress",
      "tag_description" : null
    }, {
      "tag_name" : "doubt",
      "tag_description" : "Not sure which argumentation scheme should I assign"
    }, {
      "tag_name" : "evidence",
      "tag_description" : null
    }, {
      "tag_name" : "expert_opinion",
      "tag_description" : null
    }, {
      "tag_name" : "negative_consequence",
      "tag_description" : null
    }, {
      "tag_name" : "negative_consequences",
      "tag_description" : null
    }, {
      "tag_name" : "negative_value",
      "tag_description" : null
    }, {
      "tag_name" : "non_argument",
      "tag_description" : null
    }, {
      "tag_name" : "other",
      "tag_description" : null
    }, {
      "tag_name" : "popular_opinion",
      "tag_description" : null
    }, {
      "tag_name" : "position_to_know",
      "tag_description" : null
    }, {
      "tag_name" : "positive_consequence",
      "tag_description" : null
    }, {
      "tag_name" : "positive_value",
      "tag_description" : null
    }, {
      "tag_name" : "precedent",
      "tag_description" : null
    }, {
      "tag_name" : "rules",
      "tag_description" : null
    }, {
      "tag_name" : "threat",
      "tag_description" : null
    } ],
    "create_tag" : true
  }, {
    "name" : "Span labels",
    "description" : "Following Maria: \r\nThe type of a given ADU within a coherence relation that's contained in a document.",
    "language" : "en",
    "tags" : [ {
      "tag_name" : "claim",
      "tag_description" : "Following Maria: \r\nA discourse unit produced by a _\"writer\"_ with the intent of convincing a _\"reader\"_ of a particular utterance.\r\n\r\nAn ADU of type ```claim``` is either:\r\n\r\n* the *main-```claim```* of the text in which it is contained, or\r\n* it acts as the ```satellite``` within a _coherence relation_ (of type ```attack | support```) that's dominated by another ```claim``` as that relation's ```nucleus```."
    }, {
      "tag_name" : "premise",
      "tag_description" : "Following Maria: \r\nAn EDU is considered a ```premise```-ADU if it's produced by a _\"writer\"_ with the intent of ```attack```ing or ```support```ing an ADU of type ```claim```.\r\n\r\nA ```premise``` needs to be related to a ```claim``` in one of the following ways:\r\n\r\n1. A ```premise``` is in *direct* support/ attack of a ```claim``` if both ADUs form a coherent relation together, consisting of a nucleus- & a satellite-ADU.\r\n2. A ```premise``` is in *linked* support/ attack of a ```claim```, if the given ```claim``` needs 1 or more other ```premise```s to form a single coherent relation. (I.e. more than one ```premise```s are related to the same nucleus and the respective satellites depend on each other.)\r\n3. A ```premise``` is in *convergent* support/ attack of a ```claim```, if the given ```claim``` forms more than 1 coherent relation, independent of the particular ```premise```. (I.e. multiple unrelated ```premise```s support/ attack the same ```claim``` .)"
    } ],
    "create_tag" : true
  } ],
  "layers" : [ {
    "name" : "webanno.custom.Argumentation_schemes",
    "features" : [ {
      "name" : "argument_schemes",
      "tag_set" : {
        "name" : "Argumentation_schemes",
        "description" : null,
        "language" : null,
        "tags" : [ ],
        "create_tag" : false
      },
      "uiName" : "argument_schemes",
      "type" : "uima.cas.String",
      "enabled" : true,
      "visible" : true,
      "include_in_hover" : false,
      "required" : false,
      "remember" : false,
      "hideUnconstraintFeature" : false,
      "description" : null,
      "project_name" : "Argumentation Scheme in UNSC Speeches",
      "multi_value_mode" : "NONE",
      "link_mode" : "NONE",
      "link_type_name" : null,
      "link_type_role_feature_name" : null,
      "link_type_target_feature_name" : null,
      "traits" : "{\"multipleRows\":false,\"dynamicSize\":false,\"collapsedRows\":1,\"expandedRows\":1,\"editorType\":\"RADIOGROUP\",\"keyBindings\":[]}",
      "curatable" : true,
      "rank" : 0
    } ],
    "uiName" : "Argumentation_schemes",
    "type" : "span",
    "description" : "For argument scheme annotation",
    "enabled" : true,
    "built_in" : false,
    "readonly" : false,
    "attach_type" : null,
    "attach_feature" : null,
    "allow_stacking" : false,
    "cross_sentence" : true,
    "show_hover" : true,
    "anchoring_mode" : "TOKENS",
    "overlap_mode" : "NO_OVERLAP",
    "validation_mode" : "ALWAYS",
    "lock_to_token_offset" : false,
    "multiple_tokens" : true,
    "project_name" : "Argumentation Scheme in UNSC Speeches",
    "linked_list_behavior" : false,
    "on_click_javascript_action" : null,
    "traits" : "{\"coloringRules\":{\"rules\":[]}}"
  }, {
    "name" : "custom.Relation",
    "features" : [ {
      "name" : "Dialecticalrole",
      "tag_set" : {
        "name" : "Argument Target",
        "description" : null,
        "language" : null,
        "tags" : [ ],
        "create_tag" : false
      },
      "uiName" : "Dialectical role",
      "type" : "uima.cas.String",
      "enabled" : true,
      "visible" : true,
      "include_in_hover" : false,
      "required" : false,
      "remember" : false,
      "hideUnconstraintFeature" : false,
      "description" : "Following Maria: \r\nDialectical role of a premise, directed at another claim/ premise or at another argument relation.",
      "project_name" : "Argumentation Scheme in UNSC Speeches",
      "multi_value_mode" : "NONE",
      "link_mode" : "NONE",
      "link_type_name" : null,
      "link_type_role_feature_name" : null,
      "link_type_target_feature_name" : null,
      "traits" : "{\"multipleRows\":false,\"dynamicSize\":false,\"collapsedRows\":1,\"expandedRows\":1,\"editorType\":\"AUTO\",\"keyBindings\":[]}",
      "curatable" : true,
      "rank" : 0
    }, {
      "name" : "Governor",
      "tag_set" : null,
      "uiName" : "Source",
      "type" : "rel-source:custom.Span",
      "enabled" : true,
      "visible" : true,
      "include_in_hover" : false,
      "required" : false,
      "remember" : false,
      "hideUnconstraintFeature" : false,
      "description" : null,
      "project_name" : "Argumentation Scheme in UNSC Speeches",
      "multi_value_mode" : "NONE",
      "link_mode" : "NONE",
      "link_type_name" : null,
      "link_type_role_feature_name" : null,
      "link_type_target_feature_name" : null,
      "traits" : null,
      "curatable" : true,
      "rank" : 0
    }, {
      "name" : "Dependent",
      "tag_set" : null,
      "uiName" : "Target",
      "type" : "rel-target:custom.Span",
      "enabled" : true,
      "visible" : true,
      "include_in_hover" : false,
      "required" : false,
      "remember" : false,
      "hideUnconstraintFeature" : false,
      "description" : null,
      "project_name" : "Argumentation Scheme in UNSC Speeches",
      "multi_value_mode" : "NONE",
      "link_mode" : "NONE",
      "link_type_name" : null,
      "link_type_role_feature_name" : null,
      "link_type_target_feature_name" : null,
      "traits" : null,
      "curatable" : true,
      "rank" : 0
    }, {
      "name" : "argumentation_scheme",
      "tag_set" : {
        "name" : "Argumentation_schemes",
        "description" : null,
        "language" : null,
        "tags" : [ ],
        "create_tag" : false
      },
      "uiName" : "argumentation_scheme",
      "type" : "uima.cas.String",
      "enabled" : true,
      "visible" : true,
      "include_in_hover" : false,
      "required" : false,
      "remember" : false,
      "hideUnconstraintFeature" : false,
      "description" : null,
      "project_name" : "Argumentation Scheme in UNSC Speeches",
      "multi_value_mode" : "NONE",
      "link_mode" : "NONE",
      "link_type_name" : null,
      "link_type_role_feature_name" : null,
      "link_type_target_feature_name" : null,
      "traits" : "{\"multipleRows\":false,\"dynamicSize\":false,\"collapsedRows\":1,\"expandedRows\":1,\"editorType\":\"RADIOGROUP\",\"keyBindings\":[]}",
      "curatable" : true,
      "rank" : 0
    } ],
    "uiName" : "Relation",
    "type" : "relation",
    "description" : null,
    "enabled" : true,
    "built_in" : false,
    "readonly" : false,
    "attach_type" : {
      "name" : "custom.Span"
    },
    "attach_feature" : null,
    "allow_stacking" : false,
    "cross_sentence" : true,
    "show_hover" : true,
    "anchoring_mode" : "TOKENS",
    "overlap_mode" : "OVERLAP_ONLY",
    "validation_mode" : "ALWAYS",
    "lock_to_token_offset" : false,
    "multiple_tokens" : true,
    "project_name" : "Argumentation Scheme in UNSC Speeches",
    "linked_list_behavior" : false,
    "on_click_javascript_action" : null,
    "traits" : "{\"coloringRules\":{\"rules\":[{\"color\":\"#ec1212\",\"pattern\":\"attack\"},{\"color\":\"#14ea89\",\"pattern\":\"support\"}]},\"renderArcs\":true,\"renderMode\":\"ALWAYS\"}"
  }, {
    "name" : "custom.Span",
    "features" : [ {
      "name" : "prem_claim",
      "tag_set" : {
        "name" : "Span labels",
        "description" : null,
        "language" : null,
        "tags" : [ ],
        "create_tag" : false
      },
      "uiName" : "prem_claim",
      "type" : "uima.cas.String",
      "enabled" : true,
      "visible" : true,
      "include_in_hover" : false,
      "required" : true,
      "remember" : true,
      "hideUnconstraintFeature" : false,
      "description" : null,
      "project_name" : "Argumentation Scheme in UNSC Speeches",
      "multi_value_mode" : "NONE",
      "link_mode" : "NONE",
      "link_type_name" : null,
      "link_type_role_feature_name" : null,
      "link_type_target_feature_name" : null,
      "traits" : "{\"multipleRows\":false,\"dynamicSize\":false,\"collapsedRows\":1,\"expandedRows\":1,\"editorType\":\"RADIOGROUP\",\"keyBindings\":[]}",
      "curatable" : true,
      "rank" : 0
    } ],
    "uiName" : "Span",
    "type" : "span",
    "description" : "Following Maria: \r\nA layer to break a document into elementary discourse units (EDU) and to assign types of argumentative discourse units to them.",
    "enabled" : true,
    "built_in" : false,
    "readonly" : false,
    "attach_type" : null,
    "attach_feature" : null,
    "allow_stacking" : false,
    "cross_sentence" : true,
    "show_hover" : true,
    "anchoring_mode" : "TOKENS",
    "overlap_mode" : "NO_OVERLAP",
    "validation_mode" : "ALWAYS",
    "lock_to_token_offset" : false,
    "multiple_tokens" : true,
    "project_name" : "Argumentation Scheme in UNSC Speeches",
    "linked_list_behavior" : false,
    "on_click_javascript_action" : null,
    "traits" : "{\"coloringRules\":{\"rules\":[{\"color\":\"#1c36ef\",\"pattern\":\"claim\"},{\"color\":\"#efc745\",\"pattern\":\"premise\"}]}}"
  }, {
    "name" : "de.tudarmstadt.ukp.dkpro.core.api.segmentation.type.Token",
    "features" : [ ],
    "uiName" : "Token",
    "type" : "span",
    "description" : null,
    "enabled" : false,
    "built_in" : true,
    "readonly" : true,
    "attach_type" : null,
    "attach_feature" : null,
    "allow_stacking" : false,
    "cross_sentence" : false,
    "show_hover" : true,
    "anchoring_mode" : "CHARACTERS",
    "overlap_mode" : "NO_OVERLAP",
    "validation_mode" : "NEVER",
    "lock_to_token_offset" : false,
    "multiple_tokens" : false,
    "project_name" : "Argumentation Scheme in UNSC Speeches",
    "linked_list_behavior" : false,
    "on_click_javascript_action" : null,
    "traits" : null
  } ],
  "disableExport" : true,
  "script_direction" : "LTR",
  "created" : 1732281053628,
  "updated" : 1732283549448,
  "anonymous_curation" : false,
  "default-preferences" : [ ],
  "knowledge_bases" : [ ],
  "external_search" : [ ],
  "curation_workflow" : {
    "id" : 22,
    "project" : {
      "id" : 28,
      "name" : "Argumentation Scheme in UNSC Speeches",
      "slug" : "argumentation-scheme-in-unsc-speeches",
      "description" : "In this project, a sample of 45 UNSC speeches is annotated considering previous annotations made by Maria (premise and claim) and the 14 Argumentation Schemes from Walton et al. (2008) identified by Swain (2017) in UNSC press releases.",
      "mode" : "annotation",
      "version" : 1,
      "disableExport" : true,
      "scriptDirection" : "LTR",
      "created" : 1732281053628,
      "updated" : 1732283549448,
      "state" : "ANNOTATION_IN_PROGRESS",
      "anonymousCuration" : false
    },
    "mergeStrategy" : "completeAgreementNonStacked",
    "mergeStrategyTraits" : null
  },
  "project_users" : [ ],
  "recommenders" : [ ],
  "learning_records" : [ ],
  "gazeteers" : [ ],
  "workload_manager" : {
    "traits" : null,
    "type" : "matrix"
  },
  "user-preferences" : [ {
    "name" : "annotation/layout",
    "traits" : "{\"sidebarSizeLeft\":20,\"sidebarSizeRight\":20}",
    "user" : "admin"
  }, {
    "name" : "annotation/layers",
    "traits" : "{\"layerColoringStrategy\":{\"45\":\"GRAY\",\"46\":\"STATIC_PASTELLE\",\"47\":\"STATIC_PASTELLE\"},\"readonlyLayerColoringStrategy\":\"LEGACY\",\"hiddenLayers\":[]}",
    "user" : "admin"
  }, {
    "name" : "client-side/annotation/annotation-browser-sidebar",
    "traits" : "{\"mode\":\"by-label\",\"sortByScore\":true,\"recommendationsFirst\":false}",
    "user" : "admin"
  }, {
    "name" : "annotation/left-sidebar",
    "traits" : "{\"selectedTab\":\"annotationBrowserSidebarFactory\",\"expanded\":false}",
    "user" : "admin"
  } ]
}