{
  "%TYPES" : {
    "de.tudarmstadt.ukp.clarin.webanno.api.type.FeatureDefinition" : {
      "%NAME" : "de.tudarmstadt.ukp.clarin.webanno.api.type.FeatureDefinition",
      "%SUPER_TYPE" : "uima.cas.TOP",
      "layer" : {
        "%NAME" : "layer",
        "%RANGE" : "de.tudarmstadt.ukp.clarin.webanno.api.type.LayerDefinition"
      },
      "name" : {
        "%NAME" : "name",
        "%RANGE" : "uima.cas.String"
      },
      "uiName" : {
        "%NAME" : "uiName",
        "%RANGE" : "uima.cas.String"
      }
    },
    "de.tudarmstadt.ukp.clarin.webanno.api.type.LayerDefinition" : {
      "%NAME" : "de.tudarmstadt.ukp.clarin.webanno.api.type.LayerDefinition",
      "%SUPER_TYPE" : "uima.cas.TOP",
      "name" : {
        "%NAME" : "name",
        "%RANGE" : "uima.cas.String"
      },
      "uiName" : {
        "%NAME" : "uiName",
        "%RANGE" : "uima.cas.String"
      }
    },
    "de.tudarmstadt.ukp.dkpro.core.api.lexmorph.type.morph.MorphologicalFeatures" : {
      "%NAME" : "de.tudarmstadt.ukp.dkpro.core.api.lexmorph.type.morph.MorphologicalFeatures",
      "%SUPER_TYPE" : "uima.tcas.Annotation",
      "gender" : {
        "%NAME" : "gender",
        "%RANGE" : "uima.cas.String"
      },
      "number" : {
        "%NAME" : "number",
        "%RANGE" : "uima.cas.String"
      },
      "case" : {
        "%NAME" : "case",
        "%RANGE" : "uima.cas.String"
      },
      "degree" : {
        "%NAME" : "degree",
        "%RANGE" : "uima.cas.String"
      },
      "verbForm" : {
        "%NAME" : "verbForm",
        "%RANGE" : "uima.cas.String"
      },
      "tense" : {
        "%NAME" : "tense",
        "%RANGE" : "uima.cas.String"
      },
      "mood" : {
        "%NAME" : "mood",
        "%RANGE" : "uima.cas.String"
      },
      "voice" : {
        "%NAME" : "voice",
        "%RANGE" : "uima.cas.String"
      },
      "definiteness" : {
        "%NAME" : "definiteness",
        "%RANGE" : "uima.cas.String"
      },
      "value" : {
        "%NAME" : "value",
        "%RANGE" : "uima.cas.String"
      },
      "person" : {
        "%NAME" : "person",
        "%RANGE" : "uima.cas.String"
      },
      "aspect" : {
        "%NAME" : "aspect",
        "%RANGE" : "uima.cas.String"
      },
      "animacy" : {
        "%NAME" : "animacy",
        "%RANGE" : "uima.cas.String"
      },
      "negative" : {
        "%NAME" : "negative",
        "%RANGE" : "uima.cas.String"
      },
      "numType" : {
        "%NAME" : "numType",
        "%RANGE" : "uima.cas.String"
      },
      "possessive" : {
        "%NAME" : "possessive",
        "%RANGE" : "uima.cas.String"
      },
      "pronType" : {
        "%NAME" : "pronType",
        "%RANGE" : "uima.cas.String"
      },
      "reflex" : {
        "%NAME" : "reflex",
        "%RANGE" : "uima.cas.String"
      },
      "transitivity" : {
        "%NAME" : "transitivity",
        "%RANGE" : "uima.cas.String"
      }
    },
    "de.tudarmstadt.ukp.dkpro.core.api.lexmorph.type.pos.POS" : {
      "%NAME" : "de.tudarmstadt.ukp.dkpro.core.api.lexmorph.type.pos.POS",
      "%SUPER_TYPE" : "uima.tcas.Annotation",
      "PosValue" : {
        "%NAME" : "PosValue",
        "%RANGE" : "uima.cas.String"
      },
      "coarseValue" : {
        "%NAME" : "coarseValue",
        "%RANGE" : "uima.cas.String"
      }
    },
    "de.tudarmstadt.ukp.dkpro.core.api.metadata.type.DocumentMetaData" : {
      "%NAME" : "de.tudarmstadt.ukp.dkpro.core.api.metadata.type.DocumentMetaData",
      "%SUPER_TYPE" : "uima.tcas.DocumentAnnotation",
      "documentTitle" : {
        "%NAME" : "documentTitle",
        "%RANGE" : "uima.cas.String"
      },
      "documentId" : {
        "%NAME" : "documentId",
        "%RANGE" : "uima.cas.String"
      },
      "documentUri" : {
        "%NAME" : "documentUri",
        "%RANGE" : "uima.cas.String"
      },
      "collectionId" : {
        "%NAME" : "collectionId",
        "%RANGE" : "uima.cas.String"
      },
      "documentBaseUri" : {
        "%NAME" : "documentBaseUri",
        "%RANGE" : "uima.cas.String"
      },
      "isLastSegment" : {
        "%NAME" : "isLastSegment",
        "%RANGE" : "uima.cas.Boolean"
      }
    },
    "de.tudarmstadt.ukp.dkpro.core.api.metadata.type.TagDescription" : {
      "%NAME" : "de.tudarmstadt.ukp.dkpro.core.api.metadata.type.TagDescription",
      "%SUPER_TYPE" : "uima.cas.TOP",
      "name" : {
        "%NAME" : "name",
        "%RANGE" : "uima.cas.String"
      }
    },
    "de.tudarmstadt.ukp.dkpro.core.api.metadata.type.TagsetDescription" : {
      "%NAME" : "de.tudarmstadt.ukp.dkpro.core.api.metadata.type.TagsetDescription",
      "%SUPER_TYPE" : "uima.tcas.Annotation",
      "layer" : {
        "%NAME" : "layer",
        "%RANGE" : "uima.cas.String"
      },
      "name" : {
        "%NAME" : "name",
        "%RANGE" : "uima.cas.String"
      },
      "tags" : {
        "%NAME" : "tags",
        "%RANGE" : "de.tudarmstadt.ukp.dkpro.core.api.metadata.type.TagDescription[]"
      },
      "componentName" : {
        "%NAME" : "componentName",
        "%RANGE" : "uima.cas.String"
      },
      "modelLocation" : {
        "%NAME" : "modelLocation",
        "%RANGE" : "uima.cas.String"
      },
      "modelVariant" : {
        "%NAME" : "modelVariant",
        "%RANGE" : "uima.cas.String"
      },
      "modelLanguage" : {
        "%NAME" : "modelLanguage",
        "%RANGE" : "uima.cas.String"
      },
      "modelVersion" : {
        "%NAME" : "modelVersion",
        "%RANGE" : "uima.cas.String"
      },
      "input" : {
        "%NAME" : "input",
        "%RANGE" : "uima.cas.Boolean"
      }
    },
    "de.tudarmstadt.ukp.dkpro.core.api.segmentation.type.Lemma" : {
      "%NAME" : "de.tudarmstadt.ukp.dkpro.core.api.segmentation.type.Lemma",
      "%SUPER_TYPE" : "uima.tcas.Annotation",
      "value" : {
        "%NAME" : "value",
        "%RANGE" : "uima.cas.String"
      }
    },
    "de.tudarmstadt.ukp.dkpro.core.api.segmentation.type.Sentence" : {
      "%NAME" : "de.tudarmstadt.ukp.dkpro.core.api.segmentation.type.Sentence",
      "%SUPER_TYPE" : "uima.tcas.Annotation",
      "id" : {
        "%NAME" : "id",
        "%RANGE" : "uima.cas.String"
      }
    },
    "de.tudarmstadt.ukp.dkpro.core.api.segmentation.type.Stem" : {
      "%NAME" : "de.tudarmstadt.ukp.dkpro.core.api.segmentation.type.Stem",
      "%SUPER_TYPE" : "uima.tcas.Annotation",
      "value" : {
        "%NAME" : "value",
        "%RANGE" : "uima.cas.String"
      }
    },
    "de.tudarmstadt.ukp.dkpro.core.api.segmentation.type.Token" : {
      "%NAME" : "de.tudarmstadt.ukp.dkpro.core.api.segmentation.type.Token",
      "%SUPER_TYPE" : "uima.tcas.Annotation",
      "parent" : {
        "%NAME" : "parent",
        "%RANGE" : "uima.tcas.Annotation"
      },
      "lemma" : {
        "%NAME" : "lemma",
        "%RANGE" : "de.tudarmstadt.ukp.dkpro.core.api.segmentation.type.Lemma"
      },
      "stem" : {
        "%NAME" : "stem",
        "%RANGE" : "de.tudarmstadt.ukp.dkpro.core.api.segmentation.type.Stem"
      },
      "pos" : {
        "%NAME" : "pos",
        "%RANGE" : "de.tudarmstadt.ukp.dkpro.core.api.lexmorph.type.pos.POS"
      },
      "morph" : {
        "%NAME" : "morph",
        "%RANGE" : "de.tudarmstadt.ukp.dkpro.core.api.lexmorph.type.morph.MorphologicalFeatures"
      },
      "id" : {
        "%NAME" : "id",
        "%RANGE" : "uima.cas.String"
      },
      "form" : {
        "%NAME" : "form",
        "%RANGE" : "de.tudarmstadt.ukp.dkpro.core.api.segmentation.type.TokenForm"
      },
      "syntacticFunction" : {
        "%NAME" : "syntacticFunction",
        "%RANGE" : "uima.cas.String"
      },
      "order" : {
        "%NAME" : "order",
        "%RANGE" : "uima.cas.Integer"
      }
    },
    "de.tudarmstadt.ukp.dkpro.core.api.segmentation.type.TokenForm" : {
      "%NAME" : "de.tudarmstadt.ukp.dkpro.core.api.segmentation.type.TokenForm",
      "%SUPER_TYPE" : "uima.tcas.Annotation",
      "value" : {
        "%NAME" : "value",
        "%RANGE" : "uima.cas.String"
      }
    }
  },
  "%FEATURE_STRUCTURES" : [ {
    "%ID" : 1,
    "%TYPE" : "de.tudarmstadt.ukp.clarin.webanno.api.type.FeatureDefinition",
    "@layer" : 2,
    "name" : "Dependent",
    "uiName" : "Target"
  }, {
    "%ID" : 3,
    "%TYPE" : "de.tudarmstadt.ukp.clarin.webanno.api.type.FeatureDefinition",
    "@layer" : 2,
    "name" : "Dialecticalrole",
    "uiName" : "Dialectical role"
  }, {
    "%ID" : 4,
    "%TYPE" : "de.tudarmstadt.ukp.clarin.webanno.api.type.FeatureDefinition",
    "@layer" : 2,
    "name" : "Governor",
    "uiName" : "Source"
  }, {
    "%ID" : 5,
    "%TYPE" : "de.tudarmstadt.ukp.clarin.webanno.api.type.FeatureDefinition",
    "@layer" : 2,
    "name" : "argumentation_scheme",
    "uiName" : "argumentation_scheme"
  }, {
    "%ID" : 6,
    "%TYPE" : "de.tudarmstadt.ukp.clarin.webanno.api.type.FeatureDefinition",
    "@layer" : 7,
    "name" : "prem_claim",
    "uiName" : "prem_claim"
  }, {
    "%ID" : 8,
    "%TYPE" : "de.tudarmstadt.ukp.clarin.webanno.api.type.FeatureDefinition",
    "@layer" : 9,
    "name" : "argument_schemes",
    "uiName" : "argument_schemes"
  }, {
    "%ID" : 2,
    "%TYPE" : "de.tudarmstadt.ukp.clarin.webanno.api.type.LayerDefinition",
    "name" : "custom.Relation",
    "uiName" : "Relation"
  }, {
    "%ID" : 7,
    "%TYPE" : "de.tudarmstadt.ukp.clarin.webanno.api.type.LayerDefinition",
    "name" : "custom.Span",
    "uiName" : "Span"
  }, {
    "%ID" : 9,
    "%TYPE" : "de.tudarmstadt.ukp.clarin.webanno.api.type.LayerDefinition",
    "name" : "webanno.custom.Argumentation_schemes",
    "uiName" : "Argumentation_schemes"
  }, {
    "%ID" : 10,
    "%TYPE" : "de.tudarmstadt.ukp.dkpro.core.api.metadata.type.DocumentMetaData",
    "@sofa" : 11,
    "begin" : 0,
    "end" : 2413,
    "language" : "x-unspecified",
    "documentTitle" : "UNSC_2014_SPV.7219_spch013_sentsplit_Argentina.txt",
    "documentId" : "INITIAL_CAS",
    "documentUri" : "argumentation-scheme-in-unsc-speeches/INITIAL_CAS",
    "collectionId" : "argumentation-scheme-in-unsc-speeches/INITIAL_CAS",
    "documentBaseUri" : "argumentation-scheme-in-unsc-speeches",
    "isLastSegment" : false
  }, {
    "%ID" : 12,
    "%TYPE" : "de.tudarmstadt.ukp.dkpro.core.api.metadata.type.TagsetDescription",
    "@sofa" : 11,
    "begin" : 0,
    "end" : 0,
    "layer" : "webanno.custom.Argumentation_schemes",
    "name" : "Argumentation_schemes",
    "input" : false
  }, {
    "%ID" : 13,
    "%TYPE" : "de.tudarmstadt.ukp.dkpro.core.api.metadata.type.TagsetDescription",
    "@sofa" : 11,
    "begin" : 0,
    "end" : 0,
    "layer" : "custom.Relation",
    "name" : "Argumentation_schemes",
    "input" : false
  }, {
    "%ID" : 14,
    "%TYPE" : "de.tudarmstadt.ukp.dkpro.core.api.metadata.type.TagsetDescription",
    "@sofa" : 11,
    "begin" : 0,
    "end" : 0,
    "layer" : "custom.Span",
    "name" : "Span labels",
    "input" : false
  }, {
    "%ID" : 15,
    "%TYPE" : "de.tudarmstadt.ukp.dkpro.core.api.segmentation.type.Sentence",
    "@sofa" : 11,
    "begin" : 0,
    "end" : 196
  }, {
    "%ID" : 16,
    "%TYPE" : "de.tudarmstadt.ukp.dkpro.core.api.segmentation.type.Sentence",
    "@sofa" : 11,
    "begin" : 198,
    "end" : 391
  }, {
    "%ID" : 17,
    "%TYPE" : "de.tudarmstadt.ukp.dkpro.core.api.segmentation.type.Sentence",
    "@sofa" : 11,
    "begin" : 392,
    "end" : 562
  }, {
    "%ID" : 18,
    "%TYPE" : "de.tudarmstadt.ukp.dkpro.core.api.segmentation.type.Sentence",
    "@sofa" : 11,
    "begin" : 563,
    "end" : 817
  }, {
    "%ID" : 19,
    "%TYPE" : "de.tudarmstadt.ukp.dkpro.core.api.segmentation.type.Sentence",
    "@sofa" : 11,
    "begin" : 819,
    "end" : 869
  }, {
    "%ID" : 20,
    "%TYPE" : "de.tudarmstadt.ukp.dkpro.core.api.segmentation.type.Sentence",
    "@sofa" : 11,
    "begin" : 870,
    "end" : 1013
  }, {
    "%ID" : 21,
    "%TYPE" : "de.tudarmstadt.ukp.dkpro.core.api.segmentation.type.Sentence",
    "@sofa" : 11,
    "begin" : 1014,
    "end" : 1146
  }, {
    "%ID" : 22,
    "%TYPE" : "de.tudarmstadt.ukp.dkpro.core.api.segmentation.type.Sentence",
    "@sofa" : 11,
    "begin" : 1148,
    "end" : 1389
  }, {
    "%ID" : 23,
    "%TYPE" : "de.tudarmstadt.ukp.dkpro.core.api.segmentation.type.Sentence",
    "@sofa" : 11,
    "begin" : 1390,
    "end" : 1712
  }, {
    "%ID" : 24,
    "%TYPE" : "de.tudarmstadt.ukp.dkpro.core.api.segmentation.type.Sentence",
    "@sofa" : 11,
    "begin" : 1714,
    "end" : 1906
  }, {
    "%ID" : 25,
    "%TYPE" : "de.tudarmstadt.ukp.dkpro.core.api.segmentation.type.Sentence",
    "@sofa" : 11,
    "begin" : 1907,
    "end" : 2070
  }, {
    "%ID" : 26,
    "%TYPE" : "de.tudarmstadt.ukp.dkpro.core.api.segmentation.type.Sentence",
    "@sofa" : 11,
    "begin" : 2072,
    "end" : 2106
  }, {
    "%ID" : 27,
    "%TYPE" : "de.tudarmstadt.ukp.dkpro.core.api.segmentation.type.Sentence",
    "@sofa" : 11,
    "begin" : 2107,
    "end" : 2146
  }, {
    "%ID" : 28,
    "%TYPE" : "de.tudarmstadt.ukp.dkpro.core.api.segmentation.type.Sentence",
    "@sofa" : 11,
    "begin" : 2147,
    "end" : 2211
  }, {
    "%ID" : 29,
    "%TYPE" : "de.tudarmstadt.ukp.dkpro.core.api.segmentation.type.Sentence",
    "@sofa" : 11,
    "begin" : 2212,
    "end" : 2255
  }, {
    "%ID" : 30,
    "%TYPE" : "de.tudarmstadt.ukp.dkpro.core.api.segmentation.type.Sentence",
    "@sofa" : 11,
    "begin" : 2256,
    "end" : 2380
  }, {
    "%ID" : 31,
    "%TYPE" : "de.tudarmstadt.ukp.dkpro.core.api.segmentation.type.Sentence",
    "@sofa" : 11,
    "begin" : 2381,
    "end" : 2411
  }, {
    "%ID" : 32,
    "%TYPE" : "de.tudarmstadt.ukp.dkpro.core.api.segmentation.type.Token",
    "@sofa" : 11,
    "begin" : 0,
    "end" : 1,
    "order" : 0
  }, {
    "%ID" : 33,
    "%TYPE" : "de.tudarmstadt.ukp.dkpro.core.api.segmentation.type.Token",
    "@sofa" : 11,
    "begin" : 2,
    "end" : 7,
    "order" : 0
  }, {
    "%ID" : 34,
    "%TYPE" : "de.tudarmstadt.ukp.dkpro.core.api.segmentation.type.Token",
    "@sofa" : 11,
    "begin" : 8,
    "end" : 12,
    "order" : 0
  }, {
    "%ID" : 35,
    "%TYPE" : "de.tudarmstadt.ukp.dkpro.core.api.segmentation.type.Token",
    "@sofa" : 11,
    "begin" : 13,
    "end" : 15,
    "order" : 0
  }, {
    "%ID" : 36,
    "%TYPE" : "de.tudarmstadt.ukp.dkpro.core.api.segmentation.type.Token",
    "@sofa" : 11,
    "begin" : 16,
    "end" : 21,
    "order" : 0
  }, {
    "%ID" : 37,
    "%TYPE" : "de.tudarmstadt.ukp.dkpro.core.api.segmentation.type.Token",
    "@sofa" : 11,
    "begin" : 22,
    "end" : 24,
    "order" : 0
  }, {
    "%ID" : 38,
    "%TYPE" : "de.tudarmstadt.ukp.dkpro.core.api.segmentation.type.Token",
    "@sofa" : 11,
    "begin" : 24,
    "end" : 25,
    "order" : 0
  }, {
    "%ID" : 39,
    "%TYPE" : "de.tudarmstadt.ukp.dkpro.core.api.segmentation.type.Token",
    "@sofa" : 11,
    "begin" : 26,
    "end" : 33,
    "order" : 0
  }, {
    "%ID" : 40,
    "%TYPE" : "de.tudarmstadt.ukp.dkpro.core.api.segmentation.type.Token",
    "@sofa" : 11,
    "begin" : 34,
    "end" : 41,
    "order" : 0
  }, {
    "%ID" : 41,
    "%TYPE" : "de.tudarmstadt.ukp.dkpro.core.api.segmentation.type.Token",
    "@sofa" : 11,
    "begin" : 42,
    "end" : 45,
    "order" : 0
  }, {
    "%ID" : 42,
    "%TYPE" : "de.tudarmstadt.ukp.dkpro.core.api.segmentation.type.Token",
    "@sofa" : 11,
    "begin" : 46,
    "end" : 49,
    "order" : 0
  }, {
    "%ID" : 43,
    "%TYPE" : "de.tudarmstadt.ukp.dkpro.core.api.segmentation.type.Token",
    "@sofa" : 11,
    "begin" : 50,
    "end" : 58,
    "order" : 0
  }, {
    "%ID" : 44,
    "%TYPE" : "de.tudarmstadt.ukp.dkpro.core.api.segmentation.type.Token",
    "@sofa" : 11,
    "begin" : 59,
    "end" : 61,
    "order" : 0
  }, {
    "%ID" : 45,
    "%TYPE" : "de.tudarmstadt.ukp.dkpro.core.api.segmentation.type.Token",
    "@sofa" : 11,
    "begin" : 62,
    "end" : 65,
    "order" : 0
  }, {
    "%ID" : 46,
    "%TYPE" : "de.tudarmstadt.ukp.dkpro.core.api.segmentation.type.Token",
    "@sofa" : 11,
    "begin" : 66,
    "end" : 72,
    "order" : 0
  }, {
    "%ID" : 47,
    "%TYPE" : "de.tudarmstadt.ukp.dkpro.core.api.segmentation.type.Token",
    "@sofa" : 11,
    "begin" : 73,
    "end" : 79,
    "order" : 0
  }, {
    "%ID" : 48,
    "%TYPE" : "de.tudarmstadt.ukp.dkpro.core.api.segmentation.type.Token",
    "@sofa" : 11,
    "begin" : 80,
    "end" : 82,
    "order" : 0
  }, {
    "%ID" : 49,
    "%TYPE" : "de.tudarmstadt.ukp.dkpro.core.api.segmentation.type.Token",
    "@sofa" : 11,
    "begin" : 83,
    "end" : 90,
    "order" : 0
  }, {
    "%ID" : 50,
    "%TYPE" : "de.tudarmstadt.ukp.dkpro.core.api.segmentation.type.Token",
    "@sofa" : 11,
    "begin" : 91,
    "end" : 94,
    "order" : 0
  }, {
    "%ID" : 51,
    "%TYPE" : "de.tudarmstadt.ukp.dkpro.core.api.segmentation.type.Token",
    "@sofa" : 11,
    "begin" : 95,
    "end" : 98,
    "order" : 0
  }, {
    "%ID" : 52,
    "%TYPE" : "de.tudarmstadt.ukp.dkpro.core.api.segmentation.type.Token",
    "@sofa" : 11,
    "begin" : 99,
    "end" : 109,
    "order" : 0
  }, {
    "%ID" : 53,
    "%TYPE" : "de.tudarmstadt.ukp.dkpro.core.api.segmentation.type.Token",
    "@sofa" : 11,
    "begin" : 110,
    "end" : 113,
    "order" : 0
  }, {
    "%ID" : 54,
    "%TYPE" : "de.tudarmstadt.ukp.dkpro.core.api.segmentation.type.Token",
    "@sofa" : 11,
    "begin" : 114,
    "end" : 122,
    "order" : 0
  }, {
    "%ID" : 55,
    "%TYPE" : "de.tudarmstadt.ukp.dkpro.core.api.segmentation.type.Token",
    "@sofa" : 11,
    "begin" : 123,
    "end" : 134,
    "order" : 0
  }, {
    "%ID" : 56,
    "%TYPE" : "de.tudarmstadt.ukp.dkpro.core.api.segmentation.type.Token",
    "@sofa" : 11,
    "begin" : 135,
    "end" : 137,
    "order" : 0
  }, {
    "%ID" : 57,
    "%TYPE" : "de.tudarmstadt.ukp.dkpro.core.api.segmentation.type.Token",
    "@sofa" : 11,
    "begin" : 138,
    "end" : 141,
    "order" : 0
  }, {
    "%ID" : 58,
    "%TYPE" : "de.tudarmstadt.ukp.dkpro.core.api.segmentation.type.Token",
    "@sofa" : 11,
    "begin" : 142,
    "end" : 159,
    "order" : 0
  }, {
    "%ID" : 59,
    "%TYPE" : "de.tudarmstadt.ukp.dkpro.core.api.segmentation.type.Token",
    "@sofa" : 11,
    "begin" : 160,
    "end" : 162,
    "order" : 0
  }, {
    "%ID" : 60,
    "%TYPE" : "de.tudarmstadt.ukp.dkpro.core.api.segmentation.type.Token",
    "@sofa" : 11,
    "begin" : 163,
    "end" : 173,
    "order" : 0
  }, {
    "%ID" : 61,
    "%TYPE" : "de.tudarmstadt.ukp.dkpro.core.api.segmentation.type.Token",
    "@sofa" : 11,
    "begin" : 174,
    "end" : 176,
    "order" : 0
  }, {
    "%ID" : 62,
    "%TYPE" : "de.tudarmstadt.ukp.dkpro.core.api.segmentation.type.Token",
    "@sofa" : 11,
    "begin" : 177,
    "end" : 182,
    "order" : 0
  }, {
    "%ID" : 63,
    "%TYPE" : "de.tudarmstadt.ukp.dkpro.core.api.segmentation.type.Token",
    "@sofa" : 11,
    "begin" : 183,
    "end" : 186,
    "order" : 0
  }, {
    "%ID" : 64,
    "%TYPE" : "de.tudarmstadt.ukp.dkpro.core.api.segmentation.type.Token",
    "@sofa" : 11,
    "begin" : 187,
    "end" : 195,
    "order" : 0
  }, {
    "%ID" : 65,
    "%TYPE" : "de.tudarmstadt.ukp.dkpro.core.api.segmentation.type.Token",
    "@sofa" : 11,
    "begin" : 195,
    "end" : 196,
    "order" : 0
  }, {
    "%ID" : 66,
    "%TYPE" : "de.tudarmstadt.ukp.dkpro.core.api.segmentation.type.Token",
    "@sofa" : 11,
    "begin" : 198,
    "end" : 201,
    "order" : 0
  }, {
    "%ID" : 67,
    "%TYPE" : "de.tudarmstadt.ukp.dkpro.core.api.segmentation.type.Token",
    "@sofa" : 11,
    "begin" : 202,
    "end" : 212,
    "order" : 0
  }, {
    "%ID" : 68,
    "%TYPE" : "de.tudarmstadt.ukp.dkpro.core.api.segmentation.type.Token",
    "@sofa" : 11,
    "begin" : 213,
    "end" : 216,
    "order" : 0
  }, {
    "%ID" : 69,
    "%TYPE" : "de.tudarmstadt.ukp.dkpro.core.api.segmentation.type.Token",
    "@sofa" : 11,
    "begin" : 217,
    "end" : 220,
    "order" : 0
  }, {
    "%ID" : 70,
    "%TYPE" : "de.tudarmstadt.ukp.dkpro.core.api.segmentation.type.Token",
    "@sofa" : 11,
    "begin" : 221,
    "end" : 227,
    "order" : 0
  }, {
    "%ID" : 71,
    "%TYPE" : "de.tudarmstadt.ukp.dkpro.core.api.segmentation.type.Token",
    "@sofa" : 11,
    "begin" : 228,
    "end" : 230,
    "order" : 0
  }, {
    "%ID" : 72,
    "%TYPE" : "de.tudarmstadt.ukp.dkpro.core.api.segmentation.type.Token",
    "@sofa" : 11,
    "begin" : 231,
    "end" : 240,
    "order" : 0
  }, {
    "%ID" : 73,
    "%TYPE" : "de.tudarmstadt.ukp.dkpro.core.api.segmentation.type.Token",
    "@sofa" : 11,
    "begin" : 241,
    "end" : 248,
    "order" : 0
  }, {
    "%ID" : 74,
    "%TYPE" : "de.tudarmstadt.ukp.dkpro.core.api.segmentation.type.Token",
    "@sofa" : 11,
    "begin" : 249,
    "end" : 254,
    "order" : 0
  }, {
    "%ID" : 75,
    "%TYPE" : "de.tudarmstadt.ukp.dkpro.core.api.segmentation.type.Token",
    "@sofa" : 11,
    "begin" : 255,
    "end" : 263,
    "order" : 0
  }, {
    "%ID" : 76,
    "%TYPE" : "de.tudarmstadt.ukp.dkpro.core.api.segmentation.type.Token",
    "@sofa" : 11,
    "begin" : 264,
    "end" : 271,
    "order" : 0
  }, {
    "%ID" : 77,
    "%TYPE" : "de.tudarmstadt.ukp.dkpro.core.api.segmentation.type.Token",
    "@sofa" : 11,
    "begin" : 271,
    "end" : 272,
    "order" : 0
  }, {
    "%ID" : 78,
    "%TYPE" : "de.tudarmstadt.ukp.dkpro.core.api.segmentation.type.Token",
    "@sofa" : 11,
    "begin" : 273,
    "end" : 277,
    "order" : 0
  }, {
    "%ID" : 79,
    "%TYPE" : "de.tudarmstadt.ukp.dkpro.core.api.segmentation.type.Token",
    "@sofa" : 11,
    "begin" : 277,
    "end" : 278,
    "order" : 0
  }, {
    "%ID" : 80,
    "%TYPE" : "de.tudarmstadt.ukp.dkpro.core.api.segmentation.type.Token",
    "@sofa" : 11,
    "begin" : 279,
    "end" : 289,
    "order" : 0
  }, {
    "%ID" : 81,
    "%TYPE" : "de.tudarmstadt.ukp.dkpro.core.api.segmentation.type.Token",
    "@sofa" : 11,
    "begin" : 290,
    "end" : 293,
    "order" : 0
  }, {
    "%ID" : 82,
    "%TYPE" : "de.tudarmstadt.ukp.dkpro.core.api.segmentation.type.Token",
    "@sofa" : 11,
    "begin" : 294,
    "end" : 301,
    "order" : 0
  }, {
    "%ID" : 83,
    "%TYPE" : "de.tudarmstadt.ukp.dkpro.core.api.segmentation.type.Token",
    "@sofa" : 11,
    "begin" : 302,
    "end" : 313,
    "order" : 0
  }, {
    "%ID" : 84,
    "%TYPE" : "de.tudarmstadt.ukp.dkpro.core.api.segmentation.type.Token",
    "@sofa" : 11,
    "begin" : 314,
    "end" : 316,
    "order" : 0
  }, {
    "%ID" : 85,
    "%TYPE" : "de.tudarmstadt.ukp.dkpro.core.api.segmentation.type.Token",
    "@sofa" : 11,
    "begin" : 317,
    "end" : 320,
    "order" : 0
  }, {
    "%ID" : 86,
    "%TYPE" : "de.tudarmstadt.ukp.dkpro.core.api.segmentation.type.Token",
    "@sofa" : 11,
    "begin" : 321,
    "end" : 329,
    "order" : 0
  }, {
    "%ID" : 87,
    "%TYPE" : "de.tudarmstadt.ukp.dkpro.core.api.segmentation.type.Token",
    "@sofa" : 11,
    "begin" : 330,
    "end" : 332,
    "order" : 0
  }, {
    "%ID" : 88,
    "%TYPE" : "de.tudarmstadt.ukp.dkpro.core.api.segmentation.type.Token",
    "@sofa" : 11,
    "begin" : 333,
    "end" : 336,
    "order" : 0
  }, {
    "%ID" : 89,
    "%TYPE" : "de.tudarmstadt.ukp.dkpro.core.api.segmentation.type.Token",
    "@sofa" : 11,
    "begin" : 337,
    "end" : 344,
    "order" : 0
  }, {
    "%ID" : 90,
    "%TYPE" : "de.tudarmstadt.ukp.dkpro.core.api.segmentation.type.Token",
    "@sofa" : 11,
    "begin" : 345,
    "end" : 347,
    "order" : 0
  }, {
    "%ID" : 91,
    "%TYPE" : "de.tudarmstadt.ukp.dkpro.core.api.segmentation.type.Token",
    "@sofa" : 11,
    "begin" : 348,
    "end" : 359,
    "order" : 0
  }, {
    "%ID" : 92,
    "%TYPE" : "de.tudarmstadt.ukp.dkpro.core.api.segmentation.type.Token",
    "@sofa" : 11,
    "begin" : 360,
    "end" : 366,
    "order" : 0
  }, {
    "%ID" : 93,
    "%TYPE" : "de.tudarmstadt.ukp.dkpro.core.api.segmentation.type.Token",
    "@sofa" : 11,
    "begin" : 367,
    "end" : 375,
    "order" : 0
  }, {
    "%ID" : 94,
    "%TYPE" : "de.tudarmstadt.ukp.dkpro.core.api.segmentation.type.Token",
    "@sofa" : 11,
    "begin" : 376,
    "end" : 384,
    "order" : 0
  }, {
    "%ID" : 95,
    "%TYPE" : "de.tudarmstadt.ukp.dkpro.core.api.segmentation.type.Token",
    "@sofa" : 11,
    "begin" : 385,
    "end" : 390,
    "order" : 0
  }, {
    "%ID" : 96,
    "%TYPE" : "de.tudarmstadt.ukp.dkpro.core.api.segmentation.type.Token",
    "@sofa" : 11,
    "begin" : 390,
    "end" : 391,
    "order" : 0
  }, {
    "%ID" : 97,
    "%TYPE" : "de.tudarmstadt.ukp.dkpro.core.api.segmentation.type.Token",
    "@sofa" : 11,
    "begin" : 392,
    "end" : 394,
    "order" : 0
  }, {
    "%ID" : 98,
    "%TYPE" : "de.tudarmstadt.ukp.dkpro.core.api.segmentation.type.Token",
    "@sofa" : 11,
    "begin" : 395,
    "end" : 399,
    "order" : 0
  }, {
    "%ID" : 99,
    "%TYPE" : "de.tudarmstadt.ukp.dkpro.core.api.segmentation.type.Token",
    "@sofa" : 11,
    "begin" : 400,
    "end" : 407,
    "order" : 0
  }, {
    "%ID" : 100,
    "%TYPE" : "de.tudarmstadt.ukp.dkpro.core.api.segmentation.type.Token",
    "@sofa" : 11,
    "begin" : 408,
    "end" : 411,
    "order" : 0
  }, {
    "%ID" : 101,
    "%TYPE" : "de.tudarmstadt.ukp.dkpro.core.api.segmentation.type.Token",
    "@sofa" : 11,
    "begin" : 412,
    "end" : 423,
    "order" : 0
  }, {
    "%ID" : 102,
    "%TYPE" : "de.tudarmstadt.ukp.dkpro.core.api.segmentation.type.Token",
    "@sofa" : 11,
    "begin" : 424,
    "end" : 426,
    "order" : 0
  }, {
    "%ID" : 103,
    "%TYPE" : "de.tudarmstadt.ukp.dkpro.core.api.segmentation.type.Token",
    "@sofa" : 11,
    "begin" : 427,
    "end" : 430,
    "order" : 0
  }, {
    "%ID" : 104,
    "%TYPE" : "de.tudarmstadt.ukp.dkpro.core.api.segmentation.type.Token",
    "@sofa" : 11,
    "begin" : 431,
    "end" : 437,
    "order" : 0
  }, {
    "%ID" : 105,
    "%TYPE" : "de.tudarmstadt.ukp.dkpro.core.api.segmentation.type.Token",
    "@sofa" : 11,
    "begin" : 438,
    "end" : 441,
    "order" : 0
  }, {
    "%ID" : 106,
    "%TYPE" : "de.tudarmstadt.ukp.dkpro.core.api.segmentation.type.Token",
    "@sofa" : 11,
    "begin" : 442,
    "end" : 445,
    "order" : 0
  }, {
    "%ID" : 107,
    "%TYPE" : "de.tudarmstadt.ukp.dkpro.core.api.segmentation.type.Token",
    "@sofa" : 11,
    "begin" : 446,
    "end" : 456,
    "order" : 0
  }, {
    "%ID" : 108,
    "%TYPE" : "de.tudarmstadt.ukp.dkpro.core.api.segmentation.type.Token",
    "@sofa" : 11,
    "begin" : 457,
    "end" : 459,
    "order" : 0
  }, {
    "%ID" : 109,
    "%TYPE" : "de.tudarmstadt.ukp.dkpro.core.api.segmentation.type.Token",
    "@sofa" : 11,
    "begin" : 460,
    "end" : 467,
    "order" : 0
  }, {
    "%ID" : 110,
    "%TYPE" : "de.tudarmstadt.ukp.dkpro.core.api.segmentation.type.Token",
    "@sofa" : 11,
    "begin" : 468,
    "end" : 471,
    "order" : 0
  }, {
    "%ID" : 111,
    "%TYPE" : "de.tudarmstadt.ukp.dkpro.core.api.segmentation.type.Token",
    "@sofa" : 11,
    "begin" : 472,
    "end" : 474,
    "order" : 0
  }, {
    "%ID" : 112,
    "%TYPE" : "de.tudarmstadt.ukp.dkpro.core.api.segmentation.type.Token",
    "@sofa" : 11,
    "begin" : 475,
    "end" : 478,
    "order" : 0
  }, {
    "%ID" : 113,
    "%TYPE" : "de.tudarmstadt.ukp.dkpro.core.api.segmentation.type.Token",
    "@sofa" : 11,
    "begin" : 479,
    "end" : 490,
    "order" : 0
  }, {
    "%ID" : 114,
    "%TYPE" : "de.tudarmstadt.ukp.dkpro.core.api.segmentation.type.Token",
    "@sofa" : 11,
    "begin" : 491,
    "end" : 494,
    "order" : 0
  }, {
    "%ID" : 115,
    "%TYPE" : "de.tudarmstadt.ukp.dkpro.core.api.segmentation.type.Token",
    "@sofa" : 11,
    "begin" : 495,
    "end" : 498,
    "order" : 0
  }, {
    "%ID" : 116,
    "%TYPE" : "de.tudarmstadt.ukp.dkpro.core.api.segmentation.type.Token",
    "@sofa" : 11,
    "begin" : 499,
    "end" : 506,
    "order" : 0
  }, {
    "%ID" : 117,
    "%TYPE" : "de.tudarmstadt.ukp.dkpro.core.api.segmentation.type.Token",
    "@sofa" : 11,
    "begin" : 507,
    "end" : 509,
    "order" : 0
  }, {
    "%ID" : 118,
    "%TYPE" : "de.tudarmstadt.ukp.dkpro.core.api.segmentation.type.Token",
    "@sofa" : 11,
    "begin" : 510,
    "end" : 513,
    "order" : 0
  }, {
    "%ID" : 119,
    "%TYPE" : "de.tudarmstadt.ukp.dkpro.core.api.segmentation.type.Token",
    "@sofa" : 11,
    "begin" : 514,
    "end" : 519,
    "order" : 0
  }, {
    "%ID" : 120,
    "%TYPE" : "de.tudarmstadt.ukp.dkpro.core.api.segmentation.type.Token",
    "@sofa" : 11,
    "begin" : 520,
    "end" : 529,
    "order" : 0
  }, {
    "%ID" : 121,
    "%TYPE" : "de.tudarmstadt.ukp.dkpro.core.api.segmentation.type.Token",
    "@sofa" : 11,
    "begin" : 530,
    "end" : 535,
    "order" : 0
  }, {
    "%ID" : 122,
    "%TYPE" : "de.tudarmstadt.ukp.dkpro.core.api.segmentation.type.Token",
    "@sofa" : 11,
    "begin" : 536,
    "end" : 544,
    "order" : 0
  }, {
    "%ID" : 123,
    "%TYPE" : "de.tudarmstadt.ukp.dkpro.core.api.segmentation.type.Token",
    "@sofa" : 11,
    "begin" : 545,
    "end" : 549,
    "order" : 0
  }, {
    "%ID" : 124,
    "%TYPE" : "de.tudarmstadt.ukp.dkpro.core.api.segmentation.type.Token",
    "@sofa" : 11,
    "begin" : 550,
    "end" : 555,
    "order" : 0
  }, {
    "%ID" : 125,
    "%TYPE" : "de.tudarmstadt.ukp.dkpro.core.api.segmentation.type.Token",
    "@sofa" : 11,
    "begin" : 556,
    "end" : 561,
    "order" : 0
  }, {
    "%ID" : 126,
    "%TYPE" : "de.tudarmstadt.ukp.dkpro.core.api.segmentation.type.Token",
    "@sofa" : 11,
    "begin" : 561,
    "end" : 562,
    "order" : 0
  }, {
    "%ID" : 127,
    "%TYPE" : "de.tudarmstadt.ukp.dkpro.core.api.segmentation.type.Token",
    "@sofa" : 11,
    "begin" : 563,
    "end" : 565,
    "order" : 0
  }, {
    "%ID" : 128,
    "%TYPE" : "de.tudarmstadt.ukp.dkpro.core.api.segmentation.type.Token",
    "@sofa" : 11,
    "begin" : 566,
    "end" : 576,
    "order" : 0
  }, {
    "%ID" : 129,
    "%TYPE" : "de.tudarmstadt.ukp.dkpro.core.api.segmentation.type.Token",
    "@sofa" : 11,
    "begin" : 576,
    "end" : 577,
    "order" : 0
  }, {
    "%ID" : 130,
    "%TYPE" : "de.tudarmstadt.ukp.dkpro.core.api.segmentation.type.Token",
    "@sofa" : 11,
    "begin" : 578,
    "end" : 580,
    "order" : 0
  }, {
    "%ID" : 131,
    "%TYPE" : "de.tudarmstadt.ukp.dkpro.core.api.segmentation.type.Token",
    "@sofa" : 11,
    "begin" : 581,
    "end" : 584,
    "order" : 0
  }, {
    "%ID" : 132,
    "%TYPE" : "de.tudarmstadt.ukp.dkpro.core.api.segmentation.type.Token",
    "@sofa" : 11,
    "begin" : 585,
    "end" : 589,
    "order" : 0
  }, {
    "%ID" : 133,
    "%TYPE" : "de.tudarmstadt.ukp.dkpro.core.api.segmentation.type.Token",
    "@sofa" : 11,
    "begin" : 590,
    "end" : 593,
    "order" : 0
  }, {
    "%ID" : 134,
    "%TYPE" : "de.tudarmstadt.ukp.dkpro.core.api.segmentation.type.Token",
    "@sofa" : 11,
    "begin" : 594,
    "end" : 604,
    "order" : 0
  }, {
    "%ID" : 135,
    "%TYPE" : "de.tudarmstadt.ukp.dkpro.core.api.segmentation.type.Token",
    "@sofa" : 11,
    "begin" : 605,
    "end" : 610,
    "order" : 0
  }, {
    "%ID" : 136,
    "%TYPE" : "de.tudarmstadt.ukp.dkpro.core.api.segmentation.type.Token",
    "@sofa" : 11,
    "begin" : 611,
    "end" : 614,
    "order" : 0
  }, {
    "%ID" : 137,
    "%TYPE" : "de.tudarmstadt.ukp.dkpro.core.api.segmentation.type.Token",
    "@sofa" : 11,
    "begin" : 615,
    "end" : 624,
    "order" : 0
  }, {
    "%ID" : 138,
    "%TYPE" : "de.tudarmstadt.ukp.dkpro.core.api.segmentation.type.Token",
    "@sofa" : 11,
    "begin" : 625,
    "end" : 640,
    "order" : 0
  }, {
    "%ID" : 139,
    "%TYPE" : "de.tudarmstadt.ukp.dkpro.core.api.segmentation.type.Token",
    "@sofa" : 11,
    "begin" : 641,
    "end" : 643,
    "order" : 0
  }, {
    "%ID" : 140,
    "%TYPE" : "de.tudarmstadt.ukp.dkpro.core.api.segmentation.type.Token",
    "@sofa" : 11,
    "begin" : 644,
    "end" : 647,
    "order" : 0
  }, {
    "%ID" : 141,
    "%TYPE" : "de.tudarmstadt.ukp.dkpro.core.api.segmentation.type.Token",
    "@sofa" : 11,
    "begin" : 648,
    "end" : 657,
    "order" : 0
  }, {
    "%ID" : 142,
    "%TYPE" : "de.tudarmstadt.ukp.dkpro.core.api.segmentation.type.Token",
    "@sofa" : 11,
    "begin" : 658,
    "end" : 663,
    "order" : 0
  }, {
    "%ID" : 143,
    "%TYPE" : "de.tudarmstadt.ukp.dkpro.core.api.segmentation.type.Token",
    "@sofa" : 11,
    "begin" : 664,
    "end" : 672,
    "order" : 0
  }, {
    "%ID" : 144,
    "%TYPE" : "de.tudarmstadt.ukp.dkpro.core.api.segmentation.type.Token",
    "@sofa" : 11,
    "begin" : 673,
    "end" : 677,
    "order" : 0
  }, {
    "%ID" : 145,
    "%TYPE" : "de.tudarmstadt.ukp.dkpro.core.api.segmentation.type.Token",
    "@sofa" : 11,
    "begin" : 678,
    "end" : 684,
    "order" : 0
  }, {
    "%ID" : 146,
    "%TYPE" : "de.tudarmstadt.ukp.dkpro.core.api.segmentation.type.Token",
    "@sofa" : 11,
    "begin" : 685,
    "end" : 689,
    "order" : 0
  }, {
    "%ID" : 147,
    "%TYPE" : "de.tudarmstadt.ukp.dkpro.core.api.segmentation.type.Token",
    "@sofa" : 11,
    "begin" : 690,
    "end" : 696,
    "order" : 0
  }, {
    "%ID" : 148,
    "%TYPE" : "de.tudarmstadt.ukp.dkpro.core.api.segmentation.type.Token",
    "@sofa" : 11,
    "begin" : 697,
    "end" : 703,
    "order" : 0
  }, {
    "%ID" : 149,
    "%TYPE" : "de.tudarmstadt.ukp.dkpro.core.api.segmentation.type.Token",
    "@sofa" : 11,
    "begin" : 704,
    "end" : 707,
    "order" : 0
  }, {
    "%ID" : 150,
    "%TYPE" : "de.tudarmstadt.ukp.dkpro.core.api.segmentation.type.Token",
    "@sofa" : 11,
    "begin" : 708,
    "end" : 719,
    "order" : 0
  }, {
    "%ID" : 151,
    "%TYPE" : "de.tudarmstadt.ukp.dkpro.core.api.segmentation.type.Token",
    "@sofa" : 11,
    "begin" : 720,
    "end" : 722,
    "order" : 0
  }, {
    "%ID" : 152,
    "%TYPE" : "de.tudarmstadt.ukp.dkpro.core.api.segmentation.type.Token",
    "@sofa" : 11,
    "begin" : 723,
    "end" : 726,
    "order" : 0
  }, {
    "%ID" : 153,
    "%TYPE" : "de.tudarmstadt.ukp.dkpro.core.api.segmentation.type.Token",
    "@sofa" : 11,
    "begin" : 727,
    "end" : 735,
    "order" : 0
  }, {
    "%ID" : 154,
    "%TYPE" : "de.tudarmstadt.ukp.dkpro.core.api.segmentation.type.Token",
    "@sofa" : 11,
    "begin" : 735,
    "end" : 736,
    "order" : 0
  }, {
    "%ID" : 155,
    "%TYPE" : "de.tudarmstadt.ukp.dkpro.core.api.segmentation.type.Token",
    "@sofa" : 11,
    "begin" : 737,
    "end" : 747,
    "order" : 0
  }, {
    "%ID" : 156,
    "%TYPE" : "de.tudarmstadt.ukp.dkpro.core.api.segmentation.type.Token",
    "@sofa" : 11,
    "begin" : 748,
    "end" : 750,
    "order" : 0
  }, {
    "%ID" : 157,
    "%TYPE" : "de.tudarmstadt.ukp.dkpro.core.api.segmentation.type.Token",
    "@sofa" : 11,
    "begin" : 751,
    "end" : 756,
    "order" : 0
  }, {
    "%ID" : 158,
    "%TYPE" : "de.tudarmstadt.ukp.dkpro.core.api.segmentation.type.Token",
    "@sofa" : 11,
    "begin" : 757,
    "end" : 760,
    "order" : 0
  }, {
    "%ID" : 159,
    "%TYPE" : "de.tudarmstadt.ukp.dkpro.core.api.segmentation.type.Token",
    "@sofa" : 11,
    "begin" : 761,
    "end" : 764,
    "order" : 0
  }, {
    "%ID" : 160,
    "%TYPE" : "de.tudarmstadt.ukp.dkpro.core.api.segmentation.type.Token",
    "@sofa" : 11,
    "begin" : 765,
    "end" : 768,
    "order" : 0
  }, {
    "%ID" : 161,
    "%TYPE" : "de.tudarmstadt.ukp.dkpro.core.api.segmentation.type.Token",
    "@sofa" : 11,
    "begin" : 769,
    "end" : 774,
    "order" : 0
  }, {
    "%ID" : 162,
    "%TYPE" : "de.tudarmstadt.ukp.dkpro.core.api.segmentation.type.Token",
    "@sofa" : 11,
    "begin" : 775,
    "end" : 778,
    "order" : 0
  }, {
    "%ID" : 163,
    "%TYPE" : "de.tudarmstadt.ukp.dkpro.core.api.segmentation.type.Token",
    "@sofa" : 11,
    "begin" : 779,
    "end" : 784,
    "order" : 0
  }, {
    "%ID" : 164,
    "%TYPE" : "de.tudarmstadt.ukp.dkpro.core.api.segmentation.type.Token",
    "@sofa" : 11,
    "begin" : 785,
    "end" : 795,
    "order" : 0
  }, {
    "%ID" : 165,
    "%TYPE" : "de.tudarmstadt.ukp.dkpro.core.api.segmentation.type.Token",
    "@sofa" : 11,
    "begin" : 796,
    "end" : 803,
    "order" : 0
  }, {
    "%ID" : 166,
    "%TYPE" : "de.tudarmstadt.ukp.dkpro.core.api.segmentation.type.Token",
    "@sofa" : 11,
    "begin" : 804,
    "end" : 816,
    "order" : 0
  }, {
    "%ID" : 167,
    "%TYPE" : "de.tudarmstadt.ukp.dkpro.core.api.segmentation.type.Token",
    "@sofa" : 11,
    "begin" : 816,
    "end" : 817,
    "order" : 0
  }, {
    "%ID" : 168,
    "%TYPE" : "de.tudarmstadt.ukp.dkpro.core.api.segmentation.type.Token",
    "@sofa" : 11,
    "begin" : 819,
    "end" : 822,
    "order" : 0
  }, {
    "%ID" : 169,
    "%TYPE" : "de.tudarmstadt.ukp.dkpro.core.api.segmentation.type.Token",
    "@sofa" : 11,
    "begin" : 823,
    "end" : 831,
    "order" : 0
  }, {
    "%ID" : 170,
    "%TYPE" : "de.tudarmstadt.ukp.dkpro.core.api.segmentation.type.Token",
    "@sofa" : 11,
    "begin" : 832,
    "end" : 834,
    "order" : 0
  }, {
    "%ID" : 171,
    "%TYPE" : "de.tudarmstadt.ukp.dkpro.core.api.segmentation.type.Token",
    "@sofa" : 11,
    "begin" : 835,
    "end" : 839,
    "order" : 0
  }, {
    "%ID" : 172,
    "%TYPE" : "de.tudarmstadt.ukp.dkpro.core.api.segmentation.type.Token",
    "@sofa" : 11,
    "begin" : 840,
    "end" : 845,
    "order" : 0
  }, {
    "%ID" : 173,
    "%TYPE" : "de.tudarmstadt.ukp.dkpro.core.api.segmentation.type.Token",
    "@sofa" : 11,
    "begin" : 846,
    "end" : 853,
    "order" : 0
  }, {
    "%ID" : 174,
    "%TYPE" : "de.tudarmstadt.ukp.dkpro.core.api.segmentation.type.Token",
    "@sofa" : 11,
    "begin" : 854,
    "end" : 861,
    "order" : 0
  }, {
    "%ID" : 175,
    "%TYPE" : "de.tudarmstadt.ukp.dkpro.core.api.segmentation.type.Token",
    "@sofa" : 11,
    "begin" : 862,
    "end" : 868,
    "order" : 0
  }, {
    "%ID" : 176,
    "%TYPE" : "de.tudarmstadt.ukp.dkpro.core.api.segmentation.type.Token",
    "@sofa" : 11,
    "begin" : 868,
    "end" : 869,
    "order" : 0
  }, {
    "%ID" : 177,
    "%TYPE" : "de.tudarmstadt.ukp.dkpro.core.api.segmentation.type.Token",
    "@sofa" : 11,
    "begin" : 870,
    "end" : 874,
    "order" : 0
  }, {
    "%ID" : 178,
    "%TYPE" : "de.tudarmstadt.ukp.dkpro.core.api.segmentation.type.Token",
    "@sofa" : 11,
    "begin" : 875,
    "end" : 878,
    "order" : 0
  }, {
    "%ID" : 179,
    "%TYPE" : "de.tudarmstadt.ukp.dkpro.core.api.segmentation.type.Token",
    "@sofa" : 11,
    "begin" : 879,
    "end" : 889,
    "order" : 0
  }, {
    "%ID" : 180,
    "%TYPE" : "de.tudarmstadt.ukp.dkpro.core.api.segmentation.type.Token",
    "@sofa" : 11,
    "begin" : 889,
    "end" : 890,
    "order" : 0
  }, {
    "%ID" : 181,
    "%TYPE" : "de.tudarmstadt.ukp.dkpro.core.api.segmentation.type.Token",
    "@sofa" : 11,
    "begin" : 891,
    "end" : 900,
    "order" : 0
  }, {
    "%ID" : 182,
    "%TYPE" : "de.tudarmstadt.ukp.dkpro.core.api.segmentation.type.Token",
    "@sofa" : 11,
    "begin" : 901,
    "end" : 906,
    "order" : 0
  }, {
    "%ID" : 183,
    "%TYPE" : "de.tudarmstadt.ukp.dkpro.core.api.segmentation.type.Token",
    "@sofa" : 11,
    "begin" : 907,
    "end" : 910,
    "order" : 0
  }, {
    "%ID" : 184,
    "%TYPE" : "de.tudarmstadt.ukp.dkpro.core.api.segmentation.type.Token",
    "@sofa" : 11,
    "begin" : 911,
    "end" : 913,
    "order" : 0
  }, {
    "%ID" : 185,
    "%TYPE" : "de.tudarmstadt.ukp.dkpro.core.api.segmentation.type.Token",
    "@sofa" : 11,
    "begin" : 914,
    "end" : 923,
    "order" : 0
  }, {
    "%ID" : 186,
    "%TYPE" : "de.tudarmstadt.ukp.dkpro.core.api.segmentation.type.Token",
    "@sofa" : 11,
    "begin" : 924,
    "end" : 937,
    "order" : 0
  }, {
    "%ID" : 187,
    "%TYPE" : "de.tudarmstadt.ukp.dkpro.core.api.segmentation.type.Token",
    "@sofa" : 11,
    "begin" : 938,
    "end" : 951,
    "order" : 0
  }, {
    "%ID" : 188,
    "%TYPE" : "de.tudarmstadt.ukp.dkpro.core.api.segmentation.type.Token",
    "@sofa" : 11,
    "begin" : 952,
    "end" : 956,
    "order" : 0
  }, {
    "%ID" : 189,
    "%TYPE" : "de.tudarmstadt.ukp.dkpro.core.api.segmentation.type.Token",
    "@sofa" : 11,
    "begin" : 957,
    "end" : 968,
    "order" : 0
  }, {
    "%ID" : 190,
    "%TYPE" : "de.tudarmstadt.ukp.dkpro.core.api.segmentation.type.Token",
    "@sofa" : 11,
    "begin" : 969,
    "end" : 972,
    "order" : 0
  }, {
    "%ID" : 191,
    "%TYPE" : "de.tudarmstadt.ukp.dkpro.core.api.segmentation.type.Token",
    "@sofa" : 11,
    "begin" : 973,
    "end" : 986,
    "order" : 0
  }, {
    "%ID" : 192,
    "%TYPE" : "de.tudarmstadt.ukp.dkpro.core.api.segmentation.type.Token",
    "@sofa" : 11,
    "begin" : 987,
    "end" : 998,
    "order" : 0
  }, {
    "%ID" : 193,
    "%TYPE" : "de.tudarmstadt.ukp.dkpro.core.api.segmentation.type.Token",
    "@sofa" : 11,
    "begin" : 999,
    "end" : 1003,
    "order" : 0
  }, {
    "%ID" : 194,
    "%TYPE" : "de.tudarmstadt.ukp.dkpro.core.api.segmentation.type.Token",
    "@sofa" : 11,
    "begin" : 1004,
    "end" : 1012,
    "order" : 0
  }, {
    "%ID" : 195,
    "%TYPE" : "de.tudarmstadt.ukp.dkpro.core.api.segmentation.type.Token",
    "@sofa" : 11,
    "begin" : 1012,
    "end" : 1013,
    "order" : 0
  }, {
    "%ID" : 196,
    "%TYPE" : "de.tudarmstadt.ukp.dkpro.core.api.segmentation.type.Token",
    "@sofa" : 11,
    "begin" : 1014,
    "end" : 1028,
    "order" : 0
  }, {
    "%ID" : 197,
    "%TYPE" : "de.tudarmstadt.ukp.dkpro.core.api.segmentation.type.Token",
    "@sofa" : 11,
    "begin" : 1029,
    "end" : 1032,
    "order" : 0
  }, {
    "%ID" : 198,
    "%TYPE" : "de.tudarmstadt.ukp.dkpro.core.api.segmentation.type.Token",
    "@sofa" : 11,
    "begin" : 1033,
    "end" : 1036,
    "order" : 0
  }, {
    "%ID" : 199,
    "%TYPE" : "de.tudarmstadt.ukp.dkpro.core.api.segmentation.type.Token",
    "@sofa" : 11,
    "begin" : 1037,
    "end" : 1042,
    "order" : 0
  }, {
    "%ID" : 200,
    "%TYPE" : "de.tudarmstadt.ukp.dkpro.core.api.segmentation.type.Token",
    "@sofa" : 11,
    "begin" : 1043,
    "end" : 1047,
    "order" : 0
  }, {
    "%ID" : 201,
    "%TYPE" : "de.tudarmstadt.ukp.dkpro.core.api.segmentation.type.Token",
    "@sofa" : 11,
    "begin" : 1048,
    "end" : 1050,
    "order" : 0
  }, {
    "%ID" : 202,
    "%TYPE" : "de.tudarmstadt.ukp.dkpro.core.api.segmentation.type.Token",
    "@sofa" : 11,
    "begin" : 1051,
    "end" : 1061,
    "order" : 0
  }, {
    "%ID" : 203,
    "%TYPE" : "de.tudarmstadt.ukp.dkpro.core.api.segmentation.type.Token",
    "@sofa" : 11,
    "begin" : 1062,
    "end" : 1064,
    "order" : 0
  }, {
    "%ID" : 204,
    "%TYPE" : "de.tudarmstadt.ukp.dkpro.core.api.segmentation.type.Token",
    "@sofa" : 11,
    "begin" : 1065,
    "end" : 1069,
    "order" : 0
  }, {
    "%ID" : 205,
    "%TYPE" : "de.tudarmstadt.ukp.dkpro.core.api.segmentation.type.Token",
    "@sofa" : 11,
    "begin" : 1070,
    "end" : 1072,
    "order" : 0
  }, {
    "%ID" : 206,
    "%TYPE" : "de.tudarmstadt.ukp.dkpro.core.api.segmentation.type.Token",
    "@sofa" : 11,
    "begin" : 1073,
    "end" : 1081,
    "order" : 0
  }, {
    "%ID" : 207,
    "%TYPE" : "de.tudarmstadt.ukp.dkpro.core.api.segmentation.type.Token",
    "@sofa" : 11,
    "begin" : 1081,
    "end" : 1082,
    "order" : 0
  }, {
    "%ID" : 208,
    "%TYPE" : "de.tudarmstadt.ukp.dkpro.core.api.segmentation.type.Token",
    "@sofa" : 11,
    "begin" : 1083,
    "end" : 1086,
    "order" : 0
  }, {
    "%ID" : 209,
    "%TYPE" : "de.tudarmstadt.ukp.dkpro.core.api.segmentation.type.Token",
    "@sofa" : 11,
    "begin" : 1087,
    "end" : 1100,
    "order" : 0
  }, {
    "%ID" : 210,
    "%TYPE" : "de.tudarmstadt.ukp.dkpro.core.api.segmentation.type.Token",
    "@sofa" : 11,
    "begin" : 1101,
    "end" : 1105,
    "order" : 0
  }, {
    "%ID" : 211,
    "%TYPE" : "de.tudarmstadt.ukp.dkpro.core.api.segmentation.type.Token",
    "@sofa" : 11,
    "begin" : 1106,
    "end" : 1108,
    "order" : 0
  }, {
    "%ID" : 212,
    "%TYPE" : "de.tudarmstadt.ukp.dkpro.core.api.segmentation.type.Token",
    "@sofa" : 11,
    "begin" : 1109,
    "end" : 1116,
    "order" : 0
  }, {
    "%ID" : 213,
    "%TYPE" : "de.tudarmstadt.ukp.dkpro.core.api.segmentation.type.Token",
    "@sofa" : 11,
    "begin" : 1117,
    "end" : 1126,
    "order" : 0
  }, {
    "%ID" : 214,
    "%TYPE" : "de.tudarmstadt.ukp.dkpro.core.api.segmentation.type.Token",
    "@sofa" : 11,
    "begin" : 1126,
    "end" : 1127,
    "order" : 0
  }, {
    "%ID" : 215,
    "%TYPE" : "de.tudarmstadt.ukp.dkpro.core.api.segmentation.type.Token",
    "@sofa" : 11,
    "begin" : 1128,
    "end" : 1138,
    "order" : 0
  }, {
    "%ID" : 216,
    "%TYPE" : "de.tudarmstadt.ukp.dkpro.core.api.segmentation.type.Token",
    "@sofa" : 11,
    "begin" : 1139,
    "end" : 1145,
    "order" : 0
  }, {
    "%ID" : 217,
    "%TYPE" : "de.tudarmstadt.ukp.dkpro.core.api.segmentation.type.Token",
    "@sofa" : 11,
    "begin" : 1145,
    "end" : 1146,
    "order" : 0
  }, {
    "%ID" : 218,
    "%TYPE" : "de.tudarmstadt.ukp.dkpro.core.api.segmentation.type.Token",
    "@sofa" : 11,
    "begin" : 1148,
    "end" : 1156,
    "order" : 0
  }, {
    "%ID" : 219,
    "%TYPE" : "de.tudarmstadt.ukp.dkpro.core.api.segmentation.type.Token",
    "@sofa" : 11,
    "begin" : 1157,
    "end" : 1159,
    "order" : 0
  }, {
    "%ID" : 220,
    "%TYPE" : "de.tudarmstadt.ukp.dkpro.core.api.segmentation.type.Token",
    "@sofa" : 11,
    "begin" : 1160,
    "end" : 1162,
    "order" : 0
  }, {
    "%ID" : 221,
    "%TYPE" : "de.tudarmstadt.ukp.dkpro.core.api.segmentation.type.Token",
    "@sofa" : 11,
    "begin" : 1163,
    "end" : 1166,
    "order" : 0
  }, {
    "%ID" : 222,
    "%TYPE" : "de.tudarmstadt.ukp.dkpro.core.api.segmentation.type.Token",
    "@sofa" : 11,
    "begin" : 1167,
    "end" : 1174,
    "order" : 0
  }, {
    "%ID" : 223,
    "%TYPE" : "de.tudarmstadt.ukp.dkpro.core.api.segmentation.type.Token",
    "@sofa" : 11,
    "begin" : 1175,
    "end" : 1180,
    "order" : 0
  }, {
    "%ID" : 224,
    "%TYPE" : "de.tudarmstadt.ukp.dkpro.core.api.segmentation.type.Token",
    "@sofa" : 11,
    "begin" : 1180,
    "end" : 1181,
    "order" : 0
  }, {
    "%ID" : 225,
    "%TYPE" : "de.tudarmstadt.ukp.dkpro.core.api.segmentation.type.Token",
    "@sofa" : 11,
    "begin" : 1182,
    "end" : 1183,
    "order" : 0
  }, {
    "%ID" : 226,
    "%TYPE" : "de.tudarmstadt.ukp.dkpro.core.api.segmentation.type.Token",
    "@sofa" : 11,
    "begin" : 1184,
    "end" : 1190,
    "order" : 0
  }, {
    "%ID" : 227,
    "%TYPE" : "de.tudarmstadt.ukp.dkpro.core.api.segmentation.type.Token",
    "@sofa" : 11,
    "begin" : 1191,
    "end" : 1195,
    "order" : 0
  }, {
    "%ID" : 228,
    "%TYPE" : "de.tudarmstadt.ukp.dkpro.core.api.segmentation.type.Token",
    "@sofa" : 11,
    "begin" : 1196,
    "end" : 1198,
    "order" : 0
  }, {
    "%ID" : 229,
    "%TYPE" : "de.tudarmstadt.ukp.dkpro.core.api.segmentation.type.Token",
    "@sofa" : 11,
    "begin" : 1199,
    "end" : 1202,
    "order" : 0
  }, {
    "%ID" : 230,
    "%TYPE" : "de.tudarmstadt.ukp.dkpro.core.api.segmentation.type.Token",
    "@sofa" : 11,
    "begin" : 1203,
    "end" : 1207,
    "order" : 0
  }, {
    "%ID" : 231,
    "%TYPE" : "de.tudarmstadt.ukp.dkpro.core.api.segmentation.type.Token",
    "@sofa" : 11,
    "begin" : 1207,
    "end" : 1208,
    "order" : 0
  }, {
    "%ID" : 232,
    "%TYPE" : "de.tudarmstadt.ukp.dkpro.core.api.segmentation.type.Token",
    "@sofa" : 11,
    "begin" : 1209,
    "end" : 1214,
    "order" : 0
  }, {
    "%ID" : 233,
    "%TYPE" : "de.tudarmstadt.ukp.dkpro.core.api.segmentation.type.Token",
    "@sofa" : 11,
    "begin" : 1215,
    "end" : 1220,
    "order" : 0
  }, {
    "%ID" : 234,
    "%TYPE" : "de.tudarmstadt.ukp.dkpro.core.api.segmentation.type.Token",
    "@sofa" : 11,
    "begin" : 1221,
    "end" : 1224,
    "order" : 0
  }, {
    "%ID" : 235,
    "%TYPE" : "de.tudarmstadt.ukp.dkpro.core.api.segmentation.type.Token",
    "@sofa" : 11,
    "begin" : 1225,
    "end" : 1229,
    "order" : 0
  }, {
    "%ID" : 236,
    "%TYPE" : "de.tudarmstadt.ukp.dkpro.core.api.segmentation.type.Token",
    "@sofa" : 11,
    "begin" : 1230,
    "end" : 1241,
    "order" : 0
  }, {
    "%ID" : 237,
    "%TYPE" : "de.tudarmstadt.ukp.dkpro.core.api.segmentation.type.Token",
    "@sofa" : 11,
    "begin" : 1242,
    "end" : 1253,
    "order" : 0
  }, {
    "%ID" : 238,
    "%TYPE" : "de.tudarmstadt.ukp.dkpro.core.api.segmentation.type.Token",
    "@sofa" : 11,
    "begin" : 1254,
    "end" : 1258,
    "order" : 0
  }, {
    "%ID" : 239,
    "%TYPE" : "de.tudarmstadt.ukp.dkpro.core.api.segmentation.type.Token",
    "@sofa" : 11,
    "begin" : 1259,
    "end" : 1262,
    "order" : 0
  }, {
    "%ID" : 240,
    "%TYPE" : "de.tudarmstadt.ukp.dkpro.core.api.segmentation.type.Token",
    "@sofa" : 11,
    "begin" : 1263,
    "end" : 1269,
    "order" : 0
  }, {
    "%ID" : 241,
    "%TYPE" : "de.tudarmstadt.ukp.dkpro.core.api.segmentation.type.Token",
    "@sofa" : 11,
    "begin" : 1270,
    "end" : 1272,
    "order" : 0
  }, {
    "%ID" : 242,
    "%TYPE" : "de.tudarmstadt.ukp.dkpro.core.api.segmentation.type.Token",
    "@sofa" : 11,
    "begin" : 1273,
    "end" : 1280,
    "order" : 0
  }, {
    "%ID" : 243,
    "%TYPE" : "de.tudarmstadt.ukp.dkpro.core.api.segmentation.type.Token",
    "@sofa" : 11,
    "begin" : 1281,
    "end" : 1284,
    "order" : 0
  }, {
    "%ID" : 244,
    "%TYPE" : "de.tudarmstadt.ukp.dkpro.core.api.segmentation.type.Token",
    "@sofa" : 11,
    "begin" : 1285,
    "end" : 1293,
    "order" : 0
  }, {
    "%ID" : 245,
    "%TYPE" : "de.tudarmstadt.ukp.dkpro.core.api.segmentation.type.Token",
    "@sofa" : 11,
    "begin" : 1294,
    "end" : 1295,
    "order" : 0
  }, {
    "%ID" : 246,
    "%TYPE" : "de.tudarmstadt.ukp.dkpro.core.api.segmentation.type.Token",
    "@sofa" : 11,
    "begin" : 1296,
    "end" : 1301,
    "order" : 0
  }, {
    "%ID" : 247,
    "%TYPE" : "de.tudarmstadt.ukp.dkpro.core.api.segmentation.type.Token",
    "@sofa" : 11,
    "begin" : 1302,
    "end" : 1304,
    "order" : 0
  }, {
    "%ID" : 248,
    "%TYPE" : "de.tudarmstadt.ukp.dkpro.core.api.segmentation.type.Token",
    "@sofa" : 11,
    "begin" : 1305,
    "end" : 1311,
    "order" : 0
  }, {
    "%ID" : 249,
    "%TYPE" : "de.tudarmstadt.ukp.dkpro.core.api.segmentation.type.Token",
    "@sofa" : 11,
    "begin" : 1312,
    "end" : 1319,
    "order" : 0
  }, {
    "%ID" : 250,
    "%TYPE" : "de.tudarmstadt.ukp.dkpro.core.api.segmentation.type.Token",
    "@sofa" : 11,
    "begin" : 1319,
    "end" : 1320,
    "order" : 0
  }, {
    "%ID" : 251,
    "%TYPE" : "de.tudarmstadt.ukp.dkpro.core.api.segmentation.type.Token",
    "@sofa" : 11,
    "begin" : 1321,
    "end" : 1326,
    "order" : 0
  }, {
    "%ID" : 252,
    "%TYPE" : "de.tudarmstadt.ukp.dkpro.core.api.segmentation.type.Token",
    "@sofa" : 11,
    "begin" : 1327,
    "end" : 1331,
    "order" : 0
  }, {
    "%ID" : 253,
    "%TYPE" : "de.tudarmstadt.ukp.dkpro.core.api.segmentation.type.Token",
    "@sofa" : 11,
    "begin" : 1332,
    "end" : 1339,
    "order" : 0
  }, {
    "%ID" : 254,
    "%TYPE" : "de.tudarmstadt.ukp.dkpro.core.api.segmentation.type.Token",
    "@sofa" : 11,
    "begin" : 1340,
    "end" : 1353,
    "order" : 0
  }, {
    "%ID" : 255,
    "%TYPE" : "de.tudarmstadt.ukp.dkpro.core.api.segmentation.type.Token",
    "@sofa" : 11,
    "begin" : 1354,
    "end" : 1359,
    "order" : 0
  }, {
    "%ID" : 256,
    "%TYPE" : "de.tudarmstadt.ukp.dkpro.core.api.segmentation.type.Token",
    "@sofa" : 11,
    "begin" : 1360,
    "end" : 1368,
    "order" : 0
  }, {
    "%ID" : 257,
    "%TYPE" : "de.tudarmstadt.ukp.dkpro.core.api.segmentation.type.Token",
    "@sofa" : 11,
    "begin" : 1369,
    "end" : 1373,
    "order" : 0
  }, {
    "%ID" : 258,
    "%TYPE" : "de.tudarmstadt.ukp.dkpro.core.api.segmentation.type.Token",
    "@sofa" : 11,
    "begin" : 1374,
    "end" : 1377,
    "order" : 0
  }, {
    "%ID" : 259,
    "%TYPE" : "de.tudarmstadt.ukp.dkpro.core.api.segmentation.type.Token",
    "@sofa" : 11,
    "begin" : 1378,
    "end" : 1388,
    "order" : 0
  }, {
    "%ID" : 260,
    "%TYPE" : "de.tudarmstadt.ukp.dkpro.core.api.segmentation.type.Token",
    "@sofa" : 11,
    "begin" : 1388,
    "end" : 1389,
    "order" : 0
  }, {
    "%ID" : 261,
    "%TYPE" : "de.tudarmstadt.ukp.dkpro.core.api.segmentation.type.Token",
    "@sofa" : 11,
    "begin" : 1390,
    "end" : 1393,
    "order" : 0
  }, {
    "%ID" : 262,
    "%TYPE" : "de.tudarmstadt.ukp.dkpro.core.api.segmentation.type.Token",
    "@sofa" : 11,
    "begin" : 1394,
    "end" : 1397,
    "order" : 0
  }, {
    "%ID" : 263,
    "%TYPE" : "de.tudarmstadt.ukp.dkpro.core.api.segmentation.type.Token",
    "@sofa" : 11,
    "begin" : 1398,
    "end" : 1403,
    "order" : 0
  }, {
    "%ID" : 264,
    "%TYPE" : "de.tudarmstadt.ukp.dkpro.core.api.segmentation.type.Token",
    "@sofa" : 11,
    "begin" : 1404,
    "end" : 1409,
    "order" : 0
  }, {
    "%ID" : 265,
    "%TYPE" : "de.tudarmstadt.ukp.dkpro.core.api.segmentation.type.Token",
    "@sofa" : 11,
    "begin" : 1410,
    "end" : 1414,
    "order" : 0
  }, {
    "%ID" : 266,
    "%TYPE" : "de.tudarmstadt.ukp.dkpro.core.api.segmentation.type.Token",
    "@sofa" : 11,
    "begin" : 1415,
    "end" : 1422,
    "order" : 0
  }, {
    "%ID" : 267,
    "%TYPE" : "de.tudarmstadt.ukp.dkpro.core.api.segmentation.type.Token",
    "@sofa" : 11,
    "begin" : 1423,
    "end" : 1430,
    "order" : 0
  }, {
    "%ID" : 268,
    "%TYPE" : "de.tudarmstadt.ukp.dkpro.core.api.segmentation.type.Token",
    "@sofa" : 11,
    "begin" : 1431,
    "end" : 1435,
    "order" : 0
  }, {
    "%ID" : 269,
    "%TYPE" : "de.tudarmstadt.ukp.dkpro.core.api.segmentation.type.Token",
    "@sofa" : 11,
    "begin" : 1436,
    "end" : 1441,
    "order" : 0
  }, {
    "%ID" : 270,
    "%TYPE" : "de.tudarmstadt.ukp.dkpro.core.api.segmentation.type.Token",
    "@sofa" : 11,
    "begin" : 1442,
    "end" : 1445,
    "order" : 0
  }, {
    "%ID" : 271,
    "%TYPE" : "de.tudarmstadt.ukp.dkpro.core.api.segmentation.type.Token",
    "@sofa" : 11,
    "begin" : 1446,
    "end" : 1449,
    "order" : 0
  }, {
    "%ID" : 272,
    "%TYPE" : "de.tudarmstadt.ukp.dkpro.core.api.segmentation.type.Token",
    "@sofa" : 11,
    "begin" : 1450,
    "end" : 1455,
    "order" : 0
  }, {
    "%ID" : 273,
    "%TYPE" : "de.tudarmstadt.ukp.dkpro.core.api.segmentation.type.Token",
    "@sofa" : 11,
    "begin" : 1456,
    "end" : 1462,
    "order" : 0
  }, {
    "%ID" : 274,
    "%TYPE" : "de.tudarmstadt.ukp.dkpro.core.api.segmentation.type.Token",
    "@sofa" : 11,
    "begin" : 1463,
    "end" : 1465,
    "order" : 0
  }, {
    "%ID" : 275,
    "%TYPE" : "de.tudarmstadt.ukp.dkpro.core.api.segmentation.type.Token",
    "@sofa" : 11,
    "begin" : 1466,
    "end" : 1471,
    "order" : 0
  }, {
    "%ID" : 276,
    "%TYPE" : "de.tudarmstadt.ukp.dkpro.core.api.segmentation.type.Token",
    "@sofa" : 11,
    "begin" : 1472,
    "end" : 1477,
    "order" : 0
  }, {
    "%ID" : 277,
    "%TYPE" : "de.tudarmstadt.ukp.dkpro.core.api.segmentation.type.Token",
    "@sofa" : 11,
    "begin" : 1478,
    "end" : 1486,
    "order" : 0
  }, {
    "%ID" : 278,
    "%TYPE" : "de.tudarmstadt.ukp.dkpro.core.api.segmentation.type.Token",
    "@sofa" : 11,
    "begin" : 1487,
    "end" : 1490,
    "order" : 0
  }, {
    "%ID" : 279,
    "%TYPE" : "de.tudarmstadt.ukp.dkpro.core.api.segmentation.type.Token",
    "@sofa" : 11,
    "begin" : 1491,
    "end" : 1500,
    "order" : 0
  }, {
    "%ID" : 280,
    "%TYPE" : "de.tudarmstadt.ukp.dkpro.core.api.segmentation.type.Token",
    "@sofa" : 11,
    "begin" : 1501,
    "end" : 1505,
    "order" : 0
  }, {
    "%ID" : 281,
    "%TYPE" : "de.tudarmstadt.ukp.dkpro.core.api.segmentation.type.Token",
    "@sofa" : 11,
    "begin" : 1506,
    "end" : 1510,
    "order" : 0
  }, {
    "%ID" : 282,
    "%TYPE" : "de.tudarmstadt.ukp.dkpro.core.api.segmentation.type.Token",
    "@sofa" : 11,
    "begin" : 1511,
    "end" : 1515,
    "order" : 0
  }, {
    "%ID" : 283,
    "%TYPE" : "de.tudarmstadt.ukp.dkpro.core.api.segmentation.type.Token",
    "@sofa" : 11,
    "begin" : 1516,
    "end" : 1526,
    "order" : 0
  }, {
    "%ID" : 284,
    "%TYPE" : "de.tudarmstadt.ukp.dkpro.core.api.segmentation.type.Token",
    "@sofa" : 11,
    "begin" : 1527,
    "end" : 1534,
    "order" : 0
  }, {
    "%ID" : 285,
    "%TYPE" : "de.tudarmstadt.ukp.dkpro.core.api.segmentation.type.Token",
    "@sofa" : 11,
    "begin" : 1535,
    "end" : 1538,
    "order" : 0
  }, {
    "%ID" : 286,
    "%TYPE" : "de.tudarmstadt.ukp.dkpro.core.api.segmentation.type.Token",
    "@sofa" : 11,
    "begin" : 1539,
    "end" : 1544,
    "order" : 0
  }, {
    "%ID" : 287,
    "%TYPE" : "de.tudarmstadt.ukp.dkpro.core.api.segmentation.type.Token",
    "@sofa" : 11,
    "begin" : 1545,
    "end" : 1555,
    "order" : 0
  }, {
    "%ID" : 288,
    "%TYPE" : "de.tudarmstadt.ukp.dkpro.core.api.segmentation.type.Token",
    "@sofa" : 11,
    "begin" : 1556,
    "end" : 1559,
    "order" : 0
  }, {
    "%ID" : 289,
    "%TYPE" : "de.tudarmstadt.ukp.dkpro.core.api.segmentation.type.Token",
    "@sofa" : 11,
    "begin" : 1560,
    "end" : 1569,
    "order" : 0
  }, {
    "%ID" : 290,
    "%TYPE" : "de.tudarmstadt.ukp.dkpro.core.api.segmentation.type.Token",
    "@sofa" : 11,
    "begin" : 1570,
    "end" : 1572,
    "order" : 0
  }, {
    "%ID" : 291,
    "%TYPE" : "de.tudarmstadt.ukp.dkpro.core.api.segmentation.type.Token",
    "@sofa" : 11,
    "begin" : 1573,
    "end" : 1578,
    "order" : 0
  }, {
    "%ID" : 292,
    "%TYPE" : "de.tudarmstadt.ukp.dkpro.core.api.segmentation.type.Token",
    "@sofa" : 11,
    "begin" : 1579,
    "end" : 1585,
    "order" : 0
  }, {
    "%ID" : 293,
    "%TYPE" : "de.tudarmstadt.ukp.dkpro.core.api.segmentation.type.Token",
    "@sofa" : 11,
    "begin" : 1585,
    "end" : 1586,
    "order" : 0
  }, {
    "%ID" : 294,
    "%TYPE" : "de.tudarmstadt.ukp.dkpro.core.api.segmentation.type.Token",
    "@sofa" : 11,
    "begin" : 1587,
    "end" : 1592,
    "order" : 0
  }, {
    "%ID" : 295,
    "%TYPE" : "de.tudarmstadt.ukp.dkpro.core.api.segmentation.type.Token",
    "@sofa" : 11,
    "begin" : 1593,
    "end" : 1595,
    "order" : 0
  }, {
    "%ID" : 296,
    "%TYPE" : "de.tudarmstadt.ukp.dkpro.core.api.segmentation.type.Token",
    "@sofa" : 11,
    "begin" : 1596,
    "end" : 1603,
    "order" : 0
  }, {
    "%ID" : 297,
    "%TYPE" : "de.tudarmstadt.ukp.dkpro.core.api.segmentation.type.Token",
    "@sofa" : 11,
    "begin" : 1604,
    "end" : 1607,
    "order" : 0
  }, {
    "%ID" : 298,
    "%TYPE" : "de.tudarmstadt.ukp.dkpro.core.api.segmentation.type.Token",
    "@sofa" : 11,
    "begin" : 1608,
    "end" : 1614,
    "order" : 0
  }, {
    "%ID" : 299,
    "%TYPE" : "de.tudarmstadt.ukp.dkpro.core.api.segmentation.type.Token",
    "@sofa" : 11,
    "begin" : 1615,
    "end" : 1618,
    "order" : 0
  }, {
    "%ID" : 300,
    "%TYPE" : "de.tudarmstadt.ukp.dkpro.core.api.segmentation.type.Token",
    "@sofa" : 11,
    "begin" : 1619,
    "end" : 1625,
    "order" : 0
  }, {
    "%ID" : 301,
    "%TYPE" : "de.tudarmstadt.ukp.dkpro.core.api.segmentation.type.Token",
    "@sofa" : 11,
    "begin" : 1626,
    "end" : 1629,
    "order" : 0
  }, {
    "%ID" : 302,
    "%TYPE" : "de.tudarmstadt.ukp.dkpro.core.api.segmentation.type.Token",
    "@sofa" : 11,
    "begin" : 1630,
    "end" : 1636,
    "order" : 0
  }, {
    "%ID" : 303,
    "%TYPE" : "de.tudarmstadt.ukp.dkpro.core.api.segmentation.type.Token",
    "@sofa" : 11,
    "begin" : 1637,
    "end" : 1640,
    "order" : 0
  }, {
    "%ID" : 304,
    "%TYPE" : "de.tudarmstadt.ukp.dkpro.core.api.segmentation.type.Token",
    "@sofa" : 11,
    "begin" : 1641,
    "end" : 1650,
    "order" : 0
  }, {
    "%ID" : 305,
    "%TYPE" : "de.tudarmstadt.ukp.dkpro.core.api.segmentation.type.Token",
    "@sofa" : 11,
    "begin" : 1650,
    "end" : 1651,
    "order" : 0
  }, {
    "%ID" : 306,
    "%TYPE" : "de.tudarmstadt.ukp.dkpro.core.api.segmentation.type.Token",
    "@sofa" : 11,
    "begin" : 1652,
    "end" : 1662,
    "order" : 0
  }, {
    "%ID" : 307,
    "%TYPE" : "de.tudarmstadt.ukp.dkpro.core.api.segmentation.type.Token",
    "@sofa" : 11,
    "begin" : 1663,
    "end" : 1666,
    "order" : 0
  }, {
    "%ID" : 308,
    "%TYPE" : "de.tudarmstadt.ukp.dkpro.core.api.segmentation.type.Token",
    "@sofa" : 11,
    "begin" : 1667,
    "end" : 1670,
    "order" : 0
  }, {
    "%ID" : 309,
    "%TYPE" : "de.tudarmstadt.ukp.dkpro.core.api.segmentation.type.Token",
    "@sofa" : 11,
    "begin" : 1671,
    "end" : 1679,
    "order" : 0
  }, {
    "%ID" : 310,
    "%TYPE" : "de.tudarmstadt.ukp.dkpro.core.api.segmentation.type.Token",
    "@sofa" : 11,
    "begin" : 1680,
    "end" : 1690,
    "order" : 0
  }, {
    "%ID" : 311,
    "%TYPE" : "de.tudarmstadt.ukp.dkpro.core.api.segmentation.type.Token",
    "@sofa" : 11,
    "begin" : 1691,
    "end" : 1694,
    "order" : 0
  }, {
    "%ID" : 312,
    "%TYPE" : "de.tudarmstadt.ukp.dkpro.core.api.segmentation.type.Token",
    "@sofa" : 11,
    "begin" : 1695,
    "end" : 1698,
    "order" : 0
  }, {
    "%ID" : 313,
    "%TYPE" : "de.tudarmstadt.ukp.dkpro.core.api.segmentation.type.Token",
    "@sofa" : 11,
    "begin" : 1699,
    "end" : 1702,
    "order" : 0
  }, {
    "%ID" : 314,
    "%TYPE" : "de.tudarmstadt.ukp.dkpro.core.api.segmentation.type.Token",
    "@sofa" : 11,
    "begin" : 1703,
    "end" : 1711,
    "order" : 0
  }, {
    "%ID" : 315,
    "%TYPE" : "de.tudarmstadt.ukp.dkpro.core.api.segmentation.type.Token",
    "@sofa" : 11,
    "begin" : 1711,
    "end" : 1712,
    "order" : 0
  }, {
    "%ID" : 316,
    "%TYPE" : "de.tudarmstadt.ukp.dkpro.core.api.segmentation.type.Token",
    "@sofa" : 11,
    "begin" : 1714,
    "end" : 1716,
    "order" : 0
  }, {
    "%ID" : 317,
    "%TYPE" : "de.tudarmstadt.ukp.dkpro.core.api.segmentation.type.Token",
    "@sofa" : 11,
    "begin" : 1717,
    "end" : 1726,
    "order" : 0
  }, {
    "%ID" : 318,
    "%TYPE" : "de.tudarmstadt.ukp.dkpro.core.api.segmentation.type.Token",
    "@sofa" : 11,
    "begin" : 1727,
    "end" : 1730,
    "order" : 0
  }, {
    "%ID" : 319,
    "%TYPE" : "de.tudarmstadt.ukp.dkpro.core.api.segmentation.type.Token",
    "@sofa" : 11,
    "begin" : 1731,
    "end" : 1735,
    "order" : 0
  }, {
    "%ID" : 320,
    "%TYPE" : "de.tudarmstadt.ukp.dkpro.core.api.segmentation.type.Token",
    "@sofa" : 11,
    "begin" : 1736,
    "end" : 1738,
    "order" : 0
  }, {
    "%ID" : 321,
    "%TYPE" : "de.tudarmstadt.ukp.dkpro.core.api.segmentation.type.Token",
    "@sofa" : 11,
    "begin" : 1739,
    "end" : 1748,
    "order" : 0
  }, {
    "%ID" : 322,
    "%TYPE" : "de.tudarmstadt.ukp.dkpro.core.api.segmentation.type.Token",
    "@sofa" : 11,
    "begin" : 1749,
    "end" : 1752,
    "order" : 0
  }, {
    "%ID" : 323,
    "%TYPE" : "de.tudarmstadt.ukp.dkpro.core.api.segmentation.type.Token",
    "@sofa" : 11,
    "begin" : 1753,
    "end" : 1760,
    "order" : 0
  }, {
    "%ID" : 324,
    "%TYPE" : "de.tudarmstadt.ukp.dkpro.core.api.segmentation.type.Token",
    "@sofa" : 11,
    "begin" : 1761,
    "end" : 1764,
    "order" : 0
  }, {
    "%ID" : 325,
    "%TYPE" : "de.tudarmstadt.ukp.dkpro.core.api.segmentation.type.Token",
    "@sofa" : 11,
    "begin" : 1765,
    "end" : 1774,
    "order" : 0
  }, {
    "%ID" : 326,
    "%TYPE" : "de.tudarmstadt.ukp.dkpro.core.api.segmentation.type.Token",
    "@sofa" : 11,
    "begin" : 1775,
    "end" : 1782,
    "order" : 0
  }, {
    "%ID" : 327,
    "%TYPE" : "de.tudarmstadt.ukp.dkpro.core.api.segmentation.type.Token",
    "@sofa" : 11,
    "begin" : 1783,
    "end" : 1785,
    "order" : 0
  }, {
    "%ID" : 328,
    "%TYPE" : "de.tudarmstadt.ukp.dkpro.core.api.segmentation.type.Token",
    "@sofa" : 11,
    "begin" : 1786,
    "end" : 1789,
    "order" : 0
  }, {
    "%ID" : 329,
    "%TYPE" : "de.tudarmstadt.ukp.dkpro.core.api.segmentation.type.Token",
    "@sofa" : 11,
    "begin" : 1790,
    "end" : 1798,
    "order" : 0
  }, {
    "%ID" : 330,
    "%TYPE" : "de.tudarmstadt.ukp.dkpro.core.api.segmentation.type.Token",
    "@sofa" : 11,
    "begin" : 1799,
    "end" : 1806,
    "order" : 0
  }, {
    "%ID" : 331,
    "%TYPE" : "de.tudarmstadt.ukp.dkpro.core.api.segmentation.type.Token",
    "@sofa" : 11,
    "begin" : 1807,
    "end" : 1814,
    "order" : 0
  }, {
    "%ID" : 332,
    "%TYPE" : "de.tudarmstadt.ukp.dkpro.core.api.segmentation.type.Token",
    "@sofa" : 11,
    "begin" : 1815,
    "end" : 1827,
    "order" : 0
  }, {
    "%ID" : 333,
    "%TYPE" : "de.tudarmstadt.ukp.dkpro.core.api.segmentation.type.Token",
    "@sofa" : 11,
    "begin" : 1828,
    "end" : 1829,
    "order" : 0
  }, {
    "%ID" : 334,
    "%TYPE" : "de.tudarmstadt.ukp.dkpro.core.api.segmentation.type.Token",
    "@sofa" : 11,
    "begin" : 1830,
    "end" : 1837,
    "order" : 0
  }, {
    "%ID" : 335,
    "%TYPE" : "de.tudarmstadt.ukp.dkpro.core.api.segmentation.type.Token",
    "@sofa" : 11,
    "begin" : 1838,
    "end" : 1846,
    "order" : 0
  }, {
    "%ID" : 336,
    "%TYPE" : "de.tudarmstadt.ukp.dkpro.core.api.segmentation.type.Token",
    "@sofa" : 11,
    "begin" : 1846,
    "end" : 1847,
    "order" : 0
  }, {
    "%ID" : 337,
    "%TYPE" : "de.tudarmstadt.ukp.dkpro.core.api.segmentation.type.Token",
    "@sofa" : 11,
    "begin" : 1848,
    "end" : 1857,
    "order" : 0
  }, {
    "%ID" : 338,
    "%TYPE" : "de.tudarmstadt.ukp.dkpro.core.api.segmentation.type.Token",
    "@sofa" : 11,
    "begin" : 1858,
    "end" : 1860,
    "order" : 0
  }, {
    "%ID" : 339,
    "%TYPE" : "de.tudarmstadt.ukp.dkpro.core.api.segmentation.type.Token",
    "@sofa" : 11,
    "begin" : 1861,
    "end" : 1869,
    "order" : 0
  }, {
    "%ID" : 340,
    "%TYPE" : "de.tudarmstadt.ukp.dkpro.core.api.segmentation.type.Token",
    "@sofa" : 11,
    "begin" : 1870,
    "end" : 1871,
    "order" : 0
  }, {
    "%ID" : 341,
    "%TYPE" : "de.tudarmstadt.ukp.dkpro.core.api.segmentation.type.Token",
    "@sofa" : 11,
    "begin" : 1872,
    "end" : 1874,
    "order" : 0
  }, {
    "%ID" : 342,
    "%TYPE" : "de.tudarmstadt.ukp.dkpro.core.api.segmentation.type.Token",
    "@sofa" : 11,
    "begin" : 1875,
    "end" : 1882,
    "order" : 0
  }, {
    "%ID" : 343,
    "%TYPE" : "de.tudarmstadt.ukp.dkpro.core.api.segmentation.type.Token",
    "@sofa" : 11,
    "begin" : 1883,
    "end" : 1888,
    "order" : 0
  }, {
    "%ID" : 344,
    "%TYPE" : "de.tudarmstadt.ukp.dkpro.core.api.segmentation.type.Token",
    "@sofa" : 11,
    "begin" : 1889,
    "end" : 1892,
    "order" : 0
  }, {
    "%ID" : 345,
    "%TYPE" : "de.tudarmstadt.ukp.dkpro.core.api.segmentation.type.Token",
    "@sofa" : 11,
    "begin" : 1893,
    "end" : 1905,
    "order" : 0
  }, {
    "%ID" : 346,
    "%TYPE" : "de.tudarmstadt.ukp.dkpro.core.api.segmentation.type.Token",
    "@sofa" : 11,
    "begin" : 1905,
    "end" : 1906,
    "order" : 0
  }, {
    "%ID" : 347,
    "%TYPE" : "de.tudarmstadt.ukp.dkpro.core.api.segmentation.type.Token",
    "@sofa" : 11,
    "begin" : 1907,
    "end" : 1916,
    "order" : 0
  }, {
    "%ID" : 348,
    "%TYPE" : "de.tudarmstadt.ukp.dkpro.core.api.segmentation.type.Token",
    "@sofa" : 11,
    "begin" : 1917,
    "end" : 1922,
    "order" : 0
  }, {
    "%ID" : 349,
    "%TYPE" : "de.tudarmstadt.ukp.dkpro.core.api.segmentation.type.Token",
    "@sofa" : 11,
    "begin" : 1923,
    "end" : 1925,
    "order" : 0
  }, {
    "%ID" : 350,
    "%TYPE" : "de.tudarmstadt.ukp.dkpro.core.api.segmentation.type.Token",
    "@sofa" : 11,
    "begin" : 1926,
    "end" : 1933,
    "order" : 0
  }, {
    "%ID" : 351,
    "%TYPE" : "de.tudarmstadt.ukp.dkpro.core.api.segmentation.type.Token",
    "@sofa" : 11,
    "begin" : 1934,
    "end" : 1938,
    "order" : 0
  }, {
    "%ID" : 352,
    "%TYPE" : "de.tudarmstadt.ukp.dkpro.core.api.segmentation.type.Token",
    "@sofa" : 11,
    "begin" : 1939,
    "end" : 1946,
    "order" : 0
  }, {
    "%ID" : 353,
    "%TYPE" : "de.tudarmstadt.ukp.dkpro.core.api.segmentation.type.Token",
    "@sofa" : 11,
    "begin" : 1947,
    "end" : 1949,
    "order" : 0
  }, {
    "%ID" : 354,
    "%TYPE" : "de.tudarmstadt.ukp.dkpro.core.api.segmentation.type.Token",
    "@sofa" : 11,
    "begin" : 1950,
    "end" : 1958,
    "order" : 0
  }, {
    "%ID" : 355,
    "%TYPE" : "de.tudarmstadt.ukp.dkpro.core.api.segmentation.type.Token",
    "@sofa" : 11,
    "begin" : 1959,
    "end" : 1962,
    "order" : 0
  }, {
    "%ID" : 356,
    "%TYPE" : "de.tudarmstadt.ukp.dkpro.core.api.segmentation.type.Token",
    "@sofa" : 11,
    "begin" : 1963,
    "end" : 1966,
    "order" : 0
  }, {
    "%ID" : 357,
    "%TYPE" : "de.tudarmstadt.ukp.dkpro.core.api.segmentation.type.Token",
    "@sofa" : 11,
    "begin" : 1967,
    "end" : 1977,
    "order" : 0
  }, {
    "%ID" : 358,
    "%TYPE" : "de.tudarmstadt.ukp.dkpro.core.api.segmentation.type.Token",
    "@sofa" : 11,
    "begin" : 1978,
    "end" : 1980,
    "order" : 0
  }, {
    "%ID" : 359,
    "%TYPE" : "de.tudarmstadt.ukp.dkpro.core.api.segmentation.type.Token",
    "@sofa" : 11,
    "begin" : 1981,
    "end" : 1994,
    "order" : 0
  }, {
    "%ID" : 360,
    "%TYPE" : "de.tudarmstadt.ukp.dkpro.core.api.segmentation.type.Token",
    "@sofa" : 11,
    "begin" : 1995,
    "end" : 1998,
    "order" : 0
  }, {
    "%ID" : 361,
    "%TYPE" : "de.tudarmstadt.ukp.dkpro.core.api.segmentation.type.Token",
    "@sofa" : 11,
    "begin" : 1999,
    "end" : 2002,
    "order" : 0
  }, {
    "%ID" : 362,
    "%TYPE" : "de.tudarmstadt.ukp.dkpro.core.api.segmentation.type.Token",
    "@sofa" : 11,
    "begin" : 2003,
    "end" : 2008,
    "order" : 0
  }, {
    "%ID" : 363,
    "%TYPE" : "de.tudarmstadt.ukp.dkpro.core.api.segmentation.type.Token",
    "@sofa" : 11,
    "begin" : 2009,
    "end" : 2015,
    "order" : 0
  }, {
    "%ID" : 364,
    "%TYPE" : "de.tudarmstadt.ukp.dkpro.core.api.segmentation.type.Token",
    "@sofa" : 11,
    "begin" : 2016,
    "end" : 2019,
    "order" : 0
  }, {
    "%ID" : 365,
    "%TYPE" : "de.tudarmstadt.ukp.dkpro.core.api.segmentation.type.Token",
    "@sofa" : 11,
    "begin" : 2020,
    "end" : 2022,
    "order" : 0
  }, {
    "%ID" : 366,
    "%TYPE" : "de.tudarmstadt.ukp.dkpro.core.api.segmentation.type.Token",
    "@sofa" : 11,
    "begin" : 2023,
    "end" : 2032,
    "order" : 0
  }, {
    "%ID" : 367,
    "%TYPE" : "de.tudarmstadt.ukp.dkpro.core.api.segmentation.type.Token",
    "@sofa" : 11,
    "begin" : 2033,
    "end" : 2035,
    "order" : 0
  }, {
    "%ID" : 368,
    "%TYPE" : "de.tudarmstadt.ukp.dkpro.core.api.segmentation.type.Token",
    "@sofa" : 11,
    "begin" : 2036,
    "end" : 2039,
    "order" : 0
  }, {
    "%ID" : 369,
    "%TYPE" : "de.tudarmstadt.ukp.dkpro.core.api.segmentation.type.Token",
    "@sofa" : 11,
    "begin" : 2040,
    "end" : 2047,
    "order" : 0
  }, {
    "%ID" : 370,
    "%TYPE" : "de.tudarmstadt.ukp.dkpro.core.api.segmentation.type.Token",
    "@sofa" : 11,
    "begin" : 2048,
    "end" : 2050,
    "order" : 0
  }, {
    "%ID" : 371,
    "%TYPE" : "de.tudarmstadt.ukp.dkpro.core.api.segmentation.type.Token",
    "@sofa" : 11,
    "begin" : 2051,
    "end" : 2054,
    "order" : 0
  }, {
    "%ID" : 372,
    "%TYPE" : "de.tudarmstadt.ukp.dkpro.core.api.segmentation.type.Token",
    "@sofa" : 11,
    "begin" : 2055,
    "end" : 2061,
    "order" : 0
  }, {
    "%ID" : 373,
    "%TYPE" : "de.tudarmstadt.ukp.dkpro.core.api.segmentation.type.Token",
    "@sofa" : 11,
    "begin" : 2062,
    "end" : 2069,
    "order" : 0
  }, {
    "%ID" : 374,
    "%TYPE" : "de.tudarmstadt.ukp.dkpro.core.api.segmentation.type.Token",
    "@sofa" : 11,
    "begin" : 2069,
    "end" : 2070,
    "order" : 0
  }, {
    "%ID" : 375,
    "%TYPE" : "de.tudarmstadt.ukp.dkpro.core.api.segmentation.type.Token",
    "@sofa" : 11,
    "begin" : 2072,
    "end" : 2077,
    "order" : 0
  }, {
    "%ID" : 376,
    "%TYPE" : "de.tudarmstadt.ukp.dkpro.core.api.segmentation.type.Token",
    "@sofa" : 11,
    "begin" : 2078,
    "end" : 2081,
    "order" : 0
  }, {
    "%ID" : 377,
    "%TYPE" : "de.tudarmstadt.ukp.dkpro.core.api.segmentation.type.Token",
    "@sofa" : 11,
    "begin" : 2082,
    "end" : 2085,
    "order" : 0
  }, {
    "%ID" : 378,
    "%TYPE" : "de.tudarmstadt.ukp.dkpro.core.api.segmentation.type.Token",
    "@sofa" : 11,
    "begin" : 2086,
    "end" : 2089,
    "order" : 0
  }, {
    "%ID" : 379,
    "%TYPE" : "de.tudarmstadt.ukp.dkpro.core.api.segmentation.type.Token",
    "@sofa" : 11,
    "begin" : 2090,
    "end" : 2099,
    "order" : 0
  }, {
    "%ID" : 380,
    "%TYPE" : "de.tudarmstadt.ukp.dkpro.core.api.segmentation.type.Token",
    "@sofa" : 11,
    "begin" : 2100,
    "end" : 2105,
    "order" : 0
  }, {
    "%ID" : 381,
    "%TYPE" : "de.tudarmstadt.ukp.dkpro.core.api.segmentation.type.Token",
    "@sofa" : 11,
    "begin" : 2105,
    "end" : 2106,
    "order" : 0
  }, {
    "%ID" : 382,
    "%TYPE" : "de.tudarmstadt.ukp.dkpro.core.api.segmentation.type.Token",
    "@sofa" : 11,
    "begin" : 2107,
    "end" : 2116,
    "order" : 0
  }, {
    "%ID" : 383,
    "%TYPE" : "de.tudarmstadt.ukp.dkpro.core.api.segmentation.type.Token",
    "@sofa" : 11,
    "begin" : 2117,
    "end" : 2126,
    "order" : 0
  }, {
    "%ID" : 384,
    "%TYPE" : "de.tudarmstadt.ukp.dkpro.core.api.segmentation.type.Token",
    "@sofa" : 11,
    "begin" : 2127,
    "end" : 2132,
    "order" : 0
  }, {
    "%ID" : 385,
    "%TYPE" : "de.tudarmstadt.ukp.dkpro.core.api.segmentation.type.Token",
    "@sofa" : 11,
    "begin" : 2133,
    "end" : 2136,
    "order" : 0
  }, {
    "%ID" : 386,
    "%TYPE" : "de.tudarmstadt.ukp.dkpro.core.api.segmentation.type.Token",
    "@sofa" : 11,
    "begin" : 2137,
    "end" : 2145,
    "order" : 0
  }, {
    "%ID" : 387,
    "%TYPE" : "de.tudarmstadt.ukp.dkpro.core.api.segmentation.type.Token",
    "@sofa" : 11,
    "begin" : 2145,
    "end" : 2146,
    "order" : 0
  }, {
    "%ID" : 388,
    "%TYPE" : "de.tudarmstadt.ukp.dkpro.core.api.segmentation.type.Token",
    "@sofa" : 11,
    "begin" : 2147,
    "end" : 2149,
    "order" : 0
  }, {
    "%ID" : 389,
    "%TYPE" : "de.tudarmstadt.ukp.dkpro.core.api.segmentation.type.Token",
    "@sofa" : 11,
    "begin" : 2150,
    "end" : 2154,
    "order" : 0
  }, {
    "%ID" : 390,
    "%TYPE" : "de.tudarmstadt.ukp.dkpro.core.api.segmentation.type.Token",
    "@sofa" : 11,
    "begin" : 2155,
    "end" : 2158,
    "order" : 0
  }, {
    "%ID" : 391,
    "%TYPE" : "de.tudarmstadt.ukp.dkpro.core.api.segmentation.type.Token",
    "@sofa" : 11,
    "begin" : 2159,
    "end" : 2163,
    "order" : 0
  }, {
    "%ID" : 392,
    "%TYPE" : "de.tudarmstadt.ukp.dkpro.core.api.segmentation.type.Token",
    "@sofa" : 11,
    "begin" : 2164,
    "end" : 2166,
    "order" : 0
  }, {
    "%ID" : 393,
    "%TYPE" : "de.tudarmstadt.ukp.dkpro.core.api.segmentation.type.Token",
    "@sofa" : 11,
    "begin" : 2167,
    "end" : 2172,
    "order" : 0
  }, {
    "%ID" : 394,
    "%TYPE" : "de.tudarmstadt.ukp.dkpro.core.api.segmentation.type.Token",
    "@sofa" : 11,
    "begin" : 2173,
    "end" : 2176,
    "order" : 0
  }, {
    "%ID" : 395,
    "%TYPE" : "de.tudarmstadt.ukp.dkpro.core.api.segmentation.type.Token",
    "@sofa" : 11,
    "begin" : 2177,
    "end" : 2185,
    "order" : 0
  }, {
    "%ID" : 396,
    "%TYPE" : "de.tudarmstadt.ukp.dkpro.core.api.segmentation.type.Token",
    "@sofa" : 11,
    "begin" : 2186,
    "end" : 2188,
    "order" : 0
  }, {
    "%ID" : 397,
    "%TYPE" : "de.tudarmstadt.ukp.dkpro.core.api.segmentation.type.Token",
    "@sofa" : 11,
    "begin" : 2189,
    "end" : 2201,
    "order" : 0
  }, {
    "%ID" : 398,
    "%TYPE" : "de.tudarmstadt.ukp.dkpro.core.api.segmentation.type.Token",
    "@sofa" : 11,
    "begin" : 2202,
    "end" : 2210,
    "order" : 0
  }, {
    "%ID" : 399,
    "%TYPE" : "de.tudarmstadt.ukp.dkpro.core.api.segmentation.type.Token",
    "@sofa" : 11,
    "begin" : 2210,
    "end" : 2211,
    "order" : 0
  }, {
    "%ID" : 400,
    "%TYPE" : "de.tudarmstadt.ukp.dkpro.core.api.segmentation.type.Token",
    "@sofa" : 11,
    "begin" : 2212,
    "end" : 2214,
    "order" : 0
  }, {
    "%ID" : 401,
    "%TYPE" : "de.tudarmstadt.ukp.dkpro.core.api.segmentation.type.Token",
    "@sofa" : 11,
    "begin" : 2215,
    "end" : 2219,
    "order" : 0
  }, {
    "%ID" : 402,
    "%TYPE" : "de.tudarmstadt.ukp.dkpro.core.api.segmentation.type.Token",
    "@sofa" : 11,
    "begin" : 2220,
    "end" : 2223,
    "order" : 0
  }, {
    "%ID" : 403,
    "%TYPE" : "de.tudarmstadt.ukp.dkpro.core.api.segmentation.type.Token",
    "@sofa" : 11,
    "begin" : 2224,
    "end" : 2228,
    "order" : 0
  }, {
    "%ID" : 404,
    "%TYPE" : "de.tudarmstadt.ukp.dkpro.core.api.segmentation.type.Token",
    "@sofa" : 11,
    "begin" : 2229,
    "end" : 2231,
    "order" : 0
  }, {
    "%ID" : 405,
    "%TYPE" : "de.tudarmstadt.ukp.dkpro.core.api.segmentation.type.Token",
    "@sofa" : 11,
    "begin" : 2232,
    "end" : 2233,
    "order" : 0
  }, {
    "%ID" : 406,
    "%TYPE" : "de.tudarmstadt.ukp.dkpro.core.api.segmentation.type.Token",
    "@sofa" : 11,
    "begin" : 2234,
    "end" : 2243,
    "order" : 0
  }, {
    "%ID" : 407,
    "%TYPE" : "de.tudarmstadt.ukp.dkpro.core.api.segmentation.type.Token",
    "@sofa" : 11,
    "begin" : 2244,
    "end" : 2249,
    "order" : 0
  }, {
    "%ID" : 408,
    "%TYPE" : "de.tudarmstadt.ukp.dkpro.core.api.segmentation.type.Token",
    "@sofa" : 11,
    "begin" : 2250,
    "end" : 2254,
    "order" : 0
  }, {
    "%ID" : 409,
    "%TYPE" : "de.tudarmstadt.ukp.dkpro.core.api.segmentation.type.Token",
    "@sofa" : 11,
    "begin" : 2254,
    "end" : 2255,
    "order" : 0
  }, {
    "%ID" : 410,
    "%TYPE" : "de.tudarmstadt.ukp.dkpro.core.api.segmentation.type.Token",
    "@sofa" : 11,
    "begin" : 2256,
    "end" : 2260,
    "order" : 0
  }, {
    "%ID" : 411,
    "%TYPE" : "de.tudarmstadt.ukp.dkpro.core.api.segmentation.type.Token",
    "@sofa" : 11,
    "begin" : 2261,
    "end" : 2263,
    "order" : 0
  }, {
    "%ID" : 412,
    "%TYPE" : "de.tudarmstadt.ukp.dkpro.core.api.segmentation.type.Token",
    "@sofa" : 11,
    "begin" : 2264,
    "end" : 2265,
    "order" : 0
  }, {
    "%ID" : 413,
    "%TYPE" : "de.tudarmstadt.ukp.dkpro.core.api.segmentation.type.Token",
    "@sofa" : 11,
    "begin" : 2266,
    "end" : 2270,
    "order" : 0
  }, {
    "%ID" : 414,
    "%TYPE" : "de.tudarmstadt.ukp.dkpro.core.api.segmentation.type.Token",
    "@sofa" : 11,
    "begin" : 2271,
    "end" : 2274,
    "order" : 0
  }, {
    "%ID" : 415,
    "%TYPE" : "de.tudarmstadt.ukp.dkpro.core.api.segmentation.type.Token",
    "@sofa" : 11,
    "begin" : 2275,
    "end" : 2281,
    "order" : 0
  }, {
    "%ID" : 416,
    "%TYPE" : "de.tudarmstadt.ukp.dkpro.core.api.segmentation.type.Token",
    "@sofa" : 11,
    "begin" : 2281,
    "end" : 2282,
    "order" : 0
  }, {
    "%ID" : 417,
    "%TYPE" : "de.tudarmstadt.ukp.dkpro.core.api.segmentation.type.Token",
    "@sofa" : 11,
    "begin" : 2283,
    "end" : 2293,
    "order" : 0
  }, {
    "%ID" : 418,
    "%TYPE" : "de.tudarmstadt.ukp.dkpro.core.api.segmentation.type.Token",
    "@sofa" : 11,
    "begin" : 2294,
    "end" : 2297,
    "order" : 0
  }, {
    "%ID" : 419,
    "%TYPE" : "de.tudarmstadt.ukp.dkpro.core.api.segmentation.type.Token",
    "@sofa" : 11,
    "begin" : 2298,
    "end" : 2300,
    "order" : 0
  }, {
    "%ID" : 420,
    "%TYPE" : "de.tudarmstadt.ukp.dkpro.core.api.segmentation.type.Token",
    "@sofa" : 11,
    "begin" : 2301,
    "end" : 2307,
    "order" : 0
  }, {
    "%ID" : 421,
    "%TYPE" : "de.tudarmstadt.ukp.dkpro.core.api.segmentation.type.Token",
    "@sofa" : 11,
    "begin" : 2308,
    "end" : 2314,
    "order" : 0
  }, {
    "%ID" : 422,
    "%TYPE" : "de.tudarmstadt.ukp.dkpro.core.api.segmentation.type.Token",
    "@sofa" : 11,
    "begin" : 2315,
    "end" : 2318,
    "order" : 0
  }, {
    "%ID" : 423,
    "%TYPE" : "de.tudarmstadt.ukp.dkpro.core.api.segmentation.type.Token",
    "@sofa" : 11,
    "begin" : 2319,
    "end" : 2322,
    "order" : 0
  }, {
    "%ID" : 424,
    "%TYPE" : "de.tudarmstadt.ukp.dkpro.core.api.segmentation.type.Token",
    "@sofa" : 11,
    "begin" : 2323,
    "end" : 2328,
    "order" : 0
  }, {
    "%ID" : 425,
    "%TYPE" : "de.tudarmstadt.ukp.dkpro.core.api.segmentation.type.Token",
    "@sofa" : 11,
    "begin" : 2329,
    "end" : 2335,
    "order" : 0
  }, {
    "%ID" : 426,
    "%TYPE" : "de.tudarmstadt.ukp.dkpro.core.api.segmentation.type.Token",
    "@sofa" : 11,
    "begin" : 2336,
    "end" : 2339,
    "order" : 0
  }, {
    "%ID" : 427,
    "%TYPE" : "de.tudarmstadt.ukp.dkpro.core.api.segmentation.type.Token",
    "@sofa" : 11,
    "begin" : 2340,
    "end" : 2348,
    "order" : 0
  }, {
    "%ID" : 428,
    "%TYPE" : "de.tudarmstadt.ukp.dkpro.core.api.segmentation.type.Token",
    "@sofa" : 11,
    "begin" : 2349,
    "end" : 2351,
    "order" : 0
  }, {
    "%ID" : 429,
    "%TYPE" : "de.tudarmstadt.ukp.dkpro.core.api.segmentation.type.Token",
    "@sofa" : 11,
    "begin" : 2352,
    "end" : 2361,
    "order" : 0
  }, {
    "%ID" : 430,
    "%TYPE" : "de.tudarmstadt.ukp.dkpro.core.api.segmentation.type.Token",
    "@sofa" : 11,
    "begin" : 2362,
    "end" : 2367,
    "order" : 0
  }, {
    "%ID" : 431,
    "%TYPE" : "de.tudarmstadt.ukp.dkpro.core.api.segmentation.type.Token",
    "@sofa" : 11,
    "begin" : 2368,
    "end" : 2379,
    "order" : 0
  }, {
    "%ID" : 432,
    "%TYPE" : "de.tudarmstadt.ukp.dkpro.core.api.segmentation.type.Token",
    "@sofa" : 11,
    "begin" : 2379,
    "end" : 2380,
    "order" : 0
  }, {
    "%ID" : 433,
    "%TYPE" : "de.tudarmstadt.ukp.dkpro.core.api.segmentation.type.Token",
    "@sofa" : 11,
    "begin" : 2381,
    "end" : 2384,
    "order" : 0
  }, {
    "%ID" : 434,
    "%TYPE" : "de.tudarmstadt.ukp.dkpro.core.api.segmentation.type.Token",
    "@sofa" : 11,
    "begin" : 2385,
    "end" : 2388,
    "order" : 0
  }, {
    "%ID" : 435,
    "%TYPE" : "de.tudarmstadt.ukp.dkpro.core.api.segmentation.type.Token",
    "@sofa" : 11,
    "begin" : 2389,
    "end" : 2396,
    "order" : 0
  }, {
    "%ID" : 436,
    "%TYPE" : "de.tudarmstadt.ukp.dkpro.core.api.segmentation.type.Token",
    "@sofa" : 11,
    "begin" : 2397,
    "end" : 2401,
    "order" : 0
  }, {
    "%ID" : 437,
    "%TYPE" : "de.tudarmstadt.ukp.dkpro.core.api.segmentation.type.Token",
    "@sofa" : 11,
    "begin" : 2402,
    "end" : 2404,
    "order" : 0
  }, {
    "%ID" : 438,
    "%TYPE" : "de.tudarmstadt.ukp.dkpro.core.api.segmentation.type.Token",
    "@sofa" : 11,
    "begin" : 2405,
    "end" : 2410,
    "order" : 0
  }, {
    "%ID" : 439,
    "%TYPE" : "de.tudarmstadt.ukp.dkpro.core.api.segmentation.type.Token",
    "@sofa" : 11,
    "begin" : 2410,
    "end" : 2411,
    "order" : 0
  }, {
    "%ID" : 11,
    "%TYPE" : "uima.cas.Sofa",
    "sofaNum" : 1,
    "sofaID" : "_InitialView",
    "mimeType" : "text",
    "sofaString" : "I would like to thank Mr. Jeffrey Feltman for his briefing on the latest events in Ukraine and for expressing the constant willingness of the Secretary-General to contribute to peace and dialogue.\n\nThe Government and the people of Argentina express their profound sadness, pain, solidarity and deepest condolences to the families of the victims of yesterday's tragic Malaysia Airlines crash.\nWe also express our condolences to the people and the Government of Ukraine and to the Governments and the peoples of the other countries whose citizens lost their lives.\nIn particular, we ask that our colleagues among the Permanent Representatives of the countries whose citizens were aboard that flight convey our condolences to the families, especially to those who saw the hopes for their children's futures extinguished.\n\nThe severity of this event clearly demands action.\nLike our colleagues, Argentina calls for an impartial international investigation that objectively and unequivocally establishes what happened.\nResponsibility and the facts must be determined as soon as possible, and investigators must be granted immediate, unhindered access.\n\nAlthough it is not today's topic, I should like to say that, while there had been encouraging indications that the crisis in Ukraine was entering a phase of waning tension, fears that violent confrontation would continue have not dissipated.\nBut the topic today does involve calling once again for the armed groups to cease their violence and demanding that they halt unilateral actions and their violations and trampling of human rights, which do nothing but deepen the crisis and worsen the situation, especially for the civilian population and for the innocent.\n\nWe reiterate the need to safeguard due respect for Ukraine's conduct of its internal affairs without interference - whether military, political or economic 4 in matters under its jurisdiction.\nArgentina seeks to promote full respect by everyone for the principles of international law and human rights law as enshrined in the Charter of the United Nations.\n\nThese are sad and difficult times.\nArgentina therefore calls for prudence.\nWe will not join in using the language of geopolitical disputes.\nWe will not join in a pointless blame game.\nThis is a time for sorrow, reflection and an urgent search for the truth behind the incident to determine those responsible.\nMay the victims rest in peace.\n\n"
  } ],
  "%VIEWS" : {
    "_InitialView" : {
      "%SOFA" : 11,
      "%MEMBERS" : [ 1, 2, 3, 4, 5, 6, 7, 8, 9, 10, 12, 13, 14, 15, 16, 17, 18, 19, 20, 21, 22, 23, 24, 25, 26, 27, 28, 29, 30, 31, 32, 33, 34, 35, 36, 37, 38, 39, 40, 41, 42, 43, 44, 45, 46, 47, 48, 49, 50, 51, 52, 53, 54, 55, 56, 57, 58, 59, 60, 61, 62, 63, 64, 65, 66, 67, 68, 69, 70, 71, 72, 73, 74, 75, 76, 77, 78, 79, 80, 81, 82, 83, 84, 85, 86, 87, 88, 89, 90, 91, 92, 93, 94, 95, 96, 97, 98, 99, 100, 101, 102, 103, 104, 105, 106, 107, 108, 109, 110, 111, 112, 113, 114, 115, 116, 117, 118, 119, 120, 121, 122, 123, 124, 125, 126, 127, 128, 129, 130, 131, 132, 133, 134, 135, 136, 137, 138, 139, 140, 141, 142, 143, 144, 145, 146, 147, 148, 149, 150, 151, 152, 153, 154, 155, 156, 157, 158, 159, 160, 161, 162, 163, 164, 165, 166, 167, 168, 169, 170, 171, 172, 173, 174, 175, 176, 177, 178, 179, 180, 181, 182, 183, 184, 185, 186, 187, 188, 189, 190, 191, 192, 193, 194, 195, 196, 197, 198, 199, 200, 201, 202, 203, 204, 205, 206, 207, 208, 209, 210, 211, 212, 213, 214, 215, 216, 217, 218, 219, 220, 221, 222, 223, 224, 225, 226, 227, 228, 229, 230, 231, 232, 233, 234, 235, 236, 237, 238, 239, 240, 241, 242, 243, 244, 245, 246, 247, 248, 249, 250, 251, 252, 253, 254, 255, 256, 257, 258, 259, 260, 261, 262, 263, 264, 265, 266, 267, 268, 269, 270, 271, 272, 273, 274, 275, 276, 277, 278, 279, 280, 281, 282, 283, 284, 285, 286, 287, 288, 289, 290, 291, 292, 293, 294, 295, 296, 297, 298, 299, 300, 301, 302, 303, 304, 305, 306, 307, 308, 309, 310, 311, 312, 313, 314, 315, 316, 317, 318, 319, 320, 321, 322, 323, 324, 325, 326, 327, 328, 329, 330, 331, 332, 333, 334, 335, 336, 337, 338, 339, 340, 341, 342, 343, 344, 345, 346, 347, 348, 349, 350, 351, 352, 353, 354, 355, 356, 357, 358, 359, 360, 361, 362, 363, 364, 365, 366, 367, 368, 369, 370, 371, 372, 373, 374, 375, 376, 377, 378, 379, 380, 381, 382, 383, 384, 385, 386, 387, 388, 389, 390, 391, 392, 393, 394, 395, 396, 397, 398, 399, 400, 401, 402, 403, 404, 405, 406, 407, 408, 409, 410, 411, 412, 413, 414, 415, 416, 417, 418, 419, 420, 421, 422, 423, 424, 425, 426, 427, 428, 429, 430, 431, 432, 433, 434, 435, 436, 437, 438, 439 ]
    }
  }
}