{
  "%TYPES" : {
    "de.tudarmstadt.ukp.clarin.webanno.api.type.FeatureDefinition" : {
      "%NAME" : "de.tudarmstadt.ukp.clarin.webanno.api.type.FeatureDefinition",
      "%SUPER_TYPE" : "uima.cas.TOP",
      "layer" : {
        "%NAME" : "layer",
        "%RANGE" : "de.tudarmstadt.ukp.clarin.webanno.api.type.LayerDefinition"
      },
      "name" : {
        "%NAME" : "name",
        "%RANGE" : "uima.cas.String"
      },
      "uiName" : {
        "%NAME" : "uiName",
        "%RANGE" : "uima.cas.String"
      }
    },
    "de.tudarmstadt.ukp.clarin.webanno.api.type.LayerDefinition" : {
      "%NAME" : "de.tudarmstadt.ukp.clarin.webanno.api.type.LayerDefinition",
      "%SUPER_TYPE" : "uima.cas.TOP",
      "name" : {
        "%NAME" : "name",
        "%RANGE" : "uima.cas.String"
      },
      "uiName" : {
        "%NAME" : "uiName",
        "%RANGE" : "uima.cas.String"
      }
    },
    "de.tudarmstadt.ukp.dkpro.core.api.lexmorph.type.morph.MorphologicalFeatures" : {
      "%NAME" : "de.tudarmstadt.ukp.dkpro.core.api.lexmorph.type.morph.MorphologicalFeatures",
      "%SUPER_TYPE" : "uima.tcas.Annotation",
      "gender" : {
        "%NAME" : "gender",
        "%RANGE" : "uima.cas.String"
      },
      "number" : {
        "%NAME" : "number",
        "%RANGE" : "uima.cas.String"
      },
      "case" : {
        "%NAME" : "case",
        "%RANGE" : "uima.cas.String"
      },
      "degree" : {
        "%NAME" : "degree",
        "%RANGE" : "uima.cas.String"
      },
      "verbForm" : {
        "%NAME" : "verbForm",
        "%RANGE" : "uima.cas.String"
      },
      "tense" : {
        "%NAME" : "tense",
        "%RANGE" : "uima.cas.String"
      },
      "mood" : {
        "%NAME" : "mood",
        "%RANGE" : "uima.cas.String"
      },
      "voice" : {
        "%NAME" : "voice",
        "%RANGE" : "uima.cas.String"
      },
      "definiteness" : {
        "%NAME" : "definiteness",
        "%RANGE" : "uima.cas.String"
      },
      "value" : {
        "%NAME" : "value",
        "%RANGE" : "uima.cas.String"
      },
      "person" : {
        "%NAME" : "person",
        "%RANGE" : "uima.cas.String"
      },
      "aspect" : {
        "%NAME" : "aspect",
        "%RANGE" : "uima.cas.String"
      },
      "animacy" : {
        "%NAME" : "animacy",
        "%RANGE" : "uima.cas.String"
      },
      "negative" : {
        "%NAME" : "negative",
        "%RANGE" : "uima.cas.String"
      },
      "numType" : {
        "%NAME" : "numType",
        "%RANGE" : "uima.cas.String"
      },
      "possessive" : {
        "%NAME" : "possessive",
        "%RANGE" : "uima.cas.String"
      },
      "pronType" : {
        "%NAME" : "pronType",
        "%RANGE" : "uima.cas.String"
      },
      "reflex" : {
        "%NAME" : "reflex",
        "%RANGE" : "uima.cas.String"
      },
      "transitivity" : {
        "%NAME" : "transitivity",
        "%RANGE" : "uima.cas.String"
      }
    },
    "de.tudarmstadt.ukp.dkpro.core.api.lexmorph.type.pos.POS" : {
      "%NAME" : "de.tudarmstadt.ukp.dkpro.core.api.lexmorph.type.pos.POS",
      "%SUPER_TYPE" : "uima.tcas.Annotation",
      "PosValue" : {
        "%NAME" : "PosValue",
        "%RANGE" : "uima.cas.String"
      },
      "coarseValue" : {
        "%NAME" : "coarseValue",
        "%RANGE" : "uima.cas.String"
      }
    },
    "de.tudarmstadt.ukp.dkpro.core.api.metadata.type.DocumentMetaData" : {
      "%NAME" : "de.tudarmstadt.ukp.dkpro.core.api.metadata.type.DocumentMetaData",
      "%SUPER_TYPE" : "uima.tcas.DocumentAnnotation",
      "documentTitle" : {
        "%NAME" : "documentTitle",
        "%RANGE" : "uima.cas.String"
      },
      "documentId" : {
        "%NAME" : "documentId",
        "%RANGE" : "uima.cas.String"
      },
      "documentUri" : {
        "%NAME" : "documentUri",
        "%RANGE" : "uima.cas.String"
      },
      "collectionId" : {
        "%NAME" : "collectionId",
        "%RANGE" : "uima.cas.String"
      },
      "documentBaseUri" : {
        "%NAME" : "documentBaseUri",
        "%RANGE" : "uima.cas.String"
      },
      "isLastSegment" : {
        "%NAME" : "isLastSegment",
        "%RANGE" : "uima.cas.Boolean"
      }
    },
    "de.tudarmstadt.ukp.dkpro.core.api.metadata.type.TagDescription" : {
      "%NAME" : "de.tudarmstadt.ukp.dkpro.core.api.metadata.type.TagDescription",
      "%SUPER_TYPE" : "uima.cas.TOP",
      "name" : {
        "%NAME" : "name",
        "%RANGE" : "uima.cas.String"
      }
    },
    "de.tudarmstadt.ukp.dkpro.core.api.metadata.type.TagsetDescription" : {
      "%NAME" : "de.tudarmstadt.ukp.dkpro.core.api.metadata.type.TagsetDescription",
      "%SUPER_TYPE" : "uima.tcas.Annotation",
      "layer" : {
        "%NAME" : "layer",
        "%RANGE" : "uima.cas.String"
      },
      "name" : {
        "%NAME" : "name",
        "%RANGE" : "uima.cas.String"
      },
      "tags" : {
        "%NAME" : "tags",
        "%RANGE" : "de.tudarmstadt.ukp.dkpro.core.api.metadata.type.TagDescription[]"
      },
      "componentName" : {
        "%NAME" : "componentName",
        "%RANGE" : "uima.cas.String"
      },
      "modelLocation" : {
        "%NAME" : "modelLocation",
        "%RANGE" : "uima.cas.String"
      },
      "modelVariant" : {
        "%NAME" : "modelVariant",
        "%RANGE" : "uima.cas.String"
      },
      "modelLanguage" : {
        "%NAME" : "modelLanguage",
        "%RANGE" : "uima.cas.String"
      },
      "modelVersion" : {
        "%NAME" : "modelVersion",
        "%RANGE" : "uima.cas.String"
      },
      "input" : {
        "%NAME" : "input",
        "%RANGE" : "uima.cas.Boolean"
      }
    },
    "de.tudarmstadt.ukp.dkpro.core.api.segmentation.type.Lemma" : {
      "%NAME" : "de.tudarmstadt.ukp.dkpro.core.api.segmentation.type.Lemma",
      "%SUPER_TYPE" : "uima.tcas.Annotation",
      "value" : {
        "%NAME" : "value",
        "%RANGE" : "uima.cas.String"
      }
    },
    "de.tudarmstadt.ukp.dkpro.core.api.segmentation.type.Sentence" : {
      "%NAME" : "de.tudarmstadt.ukp.dkpro.core.api.segmentation.type.Sentence",
      "%SUPER_TYPE" : "uima.tcas.Annotation",
      "id" : {
        "%NAME" : "id",
        "%RANGE" : "uima.cas.String"
      }
    },
    "de.tudarmstadt.ukp.dkpro.core.api.segmentation.type.Stem" : {
      "%NAME" : "de.tudarmstadt.ukp.dkpro.core.api.segmentation.type.Stem",
      "%SUPER_TYPE" : "uima.tcas.Annotation",
      "value" : {
        "%NAME" : "value",
        "%RANGE" : "uima.cas.String"
      }
    },
    "de.tudarmstadt.ukp.dkpro.core.api.segmentation.type.Token" : {
      "%NAME" : "de.tudarmstadt.ukp.dkpro.core.api.segmentation.type.Token",
      "%SUPER_TYPE" : "uima.tcas.Annotation",
      "parent" : {
        "%NAME" : "parent",
        "%RANGE" : "uima.tcas.Annotation"
      },
      "lemma" : {
        "%NAME" : "lemma",
        "%RANGE" : "de.tudarmstadt.ukp.dkpro.core.api.segmentation.type.Lemma"
      },
      "stem" : {
        "%NAME" : "stem",
        "%RANGE" : "de.tudarmstadt.ukp.dkpro.core.api.segmentation.type.Stem"
      },
      "pos" : {
        "%NAME" : "pos",
        "%RANGE" : "de.tudarmstadt.ukp.dkpro.core.api.lexmorph.type.pos.POS"
      },
      "morph" : {
        "%NAME" : "morph",
        "%RANGE" : "de.tudarmstadt.ukp.dkpro.core.api.lexmorph.type.morph.MorphologicalFeatures"
      },
      "id" : {
        "%NAME" : "id",
        "%RANGE" : "uima.cas.String"
      },
      "form" : {
        "%NAME" : "form",
        "%RANGE" : "de.tudarmstadt.ukp.dkpro.core.api.segmentation.type.TokenForm"
      },
      "syntacticFunction" : {
        "%NAME" : "syntacticFunction",
        "%RANGE" : "uima.cas.String"
      },
      "order" : {
        "%NAME" : "order",
        "%RANGE" : "uima.cas.Integer"
      }
    },
    "de.tudarmstadt.ukp.dkpro.core.api.segmentation.type.TokenForm" : {
      "%NAME" : "de.tudarmstadt.ukp.dkpro.core.api.segmentation.type.TokenForm",
      "%SUPER_TYPE" : "uima.tcas.Annotation",
      "value" : {
        "%NAME" : "value",
        "%RANGE" : "uima.cas.String"
      }
    },
    "webanno.custom.AppraisalTheory" : {
      "%NAME" : "webanno.custom.AppraisalTheory",
      "%SUPER_TYPE" : "uima.tcas.Annotation",
      "Attitude" : {
        "%NAME" : "Attitude",
        "%RANGE" : "uima.cas.String"
      },
      "Attitude_target" : {
        "%NAME" : "Attitude_target",
        "%RANGE" : "uima.cas.String"
      },
      "Polarity" : {
        "%NAME" : "Polarity",
        "%RANGE" : "uima.cas.String"
      }
    }
  },
  "%FEATURE_STRUCTURES" : [ {
    "%ID" : 1,
    "%TYPE" : "de.tudarmstadt.ukp.clarin.webanno.api.type.FeatureDefinition",
    "@layer" : 2,
    "name" : "Attitude",
    "uiName" : "Attitude"
  }, {
    "%ID" : 3,
    "%TYPE" : "de.tudarmstadt.ukp.clarin.webanno.api.type.FeatureDefinition",
    "@layer" : 2,
    "name" : "Attitude_target",
    "uiName" : "Attitude_target"
  }, {
    "%ID" : 4,
    "%TYPE" : "de.tudarmstadt.ukp.clarin.webanno.api.type.FeatureDefinition",
    "@layer" : 2,
    "name" : "Polarity",
    "uiName" : "Polarity"
  }, {
    "%ID" : 5,
    "%TYPE" : "de.tudarmstadt.ukp.clarin.webanno.api.type.FeatureDefinition",
    "@layer" : 6,
    "name" : "Dependent",
    "uiName" : "Target"
  }, {
    "%ID" : 7,
    "%TYPE" : "de.tudarmstadt.ukp.clarin.webanno.api.type.FeatureDefinition",
    "@layer" : 6,
    "name" : "Governor",
    "uiName" : "Source"
  }, {
    "%ID" : 8,
    "%TYPE" : "de.tudarmstadt.ukp.clarin.webanno.api.type.FeatureDefinition",
    "@layer" : 6,
    "name" : "target_relation",
    "uiName" : "attitude_relation"
  }, {
    "%ID" : 2,
    "%TYPE" : "de.tudarmstadt.ukp.clarin.webanno.api.type.LayerDefinition",
    "name" : "webanno.custom.AppraisalTheory",
    "uiName" : "AppraisalTheory"
  }, {
    "%ID" : 6,
    "%TYPE" : "de.tudarmstadt.ukp.clarin.webanno.api.type.LayerDefinition",
    "name" : "webanno.custom.AttitudeTargetRelations",
    "uiName" : "AttitudeTargetRelations"
  }, {
    "%ID" : 9,
    "%TYPE" : "de.tudarmstadt.ukp.dkpro.core.api.metadata.type.DocumentMetaData",
    "@sofa" : 10,
    "begin" : 0,
    "end" : 1301,
    "language" : "x-unspecified",
    "documentTitle" : "UNSC_2014_SPV.7138_spch015_sentsplit_Chad.txt",
    "documentId" : "admin",
    "documentUri" : "appraisal-annotation-in-unsc-speeches-_i/admin",
    "collectionId" : "appraisal-annotation-in-unsc-speeches-_i/admin",
    "documentBaseUri" : "appraisal-annotation-in-unsc-speeches-_i",
    "isLastSegment" : false
  }, {
    "%ID" : 11,
    "%TYPE" : "de.tudarmstadt.ukp.dkpro.core.api.metadata.type.TagsetDescription",
    "@sofa" : 10,
    "begin" : 0,
    "end" : 0,
    "layer" : "webanno.custom.AppraisalTheory",
    "name" : "polarity_lables",
    "input" : false
  }, {
    "%ID" : 12,
    "%TYPE" : "de.tudarmstadt.ukp.dkpro.core.api.metadata.type.TagsetDescription",
    "@sofa" : 10,
    "begin" : 0,
    "end" : 0,
    "layer" : "webanno.custom.AttitudeTargetRelations",
    "name" : "attitude_target_label",
    "input" : false
  }, {
    "%ID" : 13,
    "%TYPE" : "de.tudarmstadt.ukp.dkpro.core.api.segmentation.type.Sentence",
    "@sofa" : 10,
    "begin" : 0,
    "end" : 195
  }, {
    "%ID" : 14,
    "%TYPE" : "de.tudarmstadt.ukp.dkpro.core.api.segmentation.type.Sentence",
    "@sofa" : 10,
    "begin" : 196,
    "end" : 338
  }, {
    "%ID" : 15,
    "%TYPE" : "de.tudarmstadt.ukp.dkpro.core.api.segmentation.type.Sentence",
    "@sofa" : 10,
    "begin" : 339,
    "end" : 444
  }, {
    "%ID" : 16,
    "%TYPE" : "de.tudarmstadt.ukp.dkpro.core.api.segmentation.type.Sentence",
    "@sofa" : 10,
    "begin" : 446,
    "end" : 686
  }, {
    "%ID" : 17,
    "%TYPE" : "de.tudarmstadt.ukp.dkpro.core.api.segmentation.type.Sentence",
    "@sofa" : 10,
    "begin" : 687,
    "end" : 967
  }, {
    "%ID" : 18,
    "%TYPE" : "de.tudarmstadt.ukp.dkpro.core.api.segmentation.type.Sentence",
    "@sofa" : 10,
    "begin" : 969,
    "end" : 1148
  }, {
    "%ID" : 19,
    "%TYPE" : "de.tudarmstadt.ukp.dkpro.core.api.segmentation.type.Sentence",
    "@sofa" : 10,
    "begin" : 1150,
    "end" : 1212
  }, {
    "%ID" : 20,
    "%TYPE" : "de.tudarmstadt.ukp.dkpro.core.api.segmentation.type.Sentence",
    "@sofa" : 10,
    "begin" : 1213,
    "end" : 1299
  }, {
    "%ID" : 21,
    "%TYPE" : "de.tudarmstadt.ukp.dkpro.core.api.segmentation.type.Token",
    "@sofa" : 10,
    "begin" : 0,
    "end" : 5,
    "order" : 0
  }, {
    "%ID" : 22,
    "%TYPE" : "de.tudarmstadt.ukp.dkpro.core.api.segmentation.type.Token",
    "@sofa" : 10,
    "begin" : 6,
    "end" : 9,
    "order" : 0
  }, {
    "%ID" : 23,
    "%TYPE" : "de.tudarmstadt.ukp.dkpro.core.api.segmentation.type.Token",
    "@sofa" : 10,
    "begin" : 10,
    "end" : 19,
    "order" : 0
  }, {
    "%ID" : 24,
    "%TYPE" : "de.tudarmstadt.ukp.dkpro.core.api.segmentation.type.Token",
    "@sofa" : 10,
    "begin" : 20,
    "end" : 25,
    "order" : 0
  }, {
    "%ID" : 25,
    "%TYPE" : "de.tudarmstadt.ukp.dkpro.core.api.segmentation.type.Token",
    "@sofa" : 10,
    "begin" : 26,
    "end" : 35,
    "order" : 0
  }, {
    "%ID" : 26,
    "%TYPE" : "de.tudarmstadt.ukp.dkpro.core.api.segmentation.type.Token",
    "@sofa" : 10,
    "begin" : 36,
    "end" : 42,
    "order" : 0
  }, {
    "%ID" : 27,
    "%TYPE" : "de.tudarmstadt.ukp.dkpro.core.api.segmentation.type.Token",
    "@sofa" : 10,
    "begin" : 42,
    "end" : 43,
    "order" : 0
  }, {
    "%ID" : 28,
    "%TYPE" : "de.tudarmstadt.ukp.dkpro.core.api.segmentation.type.Token",
    "@sofa" : 10,
    "begin" : 44,
    "end" : 48,
    "order" : 0
  }, {
    "%ID" : 29,
    "%TYPE" : "de.tudarmstadt.ukp.dkpro.core.api.segmentation.type.Token",
    "@sofa" : 10,
    "begin" : 49,
    "end" : 52,
    "order" : 0
  }, {
    "%ID" : 30,
    "%TYPE" : "de.tudarmstadt.ukp.dkpro.core.api.segmentation.type.Token",
    "@sofa" : 10,
    "begin" : 53,
    "end" : 65,
    "order" : 0
  }, {
    "%ID" : 31,
    "%TYPE" : "de.tudarmstadt.ukp.dkpro.core.api.segmentation.type.Token",
    "@sofa" : 10,
    "begin" : 66,
    "end" : 75,
    "order" : 0
  }, {
    "%ID" : 32,
    "%TYPE" : "de.tudarmstadt.ukp.dkpro.core.api.segmentation.type.Token",
    "@sofa" : 10,
    "begin" : 76,
    "end" : 79,
    "order" : 0
  }, {
    "%ID" : 33,
    "%TYPE" : "de.tudarmstadt.ukp.dkpro.core.api.segmentation.type.Token",
    "@sofa" : 10,
    "begin" : 80,
    "end" : 90,
    "order" : 0
  }, {
    "%ID" : 34,
    "%TYPE" : "de.tudarmstadt.ukp.dkpro.core.api.segmentation.type.Token",
    "@sofa" : 10,
    "begin" : 91,
    "end" : 93,
    "order" : 0
  }, {
    "%ID" : 35,
    "%TYPE" : "de.tudarmstadt.ukp.dkpro.core.api.segmentation.type.Token",
    "@sofa" : 10,
    "begin" : 94,
    "end" : 97,
    "order" : 0
  }, {
    "%ID" : 36,
    "%TYPE" : "de.tudarmstadt.ukp.dkpro.core.api.segmentation.type.Token",
    "@sofa" : 10,
    "begin" : 98,
    "end" : 109,
    "order" : 0
  }, {
    "%ID" : 37,
    "%TYPE" : "de.tudarmstadt.ukp.dkpro.core.api.segmentation.type.Token",
    "@sofa" : 10,
    "begin" : 110,
    "end" : 119,
    "order" : 0
  }, {
    "%ID" : 38,
    "%TYPE" : "de.tudarmstadt.ukp.dkpro.core.api.segmentation.type.Token",
    "@sofa" : 10,
    "begin" : 120,
    "end" : 123,
    "order" : 0
  }, {
    "%ID" : 39,
    "%TYPE" : "de.tudarmstadt.ukp.dkpro.core.api.segmentation.type.Token",
    "@sofa" : 10,
    "begin" : 124,
    "end" : 129,
    "order" : 0
  }, {
    "%ID" : 40,
    "%TYPE" : "de.tudarmstadt.ukp.dkpro.core.api.segmentation.type.Token",
    "@sofa" : 10,
    "begin" : 130,
    "end" : 132,
    "order" : 0
  }, {
    "%ID" : 41,
    "%TYPE" : "de.tudarmstadt.ukp.dkpro.core.api.segmentation.type.Token",
    "@sofa" : 10,
    "begin" : 133,
    "end" : 140,
    "order" : 0
  }, {
    "%ID" : 42,
    "%TYPE" : "de.tudarmstadt.ukp.dkpro.core.api.segmentation.type.Token",
    "@sofa" : 10,
    "begin" : 140,
    "end" : 141,
    "order" : 0
  }, {
    "%ID" : 43,
    "%TYPE" : "de.tudarmstadt.ukp.dkpro.core.api.segmentation.type.Token",
    "@sofa" : 10,
    "begin" : 142,
    "end" : 144,
    "order" : 0
  }, {
    "%ID" : 44,
    "%TYPE" : "de.tudarmstadt.ukp.dkpro.core.api.segmentation.type.Token",
    "@sofa" : 10,
    "begin" : 145,
    "end" : 155,
    "order" : 0
  }, {
    "%ID" : 45,
    "%TYPE" : "de.tudarmstadt.ukp.dkpro.core.api.segmentation.type.Token",
    "@sofa" : 10,
    "begin" : 156,
    "end" : 160,
    "order" : 0
  }, {
    "%ID" : 46,
    "%TYPE" : "de.tudarmstadt.ukp.dkpro.core.api.segmentation.type.Token",
    "@sofa" : 10,
    "begin" : 161,
    "end" : 164,
    "order" : 0
  }, {
    "%ID" : 47,
    "%TYPE" : "de.tudarmstadt.ukp.dkpro.core.api.segmentation.type.Token",
    "@sofa" : 10,
    "begin" : 165,
    "end" : 172,
    "order" : 0
  }, {
    "%ID" : 48,
    "%TYPE" : "de.tudarmstadt.ukp.dkpro.core.api.segmentation.type.Token",
    "@sofa" : 10,
    "begin" : 173,
    "end" : 175,
    "order" : 0
  }, {
    "%ID" : 49,
    "%TYPE" : "de.tudarmstadt.ukp.dkpro.core.api.segmentation.type.Token",
    "@sofa" : 10,
    "begin" : 176,
    "end" : 179,
    "order" : 0
  }, {
    "%ID" : 50,
    "%TYPE" : "de.tudarmstadt.ukp.dkpro.core.api.segmentation.type.Token",
    "@sofa" : 10,
    "begin" : 180,
    "end" : 186,
    "order" : 0
  }, {
    "%ID" : 51,
    "%TYPE" : "de.tudarmstadt.ukp.dkpro.core.api.segmentation.type.Token",
    "@sofa" : 10,
    "begin" : 187,
    "end" : 194,
    "order" : 0
  }, {
    "%ID" : 52,
    "%TYPE" : "de.tudarmstadt.ukp.dkpro.core.api.segmentation.type.Token",
    "@sofa" : 10,
    "begin" : 194,
    "end" : 195,
    "order" : 0
  }, {
    "%ID" : 53,
    "%TYPE" : "de.tudarmstadt.ukp.dkpro.core.api.segmentation.type.Token",
    "@sofa" : 10,
    "begin" : 196,
    "end" : 199,
    "order" : 0
  }, {
    "%ID" : 54,
    "%TYPE" : "de.tudarmstadt.ukp.dkpro.core.api.segmentation.type.Token",
    "@sofa" : 10,
    "begin" : 200,
    "end" : 213,
    "order" : 0
  }, {
    "%ID" : 55,
    "%TYPE" : "de.tudarmstadt.ukp.dkpro.core.api.segmentation.type.Token",
    "@sofa" : 10,
    "begin" : 214,
    "end" : 216,
    "order" : 0
  }, {
    "%ID" : 56,
    "%TYPE" : "de.tudarmstadt.ukp.dkpro.core.api.segmentation.type.Token",
    "@sofa" : 10,
    "begin" : 217,
    "end" : 224,
    "order" : 0
  }, {
    "%ID" : 57,
    "%TYPE" : "de.tudarmstadt.ukp.dkpro.core.api.segmentation.type.Token",
    "@sofa" : 10,
    "begin" : 225,
    "end" : 228,
    "order" : 0
  }, {
    "%ID" : 58,
    "%TYPE" : "de.tudarmstadt.ukp.dkpro.core.api.segmentation.type.Token",
    "@sofa" : 10,
    "begin" : 229,
    "end" : 240,
    "order" : 0
  }, {
    "%ID" : 59,
    "%TYPE" : "de.tudarmstadt.ukp.dkpro.core.api.segmentation.type.Token",
    "@sofa" : 10,
    "begin" : 241,
    "end" : 250,
    "order" : 0
  }, {
    "%ID" : 60,
    "%TYPE" : "de.tudarmstadt.ukp.dkpro.core.api.segmentation.type.Token",
    "@sofa" : 10,
    "begin" : 251,
    "end" : 253,
    "order" : 0
  }, {
    "%ID" : 61,
    "%TYPE" : "de.tudarmstadt.ukp.dkpro.core.api.segmentation.type.Token",
    "@sofa" : 10,
    "begin" : 254,
    "end" : 260,
    "order" : 0
  }, {
    "%ID" : 62,
    "%TYPE" : "de.tudarmstadt.ukp.dkpro.core.api.segmentation.type.Token",
    "@sofa" : 10,
    "begin" : 261,
    "end" : 263,
    "order" : 0
  }, {
    "%ID" : 63,
    "%TYPE" : "de.tudarmstadt.ukp.dkpro.core.api.segmentation.type.Token",
    "@sofa" : 10,
    "begin" : 264,
    "end" : 265,
    "order" : 0
  }, {
    "%ID" : 64,
    "%TYPE" : "de.tudarmstadt.ukp.dkpro.core.api.segmentation.type.Token",
    "@sofa" : 10,
    "begin" : 266,
    "end" : 272,
    "order" : 0
  }, {
    "%ID" : 65,
    "%TYPE" : "de.tudarmstadt.ukp.dkpro.core.api.segmentation.type.Token",
    "@sofa" : 10,
    "begin" : 273,
    "end" : 282,
    "order" : 0
  }, {
    "%ID" : 66,
    "%TYPE" : "de.tudarmstadt.ukp.dkpro.core.api.segmentation.type.Token",
    "@sofa" : 10,
    "begin" : 283,
    "end" : 286,
    "order" : 0
  }, {
    "%ID" : 67,
    "%TYPE" : "de.tudarmstadt.ukp.dkpro.core.api.segmentation.type.Token",
    "@sofa" : 10,
    "begin" : 287,
    "end" : 292,
    "order" : 0
  }, {
    "%ID" : 68,
    "%TYPE" : "de.tudarmstadt.ukp.dkpro.core.api.segmentation.type.Token",
    "@sofa" : 10,
    "begin" : 293,
    "end" : 295,
    "order" : 0
  }, {
    "%ID" : 69,
    "%TYPE" : "de.tudarmstadt.ukp.dkpro.core.api.segmentation.type.Token",
    "@sofa" : 10,
    "begin" : 296,
    "end" : 299,
    "order" : 0
  }, {
    "%ID" : 70,
    "%TYPE" : "de.tudarmstadt.ukp.dkpro.core.api.segmentation.type.Token",
    "@sofa" : 10,
    "begin" : 300,
    "end" : 312,
    "order" : 0
  }, {
    "%ID" : 71,
    "%TYPE" : "de.tudarmstadt.ukp.dkpro.core.api.segmentation.type.Token",
    "@sofa" : 10,
    "begin" : 313,
    "end" : 316,
    "order" : 0
  }, {
    "%ID" : 72,
    "%TYPE" : "de.tudarmstadt.ukp.dkpro.core.api.segmentation.type.Token",
    "@sofa" : 10,
    "begin" : 317,
    "end" : 319,
    "order" : 0
  }, {
    "%ID" : 73,
    "%TYPE" : "de.tudarmstadt.ukp.dkpro.core.api.segmentation.type.Token",
    "@sofa" : 10,
    "begin" : 320,
    "end" : 323,
    "order" : 0
  }, {
    "%ID" : 74,
    "%TYPE" : "de.tudarmstadt.ukp.dkpro.core.api.segmentation.type.Token",
    "@sofa" : 10,
    "begin" : 324,
    "end" : 331,
    "order" : 0
  }, {
    "%ID" : 75,
    "%TYPE" : "de.tudarmstadt.ukp.dkpro.core.api.segmentation.type.Token",
    "@sofa" : 10,
    "begin" : 332,
    "end" : 337,
    "order" : 0
  }, {
    "%ID" : 76,
    "%TYPE" : "de.tudarmstadt.ukp.dkpro.core.api.segmentation.type.Token",
    "@sofa" : 10,
    "begin" : 337,
    "end" : 338,
    "order" : 0
  }, {
    "%ID" : 77,
    "%TYPE" : "de.tudarmstadt.ukp.dkpro.core.api.segmentation.type.Token",
    "@sofa" : 10,
    "begin" : 339,
    "end" : 345,
    "order" : 0
  }, {
    "%ID" : 78,
    "%TYPE" : "de.tudarmstadt.ukp.dkpro.core.api.segmentation.type.Token",
    "@sofa" : 10,
    "begin" : 346,
    "end" : 350,
    "order" : 0
  }, {
    "%ID" : 79,
    "%TYPE" : "de.tudarmstadt.ukp.dkpro.core.api.segmentation.type.Token",
    "@sofa" : 10,
    "begin" : 351,
    "end" : 353,
    "order" : 0
  }, {
    "%ID" : 80,
    "%TYPE" : "de.tudarmstadt.ukp.dkpro.core.api.segmentation.type.Token",
    "@sofa" : 10,
    "begin" : 354,
    "end" : 360,
    "order" : 0
  }, {
    "%ID" : 81,
    "%TYPE" : "de.tudarmstadt.ukp.dkpro.core.api.segmentation.type.Token",
    "@sofa" : 10,
    "begin" : 361,
    "end" : 363,
    "order" : 0
  }, {
    "%ID" : 82,
    "%TYPE" : "de.tudarmstadt.ukp.dkpro.core.api.segmentation.type.Token",
    "@sofa" : 10,
    "begin" : 364,
    "end" : 367,
    "order" : 0
  }, {
    "%ID" : 83,
    "%TYPE" : "de.tudarmstadt.ukp.dkpro.core.api.segmentation.type.Token",
    "@sofa" : 10,
    "begin" : 368,
    "end" : 373,
    "order" : 0
  }, {
    "%ID" : 84,
    "%TYPE" : "de.tudarmstadt.ukp.dkpro.core.api.segmentation.type.Token",
    "@sofa" : 10,
    "begin" : 374,
    "end" : 384,
    "order" : 0
  }, {
    "%ID" : 85,
    "%TYPE" : "de.tudarmstadt.ukp.dkpro.core.api.segmentation.type.Token",
    "@sofa" : 10,
    "begin" : 385,
    "end" : 394,
    "order" : 0
  }, {
    "%ID" : 86,
    "%TYPE" : "de.tudarmstadt.ukp.dkpro.core.api.segmentation.type.Token",
    "@sofa" : 10,
    "begin" : 395,
    "end" : 397,
    "order" : 0
  }, {
    "%ID" : 87,
    "%TYPE" : "de.tudarmstadt.ukp.dkpro.core.api.segmentation.type.Token",
    "@sofa" : 10,
    "begin" : 398,
    "end" : 406,
    "order" : 0
  }, {
    "%ID" : 88,
    "%TYPE" : "de.tudarmstadt.ukp.dkpro.core.api.segmentation.type.Token",
    "@sofa" : 10,
    "begin" : 407,
    "end" : 408,
    "order" : 0
  }, {
    "%ID" : 89,
    "%TYPE" : "de.tudarmstadt.ukp.dkpro.core.api.segmentation.type.Token",
    "@sofa" : 10,
    "begin" : 408,
    "end" : 409,
    "order" : 0
  }, {
    "%ID" : 90,
    "%TYPE" : "de.tudarmstadt.ukp.dkpro.core.api.segmentation.type.Token",
    "@sofa" : 10,
    "begin" : 409,
    "end" : 413,
    "order" : 0
  }, {
    "%ID" : 91,
    "%TYPE" : "de.tudarmstadt.ukp.dkpro.core.api.segmentation.type.Token",
    "@sofa" : 10,
    "begin" : 413,
    "end" : 414,
    "order" : 0
  }, {
    "%ID" : 92,
    "%TYPE" : "de.tudarmstadt.ukp.dkpro.core.api.segmentation.type.Token",
    "@sofa" : 10,
    "begin" : 415,
    "end" : 418,
    "order" : 0
  }, {
    "%ID" : 93,
    "%TYPE" : "de.tudarmstadt.ukp.dkpro.core.api.segmentation.type.Token",
    "@sofa" : 10,
    "begin" : 419,
    "end" : 427,
    "order" : 0
  }, {
    "%ID" : 94,
    "%TYPE" : "de.tudarmstadt.ukp.dkpro.core.api.segmentation.type.Token",
    "@sofa" : 10,
    "begin" : 428,
    "end" : 432,
    "order" : 0
  }, {
    "%ID" : 95,
    "%TYPE" : "de.tudarmstadt.ukp.dkpro.core.api.segmentation.type.Token",
    "@sofa" : 10,
    "begin" : 433,
    "end" : 443,
    "order" : 0
  }, {
    "%ID" : 96,
    "%TYPE" : "de.tudarmstadt.ukp.dkpro.core.api.segmentation.type.Token",
    "@sofa" : 10,
    "begin" : 443,
    "end" : 444,
    "order" : 0
  }, {
    "%ID" : 97,
    "%TYPE" : "de.tudarmstadt.ukp.dkpro.core.api.segmentation.type.Token",
    "@sofa" : 10,
    "begin" : 446,
    "end" : 450,
    "order" : 0
  }, {
    "%ID" : 98,
    "%TYPE" : "de.tudarmstadt.ukp.dkpro.core.api.segmentation.type.Token",
    "@sofa" : 10,
    "begin" : 451,
    "end" : 456,
    "order" : 0
  }, {
    "%ID" : 99,
    "%TYPE" : "de.tudarmstadt.ukp.dkpro.core.api.segmentation.type.Token",
    "@sofa" : 10,
    "begin" : 457,
    "end" : 461,
    "order" : 0
  }, {
    "%ID" : 100,
    "%TYPE" : "de.tudarmstadt.ukp.dkpro.core.api.segmentation.type.Token",
    "@sofa" : 10,
    "begin" : 462,
    "end" : 466,
    "order" : 0
  }, {
    "%ID" : 101,
    "%TYPE" : "de.tudarmstadt.ukp.dkpro.core.api.segmentation.type.Token",
    "@sofa" : 10,
    "begin" : 467,
    "end" : 472,
    "order" : 0
  }, {
    "%ID" : 102,
    "%TYPE" : "de.tudarmstadt.ukp.dkpro.core.api.segmentation.type.Token",
    "@sofa" : 10,
    "begin" : 473,
    "end" : 480,
    "order" : 0
  }, {
    "%ID" : 103,
    "%TYPE" : "de.tudarmstadt.ukp.dkpro.core.api.segmentation.type.Token",
    "@sofa" : 10,
    "begin" : 481,
    "end" : 484,
    "order" : 0
  }, {
    "%ID" : 104,
    "%TYPE" : "de.tudarmstadt.ukp.dkpro.core.api.segmentation.type.Token",
    "@sofa" : 10,
    "begin" : 485,
    "end" : 496,
    "order" : 0
  }, {
    "%ID" : 105,
    "%TYPE" : "de.tudarmstadt.ukp.dkpro.core.api.segmentation.type.Token",
    "@sofa" : 10,
    "begin" : 497,
    "end" : 499,
    "order" : 0
  }, {
    "%ID" : 106,
    "%TYPE" : "de.tudarmstadt.ukp.dkpro.core.api.segmentation.type.Token",
    "@sofa" : 10,
    "begin" : 500,
    "end" : 503,
    "order" : 0
  }, {
    "%ID" : 107,
    "%TYPE" : "de.tudarmstadt.ukp.dkpro.core.api.segmentation.type.Token",
    "@sofa" : 10,
    "begin" : 504,
    "end" : 514,
    "order" : 0
  }, {
    "%ID" : 108,
    "%TYPE" : "de.tudarmstadt.ukp.dkpro.core.api.segmentation.type.Token",
    "@sofa" : 10,
    "begin" : 515,
    "end" : 517,
    "order" : 0
  }, {
    "%ID" : 109,
    "%TYPE" : "de.tudarmstadt.ukp.dkpro.core.api.segmentation.type.Token",
    "@sofa" : 10,
    "begin" : 518,
    "end" : 521,
    "order" : 0
  }, {
    "%ID" : 110,
    "%TYPE" : "de.tudarmstadt.ukp.dkpro.core.api.segmentation.type.Token",
    "@sofa" : 10,
    "begin" : 522,
    "end" : 528,
    "order" : 0
  }, {
    "%ID" : 111,
    "%TYPE" : "de.tudarmstadt.ukp.dkpro.core.api.segmentation.type.Token",
    "@sofa" : 10,
    "begin" : 529,
    "end" : 531,
    "order" : 0
  }, {
    "%ID" : 112,
    "%TYPE" : "de.tudarmstadt.ukp.dkpro.core.api.segmentation.type.Token",
    "@sofa" : 10,
    "begin" : 532,
    "end" : 539,
    "order" : 0
  }, {
    "%ID" : 113,
    "%TYPE" : "de.tudarmstadt.ukp.dkpro.core.api.segmentation.type.Token",
    "@sofa" : 10,
    "begin" : 539,
    "end" : 540,
    "order" : 0
  }, {
    "%ID" : 114,
    "%TYPE" : "de.tudarmstadt.ukp.dkpro.core.api.segmentation.type.Token",
    "@sofa" : 10,
    "begin" : 541,
    "end" : 546,
    "order" : 0
  }, {
    "%ID" : 115,
    "%TYPE" : "de.tudarmstadt.ukp.dkpro.core.api.segmentation.type.Token",
    "@sofa" : 10,
    "begin" : 547,
    "end" : 549,
    "order" : 0
  }, {
    "%ID" : 116,
    "%TYPE" : "de.tudarmstadt.ukp.dkpro.core.api.segmentation.type.Token",
    "@sofa" : 10,
    "begin" : 550,
    "end" : 556,
    "order" : 0
  }, {
    "%ID" : 117,
    "%TYPE" : "de.tudarmstadt.ukp.dkpro.core.api.segmentation.type.Token",
    "@sofa" : 10,
    "begin" : 557,
    "end" : 562,
    "order" : 0
  }, {
    "%ID" : 118,
    "%TYPE" : "de.tudarmstadt.ukp.dkpro.core.api.segmentation.type.Token",
    "@sofa" : 10,
    "begin" : 563,
    "end" : 570,
    "order" : 0
  }, {
    "%ID" : 119,
    "%TYPE" : "de.tudarmstadt.ukp.dkpro.core.api.segmentation.type.Token",
    "@sofa" : 10,
    "begin" : 571,
    "end" : 574,
    "order" : 0
  }, {
    "%ID" : 120,
    "%TYPE" : "de.tudarmstadt.ukp.dkpro.core.api.segmentation.type.Token",
    "@sofa" : 10,
    "begin" : 575,
    "end" : 583,
    "order" : 0
  }, {
    "%ID" : 121,
    "%TYPE" : "de.tudarmstadt.ukp.dkpro.core.api.segmentation.type.Token",
    "@sofa" : 10,
    "begin" : 584,
    "end" : 591,
    "order" : 0
  }, {
    "%ID" : 122,
    "%TYPE" : "de.tudarmstadt.ukp.dkpro.core.api.segmentation.type.Token",
    "@sofa" : 10,
    "begin" : 592,
    "end" : 594,
    "order" : 0
  }, {
    "%ID" : 123,
    "%TYPE" : "de.tudarmstadt.ukp.dkpro.core.api.segmentation.type.Token",
    "@sofa" : 10,
    "begin" : 595,
    "end" : 598,
    "order" : 0
  }, {
    "%ID" : 124,
    "%TYPE" : "de.tudarmstadt.ukp.dkpro.core.api.segmentation.type.Token",
    "@sofa" : 10,
    "begin" : 599,
    "end" : 612,
    "order" : 0
  }, {
    "%ID" : 125,
    "%TYPE" : "de.tudarmstadt.ukp.dkpro.core.api.segmentation.type.Token",
    "@sofa" : 10,
    "begin" : 613,
    "end" : 622,
    "order" : 0
  }, {
    "%ID" : 126,
    "%TYPE" : "de.tudarmstadt.ukp.dkpro.core.api.segmentation.type.Token",
    "@sofa" : 10,
    "begin" : 622,
    "end" : 623,
    "order" : 0
  }, {
    "%ID" : 127,
    "%TYPE" : "de.tudarmstadt.ukp.dkpro.core.api.segmentation.type.Token",
    "@sofa" : 10,
    "begin" : 624,
    "end" : 627,
    "order" : 0
  }, {
    "%ID" : 128,
    "%TYPE" : "de.tudarmstadt.ukp.dkpro.core.api.segmentation.type.Token",
    "@sofa" : 10,
    "begin" : 628,
    "end" : 640,
    "order" : 0
  }, {
    "%ID" : 129,
    "%TYPE" : "de.tudarmstadt.ukp.dkpro.core.api.segmentation.type.Token",
    "@sofa" : 10,
    "begin" : 641,
    "end" : 644,
    "order" : 0
  }, {
    "%ID" : 130,
    "%TYPE" : "de.tudarmstadt.ukp.dkpro.core.api.segmentation.type.Token",
    "@sofa" : 10,
    "begin" : 645,
    "end" : 653,
    "order" : 0
  }, {
    "%ID" : 131,
    "%TYPE" : "de.tudarmstadt.ukp.dkpro.core.api.segmentation.type.Token",
    "@sofa" : 10,
    "begin" : 654,
    "end" : 661,
    "order" : 0
  }, {
    "%ID" : 132,
    "%TYPE" : "de.tudarmstadt.ukp.dkpro.core.api.segmentation.type.Token",
    "@sofa" : 10,
    "begin" : 661,
    "end" : 662,
    "order" : 0
  }, {
    "%ID" : 133,
    "%TYPE" : "de.tudarmstadt.ukp.dkpro.core.api.segmentation.type.Token",
    "@sofa" : 10,
    "begin" : 663,
    "end" : 666,
    "order" : 0
  }, {
    "%ID" : 134,
    "%TYPE" : "de.tudarmstadt.ukp.dkpro.core.api.segmentation.type.Token",
    "@sofa" : 10,
    "begin" : 667,
    "end" : 676,
    "order" : 0
  }, {
    "%ID" : 135,
    "%TYPE" : "de.tudarmstadt.ukp.dkpro.core.api.segmentation.type.Token",
    "@sofa" : 10,
    "begin" : 677,
    "end" : 680,
    "order" : 0
  }, {
    "%ID" : 136,
    "%TYPE" : "de.tudarmstadt.ukp.dkpro.core.api.segmentation.type.Token",
    "@sofa" : 10,
    "begin" : 681,
    "end" : 685,
    "order" : 0
  }, {
    "%ID" : 137,
    "%TYPE" : "de.tudarmstadt.ukp.dkpro.core.api.segmentation.type.Token",
    "@sofa" : 10,
    "begin" : 685,
    "end" : 686,
    "order" : 0
  }, {
    "%ID" : 138,
    "%TYPE" : "de.tudarmstadt.ukp.dkpro.core.api.segmentation.type.Token",
    "@sofa" : 10,
    "begin" : 687,
    "end" : 689,
    "order" : 0
  }, {
    "%ID" : 139,
    "%TYPE" : "de.tudarmstadt.ukp.dkpro.core.api.segmentation.type.Token",
    "@sofa" : 10,
    "begin" : 690,
    "end" : 697,
    "order" : 0
  }, {
    "%ID" : 140,
    "%TYPE" : "de.tudarmstadt.ukp.dkpro.core.api.segmentation.type.Token",
    "@sofa" : 10,
    "begin" : 698,
    "end" : 702,
    "order" : 0
  }, {
    "%ID" : 141,
    "%TYPE" : "de.tudarmstadt.ukp.dkpro.core.api.segmentation.type.Token",
    "@sofa" : 10,
    "begin" : 703,
    "end" : 705,
    "order" : 0
  }, {
    "%ID" : 142,
    "%TYPE" : "de.tudarmstadt.ukp.dkpro.core.api.segmentation.type.Token",
    "@sofa" : 10,
    "begin" : 706,
    "end" : 708,
    "order" : 0
  }, {
    "%ID" : 143,
    "%TYPE" : "de.tudarmstadt.ukp.dkpro.core.api.segmentation.type.Token",
    "@sofa" : 10,
    "begin" : 709,
    "end" : 714,
    "order" : 0
  }, {
    "%ID" : 144,
    "%TYPE" : "de.tudarmstadt.ukp.dkpro.core.api.segmentation.type.Token",
    "@sofa" : 10,
    "begin" : 715,
    "end" : 723,
    "order" : 0
  }, {
    "%ID" : 145,
    "%TYPE" : "de.tudarmstadt.ukp.dkpro.core.api.segmentation.type.Token",
    "@sofa" : 10,
    "begin" : 724,
    "end" : 727,
    "order" : 0
  }, {
    "%ID" : 146,
    "%TYPE" : "de.tudarmstadt.ukp.dkpro.core.api.segmentation.type.Token",
    "@sofa" : 10,
    "begin" : 728,
    "end" : 731,
    "order" : 0
  }, {
    "%ID" : 147,
    "%TYPE" : "de.tudarmstadt.ukp.dkpro.core.api.segmentation.type.Token",
    "@sofa" : 10,
    "begin" : 732,
    "end" : 739,
    "order" : 0
  }, {
    "%ID" : 148,
    "%TYPE" : "de.tudarmstadt.ukp.dkpro.core.api.segmentation.type.Token",
    "@sofa" : 10,
    "begin" : 740,
    "end" : 742,
    "order" : 0
  }, {
    "%ID" : 149,
    "%TYPE" : "de.tudarmstadt.ukp.dkpro.core.api.segmentation.type.Token",
    "@sofa" : 10,
    "begin" : 743,
    "end" : 747,
    "order" : 0
  }, {
    "%ID" : 150,
    "%TYPE" : "de.tudarmstadt.ukp.dkpro.core.api.segmentation.type.Token",
    "@sofa" : 10,
    "begin" : 748,
    "end" : 751,
    "order" : 0
  }, {
    "%ID" : 151,
    "%TYPE" : "de.tudarmstadt.ukp.dkpro.core.api.segmentation.type.Token",
    "@sofa" : 10,
    "begin" : 752,
    "end" : 755,
    "order" : 0
  }, {
    "%ID" : 152,
    "%TYPE" : "de.tudarmstadt.ukp.dkpro.core.api.segmentation.type.Token",
    "@sofa" : 10,
    "begin" : 756,
    "end" : 763,
    "order" : 0
  }, {
    "%ID" : 153,
    "%TYPE" : "de.tudarmstadt.ukp.dkpro.core.api.segmentation.type.Token",
    "@sofa" : 10,
    "begin" : 764,
    "end" : 772,
    "order" : 0
  }, {
    "%ID" : 154,
    "%TYPE" : "de.tudarmstadt.ukp.dkpro.core.api.segmentation.type.Token",
    "@sofa" : 10,
    "begin" : 773,
    "end" : 787,
    "order" : 0
  }, {
    "%ID" : 155,
    "%TYPE" : "de.tudarmstadt.ukp.dkpro.core.api.segmentation.type.Token",
    "@sofa" : 10,
    "begin" : 788,
    "end" : 791,
    "order" : 0
  }, {
    "%ID" : 156,
    "%TYPE" : "de.tudarmstadt.ukp.dkpro.core.api.segmentation.type.Token",
    "@sofa" : 10,
    "begin" : 792,
    "end" : 803,
    "order" : 0
  }, {
    "%ID" : 157,
    "%TYPE" : "de.tudarmstadt.ukp.dkpro.core.api.segmentation.type.Token",
    "@sofa" : 10,
    "begin" : 804,
    "end" : 813,
    "order" : 0
  }, {
    "%ID" : 158,
    "%TYPE" : "de.tudarmstadt.ukp.dkpro.core.api.segmentation.type.Token",
    "@sofa" : 10,
    "begin" : 814,
    "end" : 819,
    "order" : 0
  }, {
    "%ID" : 159,
    "%TYPE" : "de.tudarmstadt.ukp.dkpro.core.api.segmentation.type.Token",
    "@sofa" : 10,
    "begin" : 820,
    "end" : 822,
    "order" : 0
  }, {
    "%ID" : 160,
    "%TYPE" : "de.tudarmstadt.ukp.dkpro.core.api.segmentation.type.Token",
    "@sofa" : 10,
    "begin" : 823,
    "end" : 831,
    "order" : 0
  }, {
    "%ID" : 161,
    "%TYPE" : "de.tudarmstadt.ukp.dkpro.core.api.segmentation.type.Token",
    "@sofa" : 10,
    "begin" : 832,
    "end" : 834,
    "order" : 0
  }, {
    "%ID" : 162,
    "%TYPE" : "de.tudarmstadt.ukp.dkpro.core.api.segmentation.type.Token",
    "@sofa" : 10,
    "begin" : 835,
    "end" : 844,
    "order" : 0
  }, {
    "%ID" : 163,
    "%TYPE" : "de.tudarmstadt.ukp.dkpro.core.api.segmentation.type.Token",
    "@sofa" : 10,
    "begin" : 845,
    "end" : 853,
    "order" : 0
  }, {
    "%ID" : 164,
    "%TYPE" : "de.tudarmstadt.ukp.dkpro.core.api.segmentation.type.Token",
    "@sofa" : 10,
    "begin" : 854,
    "end" : 859,
    "order" : 0
  }, {
    "%ID" : 165,
    "%TYPE" : "de.tudarmstadt.ukp.dkpro.core.api.segmentation.type.Token",
    "@sofa" : 10,
    "begin" : 860,
    "end" : 863,
    "order" : 0
  }, {
    "%ID" : 166,
    "%TYPE" : "de.tudarmstadt.ukp.dkpro.core.api.segmentation.type.Token",
    "@sofa" : 10,
    "begin" : 864,
    "end" : 871,
    "order" : 0
  }, {
    "%ID" : 167,
    "%TYPE" : "de.tudarmstadt.ukp.dkpro.core.api.segmentation.type.Token",
    "@sofa" : 10,
    "begin" : 872,
    "end" : 882,
    "order" : 0
  }, {
    "%ID" : 168,
    "%TYPE" : "de.tudarmstadt.ukp.dkpro.core.api.segmentation.type.Token",
    "@sofa" : 10,
    "begin" : 883,
    "end" : 887,
    "order" : 0
  }, {
    "%ID" : 169,
    "%TYPE" : "de.tudarmstadt.ukp.dkpro.core.api.segmentation.type.Token",
    "@sofa" : 10,
    "begin" : 888,
    "end" : 895,
    "order" : 0
  }, {
    "%ID" : 170,
    "%TYPE" : "de.tudarmstadt.ukp.dkpro.core.api.segmentation.type.Token",
    "@sofa" : 10,
    "begin" : 896,
    "end" : 899,
    "order" : 0
  }, {
    "%ID" : 171,
    "%TYPE" : "de.tudarmstadt.ukp.dkpro.core.api.segmentation.type.Token",
    "@sofa" : 10,
    "begin" : 900,
    "end" : 909,
    "order" : 0
  }, {
    "%ID" : 172,
    "%TYPE" : "de.tudarmstadt.ukp.dkpro.core.api.segmentation.type.Token",
    "@sofa" : 10,
    "begin" : 909,
    "end" : 910,
    "order" : 0
  }, {
    "%ID" : 173,
    "%TYPE" : "de.tudarmstadt.ukp.dkpro.core.api.segmentation.type.Token",
    "@sofa" : 10,
    "begin" : 911,
    "end" : 916,
    "order" : 0
  }, {
    "%ID" : 174,
    "%TYPE" : "de.tudarmstadt.ukp.dkpro.core.api.segmentation.type.Token",
    "@sofa" : 10,
    "begin" : 917,
    "end" : 923,
    "order" : 0
  }, {
    "%ID" : 175,
    "%TYPE" : "de.tudarmstadt.ukp.dkpro.core.api.segmentation.type.Token",
    "@sofa" : 10,
    "begin" : 924,
    "end" : 927,
    "order" : 0
  }, {
    "%ID" : 176,
    "%TYPE" : "de.tudarmstadt.ukp.dkpro.core.api.segmentation.type.Token",
    "@sofa" : 10,
    "begin" : 928,
    "end" : 930,
    "order" : 0
  }, {
    "%ID" : 177,
    "%TYPE" : "de.tudarmstadt.ukp.dkpro.core.api.segmentation.type.Token",
    "@sofa" : 10,
    "begin" : 931,
    "end" : 941,
    "order" : 0
  }, {
    "%ID" : 178,
    "%TYPE" : "de.tudarmstadt.ukp.dkpro.core.api.segmentation.type.Token",
    "@sofa" : 10,
    "begin" : 942,
    "end" : 945,
    "order" : 0
  }, {
    "%ID" : 179,
    "%TYPE" : "de.tudarmstadt.ukp.dkpro.core.api.segmentation.type.Token",
    "@sofa" : 10,
    "begin" : 946,
    "end" : 952,
    "order" : 0
  }, {
    "%ID" : 180,
    "%TYPE" : "de.tudarmstadt.ukp.dkpro.core.api.segmentation.type.Token",
    "@sofa" : 10,
    "begin" : 953,
    "end" : 955,
    "order" : 0
  }, {
    "%ID" : 181,
    "%TYPE" : "de.tudarmstadt.ukp.dkpro.core.api.segmentation.type.Token",
    "@sofa" : 10,
    "begin" : 956,
    "end" : 966,
    "order" : 0
  }, {
    "%ID" : 182,
    "%TYPE" : "de.tudarmstadt.ukp.dkpro.core.api.segmentation.type.Token",
    "@sofa" : 10,
    "begin" : 966,
    "end" : 967,
    "order" : 0
  }, {
    "%ID" : 183,
    "%TYPE" : "de.tudarmstadt.ukp.dkpro.core.api.segmentation.type.Token",
    "@sofa" : 10,
    "begin" : 969,
    "end" : 973,
    "order" : 0
  }, {
    "%ID" : 184,
    "%TYPE" : "de.tudarmstadt.ukp.dkpro.core.api.segmentation.type.Token",
    "@sofa" : 10,
    "begin" : 974,
    "end" : 984,
    "order" : 0
  }, {
    "%ID" : 185,
    "%TYPE" : "de.tudarmstadt.ukp.dkpro.core.api.segmentation.type.Token",
    "@sofa" : 10,
    "begin" : 985,
    "end" : 988,
    "order" : 0
  }, {
    "%ID" : 186,
    "%TYPE" : "de.tudarmstadt.ukp.dkpro.core.api.segmentation.type.Token",
    "@sofa" : 10,
    "begin" : 989,
    "end" : 993,
    "order" : 0
  }, {
    "%ID" : 187,
    "%TYPE" : "de.tudarmstadt.ukp.dkpro.core.api.segmentation.type.Token",
    "@sofa" : 10,
    "begin" : 994,
    "end" : 997,
    "order" : 0
  }, {
    "%ID" : 188,
    "%TYPE" : "de.tudarmstadt.ukp.dkpro.core.api.segmentation.type.Token",
    "@sofa" : 10,
    "begin" : 998,
    "end" : 1005,
    "order" : 0
  }, {
    "%ID" : 189,
    "%TYPE" : "de.tudarmstadt.ukp.dkpro.core.api.segmentation.type.Token",
    "@sofa" : 10,
    "begin" : 1006,
    "end" : 1009,
    "order" : 0
  }, {
    "%ID" : 190,
    "%TYPE" : "de.tudarmstadt.ukp.dkpro.core.api.segmentation.type.Token",
    "@sofa" : 10,
    "begin" : 1010,
    "end" : 1021,
    "order" : 0
  }, {
    "%ID" : 191,
    "%TYPE" : "de.tudarmstadt.ukp.dkpro.core.api.segmentation.type.Token",
    "@sofa" : 10,
    "begin" : 1022,
    "end" : 1031,
    "order" : 0
  }, {
    "%ID" : 192,
    "%TYPE" : "de.tudarmstadt.ukp.dkpro.core.api.segmentation.type.Token",
    "@sofa" : 10,
    "begin" : 1031,
    "end" : 1032,
    "order" : 0
  }, {
    "%ID" : 193,
    "%TYPE" : "de.tudarmstadt.ukp.dkpro.core.api.segmentation.type.Token",
    "@sofa" : 10,
    "begin" : 1033,
    "end" : 1036,
    "order" : 0
  }, {
    "%ID" : 194,
    "%TYPE" : "de.tudarmstadt.ukp.dkpro.core.api.segmentation.type.Token",
    "@sofa" : 10,
    "begin" : 1037,
    "end" : 1044,
    "order" : 0
  }, {
    "%ID" : 195,
    "%TYPE" : "de.tudarmstadt.ukp.dkpro.core.api.segmentation.type.Token",
    "@sofa" : 10,
    "begin" : 1045,
    "end" : 1047,
    "order" : 0
  }, {
    "%ID" : 196,
    "%TYPE" : "de.tudarmstadt.ukp.dkpro.core.api.segmentation.type.Token",
    "@sofa" : 10,
    "begin" : 1048,
    "end" : 1053,
    "order" : 0
  }, {
    "%ID" : 197,
    "%TYPE" : "de.tudarmstadt.ukp.dkpro.core.api.segmentation.type.Token",
    "@sofa" : 10,
    "begin" : 1054,
    "end" : 1057,
    "order" : 0
  }, {
    "%ID" : 198,
    "%TYPE" : "de.tudarmstadt.ukp.dkpro.core.api.segmentation.type.Token",
    "@sofa" : 10,
    "begin" : 1058,
    "end" : 1061,
    "order" : 0
  }, {
    "%ID" : 199,
    "%TYPE" : "de.tudarmstadt.ukp.dkpro.core.api.segmentation.type.Token",
    "@sofa" : 10,
    "begin" : 1062,
    "end" : 1070,
    "order" : 0
  }, {
    "%ID" : 200,
    "%TYPE" : "de.tudarmstadt.ukp.dkpro.core.api.segmentation.type.Token",
    "@sofa" : 10,
    "begin" : 1071,
    "end" : 1081,
    "order" : 0
  }, {
    "%ID" : 201,
    "%TYPE" : "de.tudarmstadt.ukp.dkpro.core.api.segmentation.type.Token",
    "@sofa" : 10,
    "begin" : 1082,
    "end" : 1084,
    "order" : 0
  }, {
    "%ID" : 202,
    "%TYPE" : "de.tudarmstadt.ukp.dkpro.core.api.segmentation.type.Token",
    "@sofa" : 10,
    "begin" : 1085,
    "end" : 1093,
    "order" : 0
  }, {
    "%ID" : 203,
    "%TYPE" : "de.tudarmstadt.ukp.dkpro.core.api.segmentation.type.Token",
    "@sofa" : 10,
    "begin" : 1093,
    "end" : 1094,
    "order" : 0
  }, {
    "%ID" : 204,
    "%TYPE" : "de.tudarmstadt.ukp.dkpro.core.api.segmentation.type.Token",
    "@sofa" : 10,
    "begin" : 1095,
    "end" : 1097,
    "order" : 0
  }, {
    "%ID" : 205,
    "%TYPE" : "de.tudarmstadt.ukp.dkpro.core.api.segmentation.type.Token",
    "@sofa" : 10,
    "begin" : 1098,
    "end" : 1108,
    "order" : 0
  }, {
    "%ID" : 206,
    "%TYPE" : "de.tudarmstadt.ukp.dkpro.core.api.segmentation.type.Token",
    "@sofa" : 10,
    "begin" : 1109,
    "end" : 1113,
    "order" : 0
  }, {
    "%ID" : 207,
    "%TYPE" : "de.tudarmstadt.ukp.dkpro.core.api.segmentation.type.Token",
    "@sofa" : 10,
    "begin" : 1114,
    "end" : 1117,
    "order" : 0
  }, {
    "%ID" : 208,
    "%TYPE" : "de.tudarmstadt.ukp.dkpro.core.api.segmentation.type.Token",
    "@sofa" : 10,
    "begin" : 1118,
    "end" : 1125,
    "order" : 0
  }, {
    "%ID" : 209,
    "%TYPE" : "de.tudarmstadt.ukp.dkpro.core.api.segmentation.type.Token",
    "@sofa" : 10,
    "begin" : 1126,
    "end" : 1128,
    "order" : 0
  }, {
    "%ID" : 210,
    "%TYPE" : "de.tudarmstadt.ukp.dkpro.core.api.segmentation.type.Token",
    "@sofa" : 10,
    "begin" : 1129,
    "end" : 1132,
    "order" : 0
  }, {
    "%ID" : 211,
    "%TYPE" : "de.tudarmstadt.ukp.dkpro.core.api.segmentation.type.Token",
    "@sofa" : 10,
    "begin" : 1133,
    "end" : 1139,
    "order" : 0
  }, {
    "%ID" : 212,
    "%TYPE" : "de.tudarmstadt.ukp.dkpro.core.api.segmentation.type.Token",
    "@sofa" : 10,
    "begin" : 1140,
    "end" : 1147,
    "order" : 0
  }, {
    "%ID" : 213,
    "%TYPE" : "de.tudarmstadt.ukp.dkpro.core.api.segmentation.type.Token",
    "@sofa" : 10,
    "begin" : 1147,
    "end" : 1148,
    "order" : 0
  }, {
    "%ID" : 214,
    "%TYPE" : "de.tudarmstadt.ukp.dkpro.core.api.segmentation.type.Token",
    "@sofa" : 10,
    "begin" : 1150,
    "end" : 1154,
    "order" : 0
  }, {
    "%ID" : 215,
    "%TYPE" : "de.tudarmstadt.ukp.dkpro.core.api.segmentation.type.Token",
    "@sofa" : 10,
    "begin" : 1154,
    "end" : 1155,
    "order" : 0
  }, {
    "%ID" : 216,
    "%TYPE" : "de.tudarmstadt.ukp.dkpro.core.api.segmentation.type.Token",
    "@sofa" : 10,
    "begin" : 1156,
    "end" : 1158,
    "order" : 0
  }, {
    "%ID" : 217,
    "%TYPE" : "de.tudarmstadt.ukp.dkpro.core.api.segmentation.type.Token",
    "@sofa" : 10,
    "begin" : 1159,
    "end" : 1164,
    "order" : 0
  }, {
    "%ID" : 218,
    "%TYPE" : "de.tudarmstadt.ukp.dkpro.core.api.segmentation.type.Token",
    "@sofa" : 10,
    "begin" : 1165,
    "end" : 1169,
    "order" : 0
  }, {
    "%ID" : 219,
    "%TYPE" : "de.tudarmstadt.ukp.dkpro.core.api.segmentation.type.Token",
    "@sofa" : 10,
    "begin" : 1170,
    "end" : 1172,
    "order" : 0
  }, {
    "%ID" : 220,
    "%TYPE" : "de.tudarmstadt.ukp.dkpro.core.api.segmentation.type.Token",
    "@sofa" : 10,
    "begin" : 1173,
    "end" : 1177,
    "order" : 0
  }, {
    "%ID" : 221,
    "%TYPE" : "de.tudarmstadt.ukp.dkpro.core.api.segmentation.type.Token",
    "@sofa" : 10,
    "begin" : 1178,
    "end" : 1183,
    "order" : 0
  }, {
    "%ID" : 222,
    "%TYPE" : "de.tudarmstadt.ukp.dkpro.core.api.segmentation.type.Token",
    "@sofa" : 10,
    "begin" : 1184,
    "end" : 1188,
    "order" : 0
  }, {
    "%ID" : 223,
    "%TYPE" : "de.tudarmstadt.ukp.dkpro.core.api.segmentation.type.Token",
    "@sofa" : 10,
    "begin" : 1189,
    "end" : 1192,
    "order" : 0
  }, {
    "%ID" : 224,
    "%TYPE" : "de.tudarmstadt.ukp.dkpro.core.api.segmentation.type.Token",
    "@sofa" : 10,
    "begin" : 1193,
    "end" : 1197,
    "order" : 0
  }, {
    "%ID" : 225,
    "%TYPE" : "de.tudarmstadt.ukp.dkpro.core.api.segmentation.type.Token",
    "@sofa" : 10,
    "begin" : 1198,
    "end" : 1201,
    "order" : 0
  }, {
    "%ID" : 226,
    "%TYPE" : "de.tudarmstadt.ukp.dkpro.core.api.segmentation.type.Token",
    "@sofa" : 10,
    "begin" : 1202,
    "end" : 1211,
    "order" : 0
  }, {
    "%ID" : 227,
    "%TYPE" : "de.tudarmstadt.ukp.dkpro.core.api.segmentation.type.Token",
    "@sofa" : 10,
    "begin" : 1211,
    "end" : 1212,
    "order" : 0
  }, {
    "%ID" : 228,
    "%TYPE" : "de.tudarmstadt.ukp.dkpro.core.api.segmentation.type.Token",
    "@sofa" : 10,
    "begin" : 1213,
    "end" : 1215,
    "order" : 0
  }, {
    "%ID" : 229,
    "%TYPE" : "de.tudarmstadt.ukp.dkpro.core.api.segmentation.type.Token",
    "@sofa" : 10,
    "begin" : 1216,
    "end" : 1223,
    "order" : 0
  }, {
    "%ID" : 230,
    "%TYPE" : "de.tudarmstadt.ukp.dkpro.core.api.segmentation.type.Token",
    "@sofa" : 10,
    "begin" : 1224,
    "end" : 1228,
    "order" : 0
  }, {
    "%ID" : 231,
    "%TYPE" : "de.tudarmstadt.ukp.dkpro.core.api.segmentation.type.Token",
    "@sofa" : 10,
    "begin" : 1229,
    "end" : 1232,
    "order" : 0
  }, {
    "%ID" : 232,
    "%TYPE" : "de.tudarmstadt.ukp.dkpro.core.api.segmentation.type.Token",
    "@sofa" : 10,
    "begin" : 1233,
    "end" : 1241,
    "order" : 0
  }, {
    "%ID" : 233,
    "%TYPE" : "de.tudarmstadt.ukp.dkpro.core.api.segmentation.type.Token",
    "@sofa" : 10,
    "begin" : 1242,
    "end" : 1244,
    "order" : 0
  }, {
    "%ID" : 234,
    "%TYPE" : "de.tudarmstadt.ukp.dkpro.core.api.segmentation.type.Token",
    "@sofa" : 10,
    "begin" : 1245,
    "end" : 1248,
    "order" : 0
  }, {
    "%ID" : 235,
    "%TYPE" : "de.tudarmstadt.ukp.dkpro.core.api.segmentation.type.Token",
    "@sofa" : 10,
    "begin" : 1249,
    "end" : 1255,
    "order" : 0
  }, {
    "%ID" : 236,
    "%TYPE" : "de.tudarmstadt.ukp.dkpro.core.api.segmentation.type.Token",
    "@sofa" : 10,
    "begin" : 1256,
    "end" : 1259,
    "order" : 0
  }, {
    "%ID" : 237,
    "%TYPE" : "de.tudarmstadt.ukp.dkpro.core.api.segmentation.type.Token",
    "@sofa" : 10,
    "begin" : 1260,
    "end" : 1264,
    "order" : 0
  }, {
    "%ID" : 238,
    "%TYPE" : "de.tudarmstadt.ukp.dkpro.core.api.segmentation.type.Token",
    "@sofa" : 10,
    "begin" : 1265,
    "end" : 1267,
    "order" : 0
  }, {
    "%ID" : 239,
    "%TYPE" : "de.tudarmstadt.ukp.dkpro.core.api.segmentation.type.Token",
    "@sofa" : 10,
    "begin" : 1268,
    "end" : 1269,
    "order" : 0
  }, {
    "%ID" : 240,
    "%TYPE" : "de.tudarmstadt.ukp.dkpro.core.api.segmentation.type.Token",
    "@sofa" : 10,
    "begin" : 1270,
    "end" : 1279,
    "order" : 0
  }, {
    "%ID" : 241,
    "%TYPE" : "de.tudarmstadt.ukp.dkpro.core.api.segmentation.type.Token",
    "@sofa" : 10,
    "begin" : 1280,
    "end" : 1283,
    "order" : 0
  }, {
    "%ID" : 242,
    "%TYPE" : "de.tudarmstadt.ukp.dkpro.core.api.segmentation.type.Token",
    "@sofa" : 10,
    "begin" : 1284,
    "end" : 1294,
    "order" : 0
  }, {
    "%ID" : 243,
    "%TYPE" : "de.tudarmstadt.ukp.dkpro.core.api.segmentation.type.Token",
    "@sofa" : 10,
    "begin" : 1295,
    "end" : 1298,
    "order" : 0
  }, {
    "%ID" : 244,
    "%TYPE" : "de.tudarmstadt.ukp.dkpro.core.api.segmentation.type.Token",
    "@sofa" : 10,
    "begin" : 1298,
    "end" : 1299,
    "order" : 0
  }, {
    "%ID" : 10,
    "%TYPE" : "uima.cas.Sofa",
    "sofaNum" : 1,
    "sofaID" : "_InitialView",
    "mimeType" : "text",
    "sofaString" : "Since the beginning ofthe Ukrainian crisis, Chad has consistently expressed its commitment to the territorial integrity and unity of Ukraine, in accordance with the Charter of the United Nations.\nThe intangibility of borders and territorial integrity of States is a sacred principle set forth in the Constitutive Act of the African Union.\nChad's vote in favour of the draft resolution contained in document S/2014/ 189 reflects that commitment.\n\nChad takes note with great concern the persistence of the escalation of the crisis in Ukraine, which is taking place despite the repeated appeals of the international community, and particularly the Security Council, for restraint and calm.\nWe believe that it is still possible for the parties to open the way towards national reconciliation and maintaining Ukraine's unity by engaging in inclusive dialogue among the various components with respect for diversity, human rights and in particular the rights of minorities.\n\nChad reiterates its call for respect for territorial integrity, the non-use of force and the peaceful settlement of disputes, in accordance with the Charter of the United Nations.\n\nAlso, we would like to once again call for calm and restraint.\nWe believe that the solution to the crisis can only be a political and negotiated one.\n\n"
  }, {
    "%ID" : 245,
    "%TYPE" : "webanno.custom.AppraisalTheory",
    "@sofa" : 10,
    "begin" : 36,
    "end" : 42,
    "Attitude" : "appreciation",
    "Polarity" : "negative"
  }, {
    "%ID" : 246,
    "%TYPE" : "webanno.custom.AppraisalTheory",
    "@sofa" : 10,
    "begin" : 49,
    "end" : 90,
    "Attitude" : "affect",
    "Polarity" : "positive"
  }, {
    "%ID" : 247,
    "%TYPE" : "webanno.custom.AppraisalTheory",
    "@sofa" : 10,
    "begin" : 467,
    "end" : 480,
    "Attitude" : "affect",
    "Polarity" : "negative"
  }, {
    "%ID" : 248,
    "%TYPE" : "webanno.custom.AppraisalTheory",
    "@sofa" : 10,
    "begin" : 522,
    "end" : 528,
    "Attitude" : "appreciation",
    "Polarity" : "negative"
  }, {
    "%ID" : 249,
    "%TYPE" : "webanno.custom.AppraisalTheory",
    "@sofa" : 10,
    "begin" : 541,
    "end" : 685,
    "Attitude" : "appreciation",
    "Polarity" : "negative"
  }, {
    "%ID" : 250,
    "%TYPE" : "webanno.custom.AppraisalTheory",
    "@sofa" : 10,
    "begin" : 1159,
    "end" : 1172,
    "Attitude" : "affect",
    "Polarity" : "positive"
  }, {
    "%ID" : 251,
    "%TYPE" : "webanno.custom.AppraisalTheory",
    "@sofa" : 10,
    "begin" : 1213,
    "end" : 1228,
    "Attitude" : "affect",
    "Polarity" : "positive"
  }, {
    "%ID" : 252,
    "%TYPE" : "webanno.custom.AppraisalTheory",
    "@sofa" : 10,
    "begin" : 1249,
    "end" : 1255,
    "Attitude" : "appreciation",
    "Polarity" : "negative"
  }, {
    "%ID" : 253,
    "%TYPE" : "webanno.custom.AppraisalTheory",
    "@sofa" : 10,
    "begin" : 687,
    "end" : 702,
    "Attitude" : "affect",
    "Polarity" : "positive"
  }, {
    "%ID" : 254,
    "%TYPE" : "webanno.custom.AppraisalTheory",
    "@sofa" : 10,
    "begin" : 261,
    "end" : 282,
    "Attitude" : "judgement",
    "Polarity" : "positive"
  }, {
    "%ID" : 255,
    "%TYPE" : "webanno.custom.AppraisalTheory",
    "@sofa" : 10,
    "begin" : 346,
    "end" : 360,
    "Attitude" : "affect",
    "Polarity" : "positive"
  } ],
  "%VIEWS" : {
    "_InitialView" : {
      "%SOFA" : 10,
      "%MEMBERS" : [ 1, 2, 3, 4, 5, 6, 7, 8, 9, 11, 12, 13, 14, 15, 16, 17, 18, 19, 20, 21, 22, 23, 24, 25, 26, 27, 28, 29, 30, 31, 32, 33, 34, 35, 36, 37, 38, 39, 40, 41, 42, 43, 44, 45, 46, 47, 48, 49, 50, 51, 52, 53, 54, 55, 56, 57, 58, 59, 60, 61, 62, 63, 64, 65, 66, 67, 68, 69, 70, 71, 72, 73, 74, 75, 76, 77, 78, 79, 80, 81, 82, 83, 84, 85, 86, 87, 88, 89, 90, 91, 92, 93, 94, 95, 96, 97, 98, 99, 100, 101, 102, 103, 104, 105, 106, 107, 108, 109, 110, 111, 112, 113, 114, 115, 116, 117, 118, 119, 120, 121, 122, 123, 124, 125, 126, 127, 128, 129, 130, 131, 132, 133, 134, 135, 136, 137, 138, 139, 140, 141, 142, 143, 144, 145, 146, 147, 148, 149, 150, 151, 152, 153, 154, 155, 156, 157, 158, 159, 160, 161, 162, 163, 164, 165, 166, 167, 168, 169, 170, 171, 172, 173, 174, 175, 176, 177, 178, 179, 180, 181, 182, 183, 184, 185, 186, 187, 188, 189, 190, 191, 192, 193, 194, 195, 196, 197, 198, 199, 200, 201, 202, 203, 204, 205, 206, 207, 208, 209, 210, 211, 212, 213, 214, 215, 216, 217, 218, 219, 220, 221, 222, 223, 224, 225, 226, 227, 228, 229, 230, 231, 232, 233, 234, 235, 236, 237, 238, 239, 240, 241, 242, 243, 244, 245, 246, 247, 248, 249, 250, 251, 252, 253, 254, 255 ]
    }
  }
}