{
  "%TYPES" : {
    "custom.Relation" : {
      "%NAME" : "custom.Relation",
      "%SUPER_TYPE" : "uima.tcas.Annotation",
      "Dependent" : {
        "%NAME" : "Dependent",
        "%RANGE" : "custom.Span"
      },
      "Governor" : {
        "%NAME" : "Governor",
        "%RANGE" : "custom.Span"
      },
      "Dialecticalrole" : {
        "%NAME" : "Dialecticalrole",
        "%RANGE" : "uima.cas.String"
      },
      "argumentation_scheme" : {
        "%NAME" : "argumentation_scheme",
        "%RANGE" : "uima.cas.String"
      }
    },
    "custom.Span" : {
      "%NAME" : "custom.Span",
      "%SUPER_TYPE" : "uima.tcas.Annotation",
      "prem_claim" : {
        "%NAME" : "prem_claim",
        "%RANGE" : "uima.cas.String"
      }
    },
    "de.tudarmstadt.ukp.clarin.webanno.api.type.FeatureDefinition" : {
      "%NAME" : "de.tudarmstadt.ukp.clarin.webanno.api.type.FeatureDefinition",
      "%SUPER_TYPE" : "uima.cas.TOP",
      "layer" : {
        "%NAME" : "layer",
        "%RANGE" : "de.tudarmstadt.ukp.clarin.webanno.api.type.LayerDefinition"
      },
      "name" : {
        "%NAME" : "name",
        "%RANGE" : "uima.cas.String"
      },
      "uiName" : {
        "%NAME" : "uiName",
        "%RANGE" : "uima.cas.String"
      }
    },
    "de.tudarmstadt.ukp.clarin.webanno.api.type.LayerDefinition" : {
      "%NAME" : "de.tudarmstadt.ukp.clarin.webanno.api.type.LayerDefinition",
      "%SUPER_TYPE" : "uima.cas.TOP",
      "name" : {
        "%NAME" : "name",
        "%RANGE" : "uima.cas.String"
      },
      "uiName" : {
        "%NAME" : "uiName",
        "%RANGE" : "uima.cas.String"
      }
    },
    "de.tudarmstadt.ukp.dkpro.core.api.lexmorph.type.morph.MorphologicalFeatures" : {
      "%NAME" : "de.tudarmstadt.ukp.dkpro.core.api.lexmorph.type.morph.MorphologicalFeatures",
      "%SUPER_TYPE" : "uima.tcas.Annotation",
      "gender" : {
        "%NAME" : "gender",
        "%RANGE" : "uima.cas.String"
      },
      "number" : {
        "%NAME" : "number",
        "%RANGE" : "uima.cas.String"
      },
      "case" : {
        "%NAME" : "case",
        "%RANGE" : "uima.cas.String"
      },
      "degree" : {
        "%NAME" : "degree",
        "%RANGE" : "uima.cas.String"
      },
      "verbForm" : {
        "%NAME" : "verbForm",
        "%RANGE" : "uima.cas.String"
      },
      "tense" : {
        "%NAME" : "tense",
        "%RANGE" : "uima.cas.String"
      },
      "mood" : {
        "%NAME" : "mood",
        "%RANGE" : "uima.cas.String"
      },
      "voice" : {
        "%NAME" : "voice",
        "%RANGE" : "uima.cas.String"
      },
      "definiteness" : {
        "%NAME" : "definiteness",
        "%RANGE" : "uima.cas.String"
      },
      "value" : {
        "%NAME" : "value",
        "%RANGE" : "uima.cas.String"
      },
      "person" : {
        "%NAME" : "person",
        "%RANGE" : "uima.cas.String"
      },
      "aspect" : {
        "%NAME" : "aspect",
        "%RANGE" : "uima.cas.String"
      },
      "animacy" : {
        "%NAME" : "animacy",
        "%RANGE" : "uima.cas.String"
      },
      "negative" : {
        "%NAME" : "negative",
        "%RANGE" : "uima.cas.String"
      },
      "numType" : {
        "%NAME" : "numType",
        "%RANGE" : "uima.cas.String"
      },
      "possessive" : {
        "%NAME" : "possessive",
        "%RANGE" : "uima.cas.String"
      },
      "pronType" : {
        "%NAME" : "pronType",
        "%RANGE" : "uima.cas.String"
      },
      "reflex" : {
        "%NAME" : "reflex",
        "%RANGE" : "uima.cas.String"
      },
      "transitivity" : {
        "%NAME" : "transitivity",
        "%RANGE" : "uima.cas.String"
      }
    },
    "de.tudarmstadt.ukp.dkpro.core.api.lexmorph.type.pos.POS" : {
      "%NAME" : "de.tudarmstadt.ukp.dkpro.core.api.lexmorph.type.pos.POS",
      "%SUPER_TYPE" : "uima.tcas.Annotation",
      "PosValue" : {
        "%NAME" : "PosValue",
        "%RANGE" : "uima.cas.String"
      },
      "coarseValue" : {
        "%NAME" : "coarseValue",
        "%RANGE" : "uima.cas.String"
      }
    },
    "de.tudarmstadt.ukp.dkpro.core.api.metadata.type.DocumentMetaData" : {
      "%NAME" : "de.tudarmstadt.ukp.dkpro.core.api.metadata.type.DocumentMetaData",
      "%SUPER_TYPE" : "uima.tcas.DocumentAnnotation",
      "documentTitle" : {
        "%NAME" : "documentTitle",
        "%RANGE" : "uima.cas.String"
      },
      "documentId" : {
        "%NAME" : "documentId",
        "%RANGE" : "uima.cas.String"
      },
      "documentUri" : {
        "%NAME" : "documentUri",
        "%RANGE" : "uima.cas.String"
      },
      "collectionId" : {
        "%NAME" : "collectionId",
        "%RANGE" : "uima.cas.String"
      },
      "documentBaseUri" : {
        "%NAME" : "documentBaseUri",
        "%RANGE" : "uima.cas.String"
      },
      "isLastSegment" : {
        "%NAME" : "isLastSegment",
        "%RANGE" : "uima.cas.Boolean"
      }
    },
    "de.tudarmstadt.ukp.dkpro.core.api.metadata.type.TagDescription" : {
      "%NAME" : "de.tudarmstadt.ukp.dkpro.core.api.metadata.type.TagDescription",
      "%SUPER_TYPE" : "uima.cas.TOP",
      "name" : {
        "%NAME" : "name",
        "%RANGE" : "uima.cas.String"
      }
    },
    "de.tudarmstadt.ukp.dkpro.core.api.metadata.type.TagsetDescription" : {
      "%NAME" : "de.tudarmstadt.ukp.dkpro.core.api.metadata.type.TagsetDescription",
      "%SUPER_TYPE" : "uima.tcas.Annotation",
      "layer" : {
        "%NAME" : "layer",
        "%RANGE" : "uima.cas.String"
      },
      "name" : {
        "%NAME" : "name",
        "%RANGE" : "uima.cas.String"
      },
      "tags" : {
        "%NAME" : "tags",
        "%RANGE" : "de.tudarmstadt.ukp.dkpro.core.api.metadata.type.TagDescription[]"
      },
      "componentName" : {
        "%NAME" : "componentName",
        "%RANGE" : "uima.cas.String"
      },
      "modelLocation" : {
        "%NAME" : "modelLocation",
        "%RANGE" : "uima.cas.String"
      },
      "modelVariant" : {
        "%NAME" : "modelVariant",
        "%RANGE" : "uima.cas.String"
      },
      "modelLanguage" : {
        "%NAME" : "modelLanguage",
        "%RANGE" : "uima.cas.String"
      },
      "modelVersion" : {
        "%NAME" : "modelVersion",
        "%RANGE" : "uima.cas.String"
      },
      "input" : {
        "%NAME" : "input",
        "%RANGE" : "uima.cas.Boolean"
      }
    },
    "de.tudarmstadt.ukp.dkpro.core.api.segmentation.type.Lemma" : {
      "%NAME" : "de.tudarmstadt.ukp.dkpro.core.api.segmentation.type.Lemma",
      "%SUPER_TYPE" : "uima.tcas.Annotation",
      "value" : {
        "%NAME" : "value",
        "%RANGE" : "uima.cas.String"
      }
    },
    "de.tudarmstadt.ukp.dkpro.core.api.segmentation.type.Sentence" : {
      "%NAME" : "de.tudarmstadt.ukp.dkpro.core.api.segmentation.type.Sentence",
      "%SUPER_TYPE" : "uima.tcas.Annotation",
      "id" : {
        "%NAME" : "id",
        "%RANGE" : "uima.cas.String"
      }
    },
    "de.tudarmstadt.ukp.dkpro.core.api.segmentation.type.Stem" : {
      "%NAME" : "de.tudarmstadt.ukp.dkpro.core.api.segmentation.type.Stem",
      "%SUPER_TYPE" : "uima.tcas.Annotation",
      "value" : {
        "%NAME" : "value",
        "%RANGE" : "uima.cas.String"
      }
    },
    "de.tudarmstadt.ukp.dkpro.core.api.segmentation.type.Token" : {
      "%NAME" : "de.tudarmstadt.ukp.dkpro.core.api.segmentation.type.Token",
      "%SUPER_TYPE" : "uima.tcas.Annotation",
      "parent" : {
        "%NAME" : "parent",
        "%RANGE" : "uima.tcas.Annotation"
      },
      "lemma" : {
        "%NAME" : "lemma",
        "%RANGE" : "de.tudarmstadt.ukp.dkpro.core.api.segmentation.type.Lemma"
      },
      "stem" : {
        "%NAME" : "stem",
        "%RANGE" : "de.tudarmstadt.ukp.dkpro.core.api.segmentation.type.Stem"
      },
      "pos" : {
        "%NAME" : "pos",
        "%RANGE" : "de.tudarmstadt.ukp.dkpro.core.api.lexmorph.type.pos.POS"
      },
      "morph" : {
        "%NAME" : "morph",
        "%RANGE" : "de.tudarmstadt.ukp.dkpro.core.api.lexmorph.type.morph.MorphologicalFeatures"
      },
      "id" : {
        "%NAME" : "id",
        "%RANGE" : "uima.cas.String"
      },
      "form" : {
        "%NAME" : "form",
        "%RANGE" : "de.tudarmstadt.ukp.dkpro.core.api.segmentation.type.TokenForm"
      },
      "syntacticFunction" : {
        "%NAME" : "syntacticFunction",
        "%RANGE" : "uima.cas.String"
      },
      "order" : {
        "%NAME" : "order",
        "%RANGE" : "uima.cas.Integer"
      }
    },
    "de.tudarmstadt.ukp.dkpro.core.api.segmentation.type.TokenForm" : {
      "%NAME" : "de.tudarmstadt.ukp.dkpro.core.api.segmentation.type.TokenForm",
      "%SUPER_TYPE" : "uima.tcas.Annotation",
      "value" : {
        "%NAME" : "value",
        "%RANGE" : "uima.cas.String"
      }
    }
  },
  "%FEATURE_STRUCTURES" : [ {
    "%ID" : 1,
    "%TYPE" : "custom.Relation",
    "@sofa" : 2,
    "begin" : 125,
    "end" : 203,
    "@Dependent" : 3,
    "@Governor" : 4,
    "Dialecticalrole" : "Other",
    "argumentation_scheme" : "positive_value"
  }, {
    "%ID" : 5,
    "%TYPE" : "custom.Relation",
    "@sofa" : 2,
    "begin" : 204,
    "end" : 240,
    "@Dependent" : 6,
    "@Governor" : 4,
    "Dialecticalrole" : "Other",
    "argumentation_scheme" : "positive_consequence"
  }, {
    "%ID" : 7,
    "%TYPE" : "custom.Relation",
    "@sofa" : 2,
    "begin" : 478,
    "end" : 541,
    "@Dependent" : 8,
    "@Governor" : 4,
    "Dialecticalrole" : "Ukraine",
    "argumentation_scheme" : "positive_value"
  }, {
    "%ID" : 9,
    "%TYPE" : "custom.Relation",
    "@sofa" : 2,
    "begin" : 655,
    "end" : 1079,
    "@Dependent" : 10,
    "@Governor" : 11,
    "Dialecticalrole" : "Russia",
    "argumentation_scheme" : "evidence"
  }, {
    "%ID" : 12,
    "%TYPE" : "custom.Relation",
    "@sofa" : 2,
    "begin" : 655,
    "end" : 1079,
    "@Dependent" : 10,
    "@Governor" : 13,
    "Dialecticalrole" : "Russia",
    "argumentation_scheme" : "evidence"
  }, {
    "%ID" : 14,
    "%TYPE" : "custom.Relation",
    "@sofa" : 2,
    "begin" : 1814,
    "end" : 1884,
    "@Dependent" : 15,
    "@Governor" : 11,
    "Dialecticalrole" : "Russia",
    "argumentation_scheme" : "negative_value"
  }, {
    "%ID" : 16,
    "%TYPE" : "custom.Relation",
    "@sofa" : 2,
    "begin" : 1460,
    "end" : 1514,
    "@Dependent" : 17,
    "@Governor" : 11,
    "Dialecticalrole" : "Russia",
    "argumentation_scheme" : "evidence"
  }, {
    "%ID" : 18,
    "%TYPE" : "custom.Relation",
    "@sofa" : 2,
    "begin" : 1460,
    "end" : 1514,
    "@Dependent" : 17,
    "@Governor" : 13,
    "Dialecticalrole" : "Russia",
    "argumentation_scheme" : "evidence"
  }, {
    "%ID" : 19,
    "%TYPE" : "custom.Relation",
    "@sofa" : 2,
    "begin" : 1774,
    "end" : 1803,
    "@Dependent" : 20,
    "@Governor" : 13,
    "Dialecticalrole" : "Russia",
    "argumentation_scheme" : "evidence"
  }, {
    "%ID" : 21,
    "%TYPE" : "custom.Relation",
    "@sofa" : 2,
    "begin" : 1751,
    "end" : 1773,
    "@Dependent" : 22,
    "@Governor" : 13,
    "Dialecticalrole" : "Russia",
    "argumentation_scheme" : "evidence"
  }, {
    "%ID" : 23,
    "%TYPE" : "custom.Relation",
    "@sofa" : 2,
    "begin" : 1722,
    "end" : 1750,
    "@Dependent" : 24,
    "@Governor" : 13,
    "Dialecticalrole" : "Russia",
    "argumentation_scheme" : "evidence"
  }, {
    "%ID" : 3,
    "%TYPE" : "custom.Span",
    "@sofa" : 2,
    "begin" : 125,
    "end" : 203,
    "prem_claim" : "claim"
  }, {
    "%ID" : 13,
    "%TYPE" : "custom.Span",
    "@sofa" : 2,
    "begin" : 1515,
    "end" : 1721,
    "prem_claim" : "premise"
  }, {
    "%ID" : 24,
    "%TYPE" : "custom.Span",
    "@sofa" : 2,
    "begin" : 1722,
    "end" : 1750,
    "prem_claim" : "claim"
  }, {
    "%ID" : 22,
    "%TYPE" : "custom.Span",
    "@sofa" : 2,
    "begin" : 1751,
    "end" : 1773,
    "prem_claim" : "claim"
  }, {
    "%ID" : 6,
    "%TYPE" : "custom.Span",
    "@sofa" : 2,
    "begin" : 204,
    "end" : 240,
    "prem_claim" : "claim"
  }, {
    "%ID" : 4,
    "%TYPE" : "custom.Span",
    "@sofa" : 2,
    "begin" : 241,
    "end" : 477,
    "prem_claim" : "premise"
  }, {
    "%ID" : 8,
    "%TYPE" : "custom.Span",
    "@sofa" : 2,
    "begin" : 478,
    "end" : 541,
    "prem_claim" : "claim"
  }, {
    "%ID" : 17,
    "%TYPE" : "custom.Span",
    "@sofa" : 2,
    "begin" : 1460,
    "end" : 1514,
    "prem_claim" : "claim"
  }, {
    "%ID" : 11,
    "%TYPE" : "custom.Span",
    "@sofa" : 2,
    "begin" : 1142,
    "end" : 1285,
    "prem_claim" : "premise"
  }, {
    "%ID" : 10,
    "%TYPE" : "custom.Span",
    "@sofa" : 2,
    "begin" : 655,
    "end" : 1079,
    "prem_claim" : "claim"
  }, {
    "%ID" : 20,
    "%TYPE" : "custom.Span",
    "@sofa" : 2,
    "begin" : 1774,
    "end" : 1803,
    "prem_claim" : "claim"
  }, {
    "%ID" : 15,
    "%TYPE" : "custom.Span",
    "@sofa" : 2,
    "begin" : 1814,
    "end" : 1884,
    "prem_claim" : "claim"
  }, {
    "%ID" : 25,
    "%TYPE" : "de.tudarmstadt.ukp.clarin.webanno.api.type.FeatureDefinition",
    "@layer" : 26,
    "name" : "Dependent",
    "uiName" : "Target"
  }, {
    "%ID" : 27,
    "%TYPE" : "de.tudarmstadt.ukp.clarin.webanno.api.type.FeatureDefinition",
    "@layer" : 26,
    "name" : "Dialecticalrole",
    "uiName" : "Dialectical role"
  }, {
    "%ID" : 28,
    "%TYPE" : "de.tudarmstadt.ukp.clarin.webanno.api.type.FeatureDefinition",
    "@layer" : 26,
    "name" : "Governor",
    "uiName" : "Source"
  }, {
    "%ID" : 29,
    "%TYPE" : "de.tudarmstadt.ukp.clarin.webanno.api.type.FeatureDefinition",
    "@layer" : 26,
    "name" : "argumentation_scheme",
    "uiName" : "argumentation_scheme"
  }, {
    "%ID" : 30,
    "%TYPE" : "de.tudarmstadt.ukp.clarin.webanno.api.type.FeatureDefinition",
    "@layer" : 31,
    "name" : "prem_claim",
    "uiName" : "prem_claim"
  }, {
    "%ID" : 32,
    "%TYPE" : "de.tudarmstadt.ukp.clarin.webanno.api.type.FeatureDefinition",
    "@layer" : 33,
    "name" : "argument_schemes",
    "uiName" : "argument_schemes"
  }, {
    "%ID" : 26,
    "%TYPE" : "de.tudarmstadt.ukp.clarin.webanno.api.type.LayerDefinition",
    "name" : "custom.Relation",
    "uiName" : "Relation"
  }, {
    "%ID" : 31,
    "%TYPE" : "de.tudarmstadt.ukp.clarin.webanno.api.type.LayerDefinition",
    "name" : "custom.Span",
    "uiName" : "Span"
  }, {
    "%ID" : 33,
    "%TYPE" : "de.tudarmstadt.ukp.clarin.webanno.api.type.LayerDefinition",
    "name" : "webanno.custom.Argumentation_schemes",
    "uiName" : "Argumentation_schemes"
  }, {
    "%ID" : 34,
    "%TYPE" : "de.tudarmstadt.ukp.dkpro.core.api.metadata.type.DocumentMetaData",
    "@sofa" : 2,
    "begin" : 0,
    "end" : 2518,
    "language" : "x-unspecified",
    "documentTitle" : "UNSC_2014_SPV.7154_spch023_sentsplit_United_States_Of_America.txt",
    "documentId" : "admin",
    "documentUri" : "argumentation-scheme-in-unsc-speeches/admin",
    "collectionId" : "argumentation-scheme-in-unsc-speeches/admin",
    "documentBaseUri" : "argumentation-scheme-in-unsc-speeches",
    "isLastSegment" : false
  }, {
    "%ID" : 35,
    "%TYPE" : "de.tudarmstadt.ukp.dkpro.core.api.metadata.type.TagsetDescription",
    "@sofa" : 2,
    "begin" : 0,
    "end" : 0,
    "layer" : "webanno.custom.Argumentation_schemes",
    "name" : "Argumentation_schemes",
    "input" : false
  }, {
    "%ID" : 36,
    "%TYPE" : "de.tudarmstadt.ukp.dkpro.core.api.metadata.type.TagsetDescription",
    "@sofa" : 2,
    "begin" : 0,
    "end" : 0,
    "layer" : "custom.Relation",
    "name" : "Argumentation_schemes",
    "input" : false
  }, {
    "%ID" : 37,
    "%TYPE" : "de.tudarmstadt.ukp.dkpro.core.api.metadata.type.TagsetDescription",
    "@sofa" : 2,
    "begin" : 0,
    "end" : 0,
    "layer" : "custom.Span",
    "name" : "Span labels",
    "input" : false
  }, {
    "%ID" : 38,
    "%TYPE" : "de.tudarmstadt.ukp.dkpro.core.api.segmentation.type.Sentence",
    "@sofa" : 2,
    "begin" : 0,
    "end" : 116
  }, {
    "%ID" : 39,
    "%TYPE" : "de.tudarmstadt.ukp.dkpro.core.api.segmentation.type.Sentence",
    "@sofa" : 2,
    "begin" : 118,
    "end" : 203
  }, {
    "%ID" : 40,
    "%TYPE" : "de.tudarmstadt.ukp.dkpro.core.api.segmentation.type.Sentence",
    "@sofa" : 2,
    "begin" : 204,
    "end" : 240
  }, {
    "%ID" : 41,
    "%TYPE" : "de.tudarmstadt.ukp.dkpro.core.api.segmentation.type.Sentence",
    "@sofa" : 2,
    "begin" : 241,
    "end" : 477
  }, {
    "%ID" : 42,
    "%TYPE" : "de.tudarmstadt.ukp.dkpro.core.api.segmentation.type.Sentence",
    "@sofa" : 2,
    "begin" : 478,
    "end" : 541
  }, {
    "%ID" : 43,
    "%TYPE" : "de.tudarmstadt.ukp.dkpro.core.api.segmentation.type.Sentence",
    "@sofa" : 2,
    "begin" : 543,
    "end" : 644
  }, {
    "%ID" : 44,
    "%TYPE" : "de.tudarmstadt.ukp.dkpro.core.api.segmentation.type.Sentence",
    "@sofa" : 2,
    "begin" : 646,
    "end" : 1079
  }, {
    "%ID" : 45,
    "%TYPE" : "de.tudarmstadt.ukp.dkpro.core.api.segmentation.type.Sentence",
    "@sofa" : 2,
    "begin" : 1080,
    "end" : 1130
  }, {
    "%ID" : 46,
    "%TYPE" : "de.tudarmstadt.ukp.dkpro.core.api.segmentation.type.Sentence",
    "@sofa" : 2,
    "begin" : 1132,
    "end" : 1285
  }, {
    "%ID" : 47,
    "%TYPE" : "de.tudarmstadt.ukp.dkpro.core.api.segmentation.type.Sentence",
    "@sofa" : 2,
    "begin" : 1286,
    "end" : 1514
  }, {
    "%ID" : 48,
    "%TYPE" : "de.tudarmstadt.ukp.dkpro.core.api.segmentation.type.Sentence",
    "@sofa" : 2,
    "begin" : 1515,
    "end" : 1721
  }, {
    "%ID" : 49,
    "%TYPE" : "de.tudarmstadt.ukp.dkpro.core.api.segmentation.type.Sentence",
    "@sofa" : 2,
    "begin" : 1722,
    "end" : 1750
  }, {
    "%ID" : 50,
    "%TYPE" : "de.tudarmstadt.ukp.dkpro.core.api.segmentation.type.Sentence",
    "@sofa" : 2,
    "begin" : 1751,
    "end" : 1773
  }, {
    "%ID" : 51,
    "%TYPE" : "de.tudarmstadt.ukp.dkpro.core.api.segmentation.type.Sentence",
    "@sofa" : 2,
    "begin" : 1774,
    "end" : 1803
  }, {
    "%ID" : 52,
    "%TYPE" : "de.tudarmstadt.ukp.dkpro.core.api.segmentation.type.Sentence",
    "@sofa" : 2,
    "begin" : 1805,
    "end" : 1884
  }, {
    "%ID" : 53,
    "%TYPE" : "de.tudarmstadt.ukp.dkpro.core.api.segmentation.type.Sentence",
    "@sofa" : 2,
    "begin" : 1885,
    "end" : 1971
  }, {
    "%ID" : 54,
    "%TYPE" : "de.tudarmstadt.ukp.dkpro.core.api.segmentation.type.Sentence",
    "@sofa" : 2,
    "begin" : 1972,
    "end" : 2113
  }, {
    "%ID" : 55,
    "%TYPE" : "de.tudarmstadt.ukp.dkpro.core.api.segmentation.type.Sentence",
    "@sofa" : 2,
    "begin" : 2114,
    "end" : 2246
  }, {
    "%ID" : 56,
    "%TYPE" : "de.tudarmstadt.ukp.dkpro.core.api.segmentation.type.Sentence",
    "@sofa" : 2,
    "begin" : 2247,
    "end" : 2516
  }, {
    "%ID" : 57,
    "%TYPE" : "de.tudarmstadt.ukp.dkpro.core.api.segmentation.type.Token",
    "@sofa" : 2,
    "begin" : 0,
    "end" : 1,
    "order" : 0
  }, {
    "%ID" : 58,
    "%TYPE" : "de.tudarmstadt.ukp.dkpro.core.api.segmentation.type.Token",
    "@sofa" : 2,
    "begin" : 2,
    "end" : 6,
    "order" : 0
  }, {
    "%ID" : 59,
    "%TYPE" : "de.tudarmstadt.ukp.dkpro.core.api.segmentation.type.Token",
    "@sofa" : 2,
    "begin" : 7,
    "end" : 9,
    "order" : 0
  }, {
    "%ID" : 60,
    "%TYPE" : "de.tudarmstadt.ukp.dkpro.core.api.segmentation.type.Token",
    "@sofa" : 2,
    "begin" : 10,
    "end" : 15,
    "order" : 0
  }, {
    "%ID" : 61,
    "%TYPE" : "de.tudarmstadt.ukp.dkpro.core.api.segmentation.type.Token",
    "@sofa" : 2,
    "begin" : 15,
    "end" : 16,
    "order" : 0
  }, {
    "%ID" : 62,
    "%TYPE" : "de.tudarmstadt.ukp.dkpro.core.api.segmentation.type.Token",
    "@sofa" : 2,
    "begin" : 17,
    "end" : 20,
    "order" : 0
  }, {
    "%ID" : 63,
    "%TYPE" : "de.tudarmstadt.ukp.dkpro.core.api.segmentation.type.Token",
    "@sofa" : 2,
    "begin" : 21,
    "end" : 23,
    "order" : 0
  }, {
    "%ID" : 64,
    "%TYPE" : "de.tudarmstadt.ukp.dkpro.core.api.segmentation.type.Token",
    "@sofa" : 2,
    "begin" : 24,
    "end" : 32,
    "order" : 0
  }, {
    "%ID" : 65,
    "%TYPE" : "de.tudarmstadt.ukp.dkpro.core.api.segmentation.type.Token",
    "@sofa" : 2,
    "begin" : 33,
    "end" : 35,
    "order" : 0
  }, {
    "%ID" : 66,
    "%TYPE" : "de.tudarmstadt.ukp.dkpro.core.api.segmentation.type.Token",
    "@sofa" : 2,
    "begin" : 36,
    "end" : 38,
    "order" : 0
  }, {
    "%ID" : 67,
    "%TYPE" : "de.tudarmstadt.ukp.dkpro.core.api.segmentation.type.Token",
    "@sofa" : 2,
    "begin" : 39,
    "end" : 48,
    "order" : 0
  }, {
    "%ID" : 68,
    "%TYPE" : "de.tudarmstadt.ukp.dkpro.core.api.segmentation.type.Token",
    "@sofa" : 2,
    "begin" : 49,
    "end" : 53,
    "order" : 0
  }, {
    "%ID" : 69,
    "%TYPE" : "de.tudarmstadt.ukp.dkpro.core.api.segmentation.type.Token",
    "@sofa" : 2,
    "begin" : 54,
    "end" : 57,
    "order" : 0
  }, {
    "%ID" : 70,
    "%TYPE" : "de.tudarmstadt.ukp.dkpro.core.api.segmentation.type.Token",
    "@sofa" : 2,
    "begin" : 58,
    "end" : 65,
    "order" : 0
  }, {
    "%ID" : 71,
    "%TYPE" : "de.tudarmstadt.ukp.dkpro.core.api.segmentation.type.Token",
    "@sofa" : 2,
    "begin" : 66,
    "end" : 76,
    "order" : 0
  }, {
    "%ID" : 72,
    "%TYPE" : "de.tudarmstadt.ukp.dkpro.core.api.segmentation.type.Token",
    "@sofa" : 2,
    "begin" : 76,
    "end" : 77,
    "order" : 0
  }, {
    "%ID" : 73,
    "%TYPE" : "de.tudarmstadt.ukp.dkpro.core.api.segmentation.type.Token",
    "@sofa" : 2,
    "begin" : 78,
    "end" : 79,
    "order" : 0
  }, {
    "%ID" : 74,
    "%TYPE" : "de.tudarmstadt.ukp.dkpro.core.api.segmentation.type.Token",
    "@sofa" : 2,
    "begin" : 80,
    "end" : 85,
    "order" : 0
  }, {
    "%ID" : 75,
    "%TYPE" : "de.tudarmstadt.ukp.dkpro.core.api.segmentation.type.Token",
    "@sofa" : 2,
    "begin" : 86,
    "end" : 90,
    "order" : 0
  }, {
    "%ID" : 76,
    "%TYPE" : "de.tudarmstadt.ukp.dkpro.core.api.segmentation.type.Token",
    "@sofa" : 2,
    "begin" : 91,
    "end" : 93,
    "order" : 0
  }, {
    "%ID" : 77,
    "%TYPE" : "de.tudarmstadt.ukp.dkpro.core.api.segmentation.type.Token",
    "@sofa" : 2,
    "begin" : 94,
    "end" : 97,
    "order" : 0
  }, {
    "%ID" : 78,
    "%TYPE" : "de.tudarmstadt.ukp.dkpro.core.api.segmentation.type.Token",
    "@sofa" : 2,
    "begin" : 98,
    "end" : 102,
    "order" : 0
  }, {
    "%ID" : 79,
    "%TYPE" : "de.tudarmstadt.ukp.dkpro.core.api.segmentation.type.Token",
    "@sofa" : 2,
    "begin" : 103,
    "end" : 104,
    "order" : 0
  }, {
    "%ID" : 80,
    "%TYPE" : "de.tudarmstadt.ukp.dkpro.core.api.segmentation.type.Token",
    "@sofa" : 2,
    "begin" : 105,
    "end" : 108,
    "order" : 0
  }, {
    "%ID" : 81,
    "%TYPE" : "de.tudarmstadt.ukp.dkpro.core.api.segmentation.type.Token",
    "@sofa" : 2,
    "begin" : 109,
    "end" : 115,
    "order" : 0
  }, {
    "%ID" : 82,
    "%TYPE" : "de.tudarmstadt.ukp.dkpro.core.api.segmentation.type.Token",
    "@sofa" : 2,
    "begin" : 115,
    "end" : 116,
    "order" : 0
  }, {
    "%ID" : 83,
    "%TYPE" : "de.tudarmstadt.ukp.dkpro.core.api.segmentation.type.Token",
    "@sofa" : 2,
    "begin" : 118,
    "end" : 123,
    "order" : 0
  }, {
    "%ID" : 84,
    "%TYPE" : "de.tudarmstadt.ukp.dkpro.core.api.segmentation.type.Token",
    "@sofa" : 2,
    "begin" : 123,
    "end" : 124,
    "order" : 0
  }, {
    "%ID" : 85,
    "%TYPE" : "de.tudarmstadt.ukp.dkpro.core.api.segmentation.type.Token",
    "@sofa" : 2,
    "begin" : 125,
    "end" : 128,
    "order" : 0
  }, {
    "%ID" : 86,
    "%TYPE" : "de.tudarmstadt.ukp.dkpro.core.api.segmentation.type.Token",
    "@sofa" : 2,
    "begin" : 129,
    "end" : 135,
    "order" : 0
  }, {
    "%ID" : 87,
    "%TYPE" : "de.tudarmstadt.ukp.dkpro.core.api.segmentation.type.Token",
    "@sofa" : 2,
    "begin" : 136,
    "end" : 142,
    "order" : 0
  }, {
    "%ID" : 88,
    "%TYPE" : "de.tudarmstadt.ukp.dkpro.core.api.segmentation.type.Token",
    "@sofa" : 2,
    "begin" : 143,
    "end" : 146,
    "order" : 0
  }, {
    "%ID" : 89,
    "%TYPE" : "de.tudarmstadt.ukp.dkpro.core.api.segmentation.type.Token",
    "@sofa" : 2,
    "begin" : 147,
    "end" : 157,
    "order" : 0
  }, {
    "%ID" : 90,
    "%TYPE" : "de.tudarmstadt.ukp.dkpro.core.api.segmentation.type.Token",
    "@sofa" : 2,
    "begin" : 158,
    "end" : 164,
    "order" : 0
  }, {
    "%ID" : 91,
    "%TYPE" : "de.tudarmstadt.ukp.dkpro.core.api.segmentation.type.Token",
    "@sofa" : 2,
    "begin" : 165,
    "end" : 168,
    "order" : 0
  }, {
    "%ID" : 92,
    "%TYPE" : "de.tudarmstadt.ukp.dkpro.core.api.segmentation.type.Token",
    "@sofa" : 2,
    "begin" : 169,
    "end" : 182,
    "order" : 0
  }, {
    "%ID" : 93,
    "%TYPE" : "de.tudarmstadt.ukp.dkpro.core.api.segmentation.type.Token",
    "@sofa" : 2,
    "begin" : 183,
    "end" : 186,
    "order" : 0
  }, {
    "%ID" : 94,
    "%TYPE" : "de.tudarmstadt.ukp.dkpro.core.api.segmentation.type.Token",
    "@sofa" : 2,
    "begin" : 187,
    "end" : 192,
    "order" : 0
  }, {
    "%ID" : 95,
    "%TYPE" : "de.tudarmstadt.ukp.dkpro.core.api.segmentation.type.Token",
    "@sofa" : 2,
    "begin" : 193,
    "end" : 202,
    "order" : 0
  }, {
    "%ID" : 96,
    "%TYPE" : "de.tudarmstadt.ukp.dkpro.core.api.segmentation.type.Token",
    "@sofa" : 2,
    "begin" : 202,
    "end" : 203,
    "order" : 0
  }, {
    "%ID" : 97,
    "%TYPE" : "de.tudarmstadt.ukp.dkpro.core.api.segmentation.type.Token",
    "@sofa" : 2,
    "begin" : 204,
    "end" : 208,
    "order" : 0
  }, {
    "%ID" : 98,
    "%TYPE" : "de.tudarmstadt.ukp.dkpro.core.api.segmentation.type.Token",
    "@sofa" : 2,
    "begin" : 209,
    "end" : 212,
    "order" : 0
  }, {
    "%ID" : 99,
    "%TYPE" : "de.tudarmstadt.ukp.dkpro.core.api.segmentation.type.Token",
    "@sofa" : 2,
    "begin" : 213,
    "end" : 217,
    "order" : 0
  }, {
    "%ID" : 100,
    "%TYPE" : "de.tudarmstadt.ukp.dkpro.core.api.segmentation.type.Token",
    "@sofa" : 2,
    "begin" : 218,
    "end" : 221,
    "order" : 0
  }, {
    "%ID" : 101,
    "%TYPE" : "de.tudarmstadt.ukp.dkpro.core.api.segmentation.type.Token",
    "@sofa" : 2,
    "begin" : 222,
    "end" : 232,
    "order" : 0
  }, {
    "%ID" : 102,
    "%TYPE" : "de.tudarmstadt.ukp.dkpro.core.api.segmentation.type.Token",
    "@sofa" : 2,
    "begin" : 233,
    "end" : 239,
    "order" : 0
  }, {
    "%ID" : 103,
    "%TYPE" : "de.tudarmstadt.ukp.dkpro.core.api.segmentation.type.Token",
    "@sofa" : 2,
    "begin" : 239,
    "end" : 240,
    "order" : 0
  }, {
    "%ID" : 104,
    "%TYPE" : "de.tudarmstadt.ukp.dkpro.core.api.segmentation.type.Token",
    "@sofa" : 2,
    "begin" : 241,
    "end" : 244,
    "order" : 0
  }, {
    "%ID" : 105,
    "%TYPE" : "de.tudarmstadt.ukp.dkpro.core.api.segmentation.type.Token",
    "@sofa" : 2,
    "begin" : 245,
    "end" : 255,
    "order" : 0
  }, {
    "%ID" : 106,
    "%TYPE" : "de.tudarmstadt.ukp.dkpro.core.api.segmentation.type.Token",
    "@sofa" : 2,
    "begin" : 256,
    "end" : 266,
    "order" : 0
  }, {
    "%ID" : 107,
    "%TYPE" : "de.tudarmstadt.ukp.dkpro.core.api.segmentation.type.Token",
    "@sofa" : 2,
    "begin" : 267,
    "end" : 271,
    "order" : 0
  }, {
    "%ID" : 108,
    "%TYPE" : "de.tudarmstadt.ukp.dkpro.core.api.segmentation.type.Token",
    "@sofa" : 2,
    "begin" : 272,
    "end" : 276,
    "order" : 0
  }, {
    "%ID" : 109,
    "%TYPE" : "de.tudarmstadt.ukp.dkpro.core.api.segmentation.type.Token",
    "@sofa" : 2,
    "begin" : 277,
    "end" : 282,
    "order" : 0
  }, {
    "%ID" : 110,
    "%TYPE" : "de.tudarmstadt.ukp.dkpro.core.api.segmentation.type.Token",
    "@sofa" : 2,
    "begin" : 283,
    "end" : 287,
    "order" : 0
  }, {
    "%ID" : 111,
    "%TYPE" : "de.tudarmstadt.ukp.dkpro.core.api.segmentation.type.Token",
    "@sofa" : 2,
    "begin" : 288,
    "end" : 296,
    "order" : 0
  }, {
    "%ID" : 112,
    "%TYPE" : "de.tudarmstadt.ukp.dkpro.core.api.segmentation.type.Token",
    "@sofa" : 2,
    "begin" : 297,
    "end" : 302,
    "order" : 0
  }, {
    "%ID" : 113,
    "%TYPE" : "de.tudarmstadt.ukp.dkpro.core.api.segmentation.type.Token",
    "@sofa" : 2,
    "begin" : 303,
    "end" : 305,
    "order" : 0
  }, {
    "%ID" : 114,
    "%TYPE" : "de.tudarmstadt.ukp.dkpro.core.api.segmentation.type.Token",
    "@sofa" : 2,
    "begin" : 306,
    "end" : 309,
    "order" : 0
  }, {
    "%ID" : 115,
    "%TYPE" : "de.tudarmstadt.ukp.dkpro.core.api.segmentation.type.Token",
    "@sofa" : 2,
    "begin" : 310,
    "end" : 313,
    "order" : 0
  }, {
    "%ID" : 116,
    "%TYPE" : "de.tudarmstadt.ukp.dkpro.core.api.segmentation.type.Token",
    "@sofa" : 2,
    "begin" : 314,
    "end" : 320,
    "order" : 0
  }, {
    "%ID" : 117,
    "%TYPE" : "de.tudarmstadt.ukp.dkpro.core.api.segmentation.type.Token",
    "@sofa" : 2,
    "begin" : 320,
    "end" : 321,
    "order" : 0
  }, {
    "%ID" : 118,
    "%TYPE" : "de.tudarmstadt.ukp.dkpro.core.api.segmentation.type.Token",
    "@sofa" : 2,
    "begin" : 322,
    "end" : 325,
    "order" : 0
  }, {
    "%ID" : 119,
    "%TYPE" : "de.tudarmstadt.ukp.dkpro.core.api.segmentation.type.Token",
    "@sofa" : 2,
    "begin" : 326,
    "end" : 328,
    "order" : 0
  }, {
    "%ID" : 120,
    "%TYPE" : "de.tudarmstadt.ukp.dkpro.core.api.segmentation.type.Token",
    "@sofa" : 2,
    "begin" : 329,
    "end" : 333,
    "order" : 0
  }, {
    "%ID" : 121,
    "%TYPE" : "de.tudarmstadt.ukp.dkpro.core.api.segmentation.type.Token",
    "@sofa" : 2,
    "begin" : 334,
    "end" : 343,
    "order" : 0
  }, {
    "%ID" : 122,
    "%TYPE" : "de.tudarmstadt.ukp.dkpro.core.api.segmentation.type.Token",
    "@sofa" : 2,
    "begin" : 344,
    "end" : 347,
    "order" : 0
  }, {
    "%ID" : 123,
    "%TYPE" : "de.tudarmstadt.ukp.dkpro.core.api.segmentation.type.Token",
    "@sofa" : 2,
    "begin" : 348,
    "end" : 358,
    "order" : 0
  }, {
    "%ID" : 124,
    "%TYPE" : "de.tudarmstadt.ukp.dkpro.core.api.segmentation.type.Token",
    "@sofa" : 2,
    "begin" : 358,
    "end" : 359,
    "order" : 0
  }, {
    "%ID" : 125,
    "%TYPE" : "de.tudarmstadt.ukp.dkpro.core.api.segmentation.type.Token",
    "@sofa" : 2,
    "begin" : 360,
    "end" : 367,
    "order" : 0
  }, {
    "%ID" : 126,
    "%TYPE" : "de.tudarmstadt.ukp.dkpro.core.api.segmentation.type.Token",
    "@sofa" : 2,
    "begin" : 367,
    "end" : 368,
    "order" : 0
  }, {
    "%ID" : 127,
    "%TYPE" : "de.tudarmstadt.ukp.dkpro.core.api.segmentation.type.Token",
    "@sofa" : 2,
    "begin" : 369,
    "end" : 372,
    "order" : 0
  }, {
    "%ID" : 128,
    "%TYPE" : "de.tudarmstadt.ukp.dkpro.core.api.segmentation.type.Token",
    "@sofa" : 2,
    "begin" : 373,
    "end" : 381,
    "order" : 0
  }, {
    "%ID" : 129,
    "%TYPE" : "de.tudarmstadt.ukp.dkpro.core.api.segmentation.type.Token",
    "@sofa" : 2,
    "begin" : 382,
    "end" : 386,
    "order" : 0
  }, {
    "%ID" : 130,
    "%TYPE" : "de.tudarmstadt.ukp.dkpro.core.api.segmentation.type.Token",
    "@sofa" : 2,
    "begin" : 387,
    "end" : 391,
    "order" : 0
  }, {
    "%ID" : 131,
    "%TYPE" : "de.tudarmstadt.ukp.dkpro.core.api.segmentation.type.Token",
    "@sofa" : 2,
    "begin" : 392,
    "end" : 400,
    "order" : 0
  }, {
    "%ID" : 132,
    "%TYPE" : "de.tudarmstadt.ukp.dkpro.core.api.segmentation.type.Token",
    "@sofa" : 2,
    "begin" : 401,
    "end" : 404,
    "order" : 0
  }, {
    "%ID" : 133,
    "%TYPE" : "de.tudarmstadt.ukp.dkpro.core.api.segmentation.type.Token",
    "@sofa" : 2,
    "begin" : 405,
    "end" : 412,
    "order" : 0
  }, {
    "%ID" : 134,
    "%TYPE" : "de.tudarmstadt.ukp.dkpro.core.api.segmentation.type.Token",
    "@sofa" : 2,
    "begin" : 413,
    "end" : 415,
    "order" : 0
  }, {
    "%ID" : 135,
    "%TYPE" : "de.tudarmstadt.ukp.dkpro.core.api.segmentation.type.Token",
    "@sofa" : 2,
    "begin" : 416,
    "end" : 419,
    "order" : 0
  }, {
    "%ID" : 136,
    "%TYPE" : "de.tudarmstadt.ukp.dkpro.core.api.segmentation.type.Token",
    "@sofa" : 2,
    "begin" : 420,
    "end" : 426,
    "order" : 0
  }, {
    "%ID" : 137,
    "%TYPE" : "de.tudarmstadt.ukp.dkpro.core.api.segmentation.type.Token",
    "@sofa" : 2,
    "begin" : 427,
    "end" : 434,
    "order" : 0
  }, {
    "%ID" : 138,
    "%TYPE" : "de.tudarmstadt.ukp.dkpro.core.api.segmentation.type.Token",
    "@sofa" : 2,
    "begin" : 435,
    "end" : 440,
    "order" : 0
  }, {
    "%ID" : 139,
    "%TYPE" : "de.tudarmstadt.ukp.dkpro.core.api.segmentation.type.Token",
    "@sofa" : 2,
    "begin" : 441,
    "end" : 443,
    "order" : 0
  }, {
    "%ID" : 140,
    "%TYPE" : "de.tudarmstadt.ukp.dkpro.core.api.segmentation.type.Token",
    "@sofa" : 2,
    "begin" : 444,
    "end" : 449,
    "order" : 0
  }, {
    "%ID" : 141,
    "%TYPE" : "de.tudarmstadt.ukp.dkpro.core.api.segmentation.type.Token",
    "@sofa" : 2,
    "begin" : 450,
    "end" : 456,
    "order" : 0
  }, {
    "%ID" : 142,
    "%TYPE" : "de.tudarmstadt.ukp.dkpro.core.api.segmentation.type.Token",
    "@sofa" : 2,
    "begin" : 457,
    "end" : 464,
    "order" : 0
  }, {
    "%ID" : 143,
    "%TYPE" : "de.tudarmstadt.ukp.dkpro.core.api.segmentation.type.Token",
    "@sofa" : 2,
    "begin" : 465,
    "end" : 470,
    "order" : 0
  }, {
    "%ID" : 144,
    "%TYPE" : "de.tudarmstadt.ukp.dkpro.core.api.segmentation.type.Token",
    "@sofa" : 2,
    "begin" : 471,
    "end" : 476,
    "order" : 0
  }, {
    "%ID" : 145,
    "%TYPE" : "de.tudarmstadt.ukp.dkpro.core.api.segmentation.type.Token",
    "@sofa" : 2,
    "begin" : 476,
    "end" : 477,
    "order" : 0
  }, {
    "%ID" : 146,
    "%TYPE" : "de.tudarmstadt.ukp.dkpro.core.api.segmentation.type.Token",
    "@sofa" : 2,
    "begin" : 478,
    "end" : 487,
    "order" : 0
  }, {
    "%ID" : 147,
    "%TYPE" : "de.tudarmstadt.ukp.dkpro.core.api.segmentation.type.Token",
    "@sofa" : 2,
    "begin" : 487,
    "end" : 488,
    "order" : 0
  }, {
    "%ID" : 148,
    "%TYPE" : "de.tudarmstadt.ukp.dkpro.core.api.segmentation.type.Token",
    "@sofa" : 2,
    "begin" : 489,
    "end" : 494,
    "order" : 0
  }, {
    "%ID" : 149,
    "%TYPE" : "de.tudarmstadt.ukp.dkpro.core.api.segmentation.type.Token",
    "@sofa" : 2,
    "begin" : 495,
    "end" : 499,
    "order" : 0
  }, {
    "%ID" : 150,
    "%TYPE" : "de.tudarmstadt.ukp.dkpro.core.api.segmentation.type.Token",
    "@sofa" : 2,
    "begin" : 500,
    "end" : 504,
    "order" : 0
  }, {
    "%ID" : 151,
    "%TYPE" : "de.tudarmstadt.ukp.dkpro.core.api.segmentation.type.Token",
    "@sofa" : 2,
    "begin" : 505,
    "end" : 507,
    "order" : 0
  }, {
    "%ID" : 152,
    "%TYPE" : "de.tudarmstadt.ukp.dkpro.core.api.segmentation.type.Token",
    "@sofa" : 2,
    "begin" : 508,
    "end" : 516,
    "order" : 0
  }, {
    "%ID" : 153,
    "%TYPE" : "de.tudarmstadt.ukp.dkpro.core.api.segmentation.type.Token",
    "@sofa" : 2,
    "begin" : 517,
    "end" : 519,
    "order" : 0
  }, {
    "%ID" : 154,
    "%TYPE" : "de.tudarmstadt.ukp.dkpro.core.api.segmentation.type.Token",
    "@sofa" : 2,
    "begin" : 520,
    "end" : 527,
    "order" : 0
  }, {
    "%ID" : 155,
    "%TYPE" : "de.tudarmstadt.ukp.dkpro.core.api.segmentation.type.Token",
    "@sofa" : 2,
    "begin" : 528,
    "end" : 530,
    "order" : 0
  }, {
    "%ID" : 156,
    "%TYPE" : "de.tudarmstadt.ukp.dkpro.core.api.segmentation.type.Token",
    "@sofa" : 2,
    "begin" : 531,
    "end" : 540,
    "order" : 0
  }, {
    "%ID" : 157,
    "%TYPE" : "de.tudarmstadt.ukp.dkpro.core.api.segmentation.type.Token",
    "@sofa" : 2,
    "begin" : 540,
    "end" : 541,
    "order" : 0
  }, {
    "%ID" : 158,
    "%TYPE" : "de.tudarmstadt.ukp.dkpro.core.api.segmentation.type.Token",
    "@sofa" : 2,
    "begin" : 543,
    "end" : 551,
    "order" : 0
  }, {
    "%ID" : 159,
    "%TYPE" : "de.tudarmstadt.ukp.dkpro.core.api.segmentation.type.Token",
    "@sofa" : 2,
    "begin" : 551,
    "end" : 552,
    "order" : 0
  }, {
    "%ID" : 160,
    "%TYPE" : "de.tudarmstadt.ukp.dkpro.core.api.segmentation.type.Token",
    "@sofa" : 2,
    "begin" : 553,
    "end" : 555,
    "order" : 0
  }, {
    "%ID" : 161,
    "%TYPE" : "de.tudarmstadt.ukp.dkpro.core.api.segmentation.type.Token",
    "@sofa" : 2,
    "begin" : 556,
    "end" : 558,
    "order" : 0
  }, {
    "%ID" : 162,
    "%TYPE" : "de.tudarmstadt.ukp.dkpro.core.api.segmentation.type.Token",
    "@sofa" : 2,
    "begin" : 559,
    "end" : 562,
    "order" : 0
  }, {
    "%ID" : 163,
    "%TYPE" : "de.tudarmstadt.ukp.dkpro.core.api.segmentation.type.Token",
    "@sofa" : 2,
    "begin" : 563,
    "end" : 566,
    "order" : 0
  }, {
    "%ID" : 164,
    "%TYPE" : "de.tudarmstadt.ukp.dkpro.core.api.segmentation.type.Token",
    "@sofa" : 2,
    "begin" : 567,
    "end" : 573,
    "order" : 0
  }, {
    "%ID" : 165,
    "%TYPE" : "de.tudarmstadt.ukp.dkpro.core.api.segmentation.type.Token",
    "@sofa" : 2,
    "begin" : 574,
    "end" : 580,
    "order" : 0
  }, {
    "%ID" : 166,
    "%TYPE" : "de.tudarmstadt.ukp.dkpro.core.api.segmentation.type.Token",
    "@sofa" : 2,
    "begin" : 581,
    "end" : 585,
    "order" : 0
  }, {
    "%ID" : 167,
    "%TYPE" : "de.tudarmstadt.ukp.dkpro.core.api.segmentation.type.Token",
    "@sofa" : 2,
    "begin" : 586,
    "end" : 589,
    "order" : 0
  }, {
    "%ID" : 168,
    "%TYPE" : "de.tudarmstadt.ukp.dkpro.core.api.segmentation.type.Token",
    "@sofa" : 2,
    "begin" : 590,
    "end" : 599,
    "order" : 0
  }, {
    "%ID" : 169,
    "%TYPE" : "de.tudarmstadt.ukp.dkpro.core.api.segmentation.type.Token",
    "@sofa" : 2,
    "begin" : 600,
    "end" : 603,
    "order" : 0
  }, {
    "%ID" : 170,
    "%TYPE" : "de.tudarmstadt.ukp.dkpro.core.api.segmentation.type.Token",
    "@sofa" : 2,
    "begin" : 604,
    "end" : 613,
    "order" : 0
  }, {
    "%ID" : 171,
    "%TYPE" : "de.tudarmstadt.ukp.dkpro.core.api.segmentation.type.Token",
    "@sofa" : 2,
    "begin" : 613,
    "end" : 614,
    "order" : 0
  }, {
    "%ID" : 172,
    "%TYPE" : "de.tudarmstadt.ukp.dkpro.core.api.segmentation.type.Token",
    "@sofa" : 2,
    "begin" : 615,
    "end" : 617,
    "order" : 0
  }, {
    "%ID" : 173,
    "%TYPE" : "de.tudarmstadt.ukp.dkpro.core.api.segmentation.type.Token",
    "@sofa" : 2,
    "begin" : 618,
    "end" : 620,
    "order" : 0
  }, {
    "%ID" : 174,
    "%TYPE" : "de.tudarmstadt.ukp.dkpro.core.api.segmentation.type.Token",
    "@sofa" : 2,
    "begin" : 621,
    "end" : 624,
    "order" : 0
  }, {
    "%ID" : 175,
    "%TYPE" : "de.tudarmstadt.ukp.dkpro.core.api.segmentation.type.Token",
    "@sofa" : 2,
    "begin" : 625,
    "end" : 632,
    "order" : 0
  }, {
    "%ID" : 176,
    "%TYPE" : "de.tudarmstadt.ukp.dkpro.core.api.segmentation.type.Token",
    "@sofa" : 2,
    "begin" : 633,
    "end" : 643,
    "order" : 0
  }, {
    "%ID" : 177,
    "%TYPE" : "de.tudarmstadt.ukp.dkpro.core.api.segmentation.type.Token",
    "@sofa" : 2,
    "begin" : 643,
    "end" : 644,
    "order" : 0
  }, {
    "%ID" : 178,
    "%TYPE" : "de.tudarmstadt.ukp.dkpro.core.api.segmentation.type.Token",
    "@sofa" : 2,
    "begin" : 646,
    "end" : 653,
    "order" : 0
  }, {
    "%ID" : 179,
    "%TYPE" : "de.tudarmstadt.ukp.dkpro.core.api.segmentation.type.Token",
    "@sofa" : 2,
    "begin" : 653,
    "end" : 654,
    "order" : 0
  }, {
    "%ID" : 180,
    "%TYPE" : "de.tudarmstadt.ukp.dkpro.core.api.segmentation.type.Token",
    "@sofa" : 2,
    "begin" : 655,
    "end" : 660,
    "order" : 0
  }, {
    "%ID" : 181,
    "%TYPE" : "de.tudarmstadt.ukp.dkpro.core.api.segmentation.type.Token",
    "@sofa" : 2,
    "begin" : 661,
    "end" : 663,
    "order" : 0
  }, {
    "%ID" : 182,
    "%TYPE" : "de.tudarmstadt.ukp.dkpro.core.api.segmentation.type.Token",
    "@sofa" : 2,
    "begin" : 664,
    "end" : 669,
    "order" : 0
  }, {
    "%ID" : 183,
    "%TYPE" : "de.tudarmstadt.ukp.dkpro.core.api.segmentation.type.Token",
    "@sofa" : 2,
    "begin" : 670,
    "end" : 674,
    "order" : 0
  }, {
    "%ID" : 184,
    "%TYPE" : "de.tudarmstadt.ukp.dkpro.core.api.segmentation.type.Token",
    "@sofa" : 2,
    "begin" : 675,
    "end" : 677,
    "order" : 0
  }, {
    "%ID" : 185,
    "%TYPE" : "de.tudarmstadt.ukp.dkpro.core.api.segmentation.type.Token",
    "@sofa" : 2,
    "begin" : 678,
    "end" : 683,
    "order" : 0
  }, {
    "%ID" : 186,
    "%TYPE" : "de.tudarmstadt.ukp.dkpro.core.api.segmentation.type.Token",
    "@sofa" : 2,
    "begin" : 684,
    "end" : 687,
    "order" : 0
  }, {
    "%ID" : 187,
    "%TYPE" : "de.tudarmstadt.ukp.dkpro.core.api.segmentation.type.Token",
    "@sofa" : 2,
    "begin" : 688,
    "end" : 693,
    "order" : 0
  }, {
    "%ID" : 188,
    "%TYPE" : "de.tudarmstadt.ukp.dkpro.core.api.segmentation.type.Token",
    "@sofa" : 2,
    "begin" : 694,
    "end" : 696,
    "order" : 0
  }, {
    "%ID" : 189,
    "%TYPE" : "de.tudarmstadt.ukp.dkpro.core.api.segmentation.type.Token",
    "@sofa" : 2,
    "begin" : 697,
    "end" : 702,
    "order" : 0
  }, {
    "%ID" : 190,
    "%TYPE" : "de.tudarmstadt.ukp.dkpro.core.api.segmentation.type.Token",
    "@sofa" : 2,
    "begin" : 703,
    "end" : 707,
    "order" : 0
  }, {
    "%ID" : 191,
    "%TYPE" : "de.tudarmstadt.ukp.dkpro.core.api.segmentation.type.Token",
    "@sofa" : 2,
    "begin" : 708,
    "end" : 711,
    "order" : 0
  }, {
    "%ID" : 192,
    "%TYPE" : "de.tudarmstadt.ukp.dkpro.core.api.segmentation.type.Token",
    "@sofa" : 2,
    "begin" : 712,
    "end" : 719,
    "order" : 0
  }, {
    "%ID" : 193,
    "%TYPE" : "de.tudarmstadt.ukp.dkpro.core.api.segmentation.type.Token",
    "@sofa" : 2,
    "begin" : 720,
    "end" : 730,
    "order" : 0
  }, {
    "%ID" : 194,
    "%TYPE" : "de.tudarmstadt.ukp.dkpro.core.api.segmentation.type.Token",
    "@sofa" : 2,
    "begin" : 730,
    "end" : 731,
    "order" : 0
  }, {
    "%ID" : 195,
    "%TYPE" : "de.tudarmstadt.ukp.dkpro.core.api.segmentation.type.Token",
    "@sofa" : 2,
    "begin" : 732,
    "end" : 735,
    "order" : 0
  }, {
    "%ID" : 196,
    "%TYPE" : "de.tudarmstadt.ukp.dkpro.core.api.segmentation.type.Token",
    "@sofa" : 2,
    "begin" : 736,
    "end" : 744,
    "order" : 0
  }, {
    "%ID" : 197,
    "%TYPE" : "de.tudarmstadt.ukp.dkpro.core.api.segmentation.type.Token",
    "@sofa" : 2,
    "begin" : 745,
    "end" : 750,
    "order" : 0
  }, {
    "%ID" : 198,
    "%TYPE" : "de.tudarmstadt.ukp.dkpro.core.api.segmentation.type.Token",
    "@sofa" : 2,
    "begin" : 751,
    "end" : 754,
    "order" : 0
  }, {
    "%ID" : 199,
    "%TYPE" : "de.tudarmstadt.ukp.dkpro.core.api.segmentation.type.Token",
    "@sofa" : 2,
    "begin" : 755,
    "end" : 762,
    "order" : 0
  }, {
    "%ID" : 200,
    "%TYPE" : "de.tudarmstadt.ukp.dkpro.core.api.segmentation.type.Token",
    "@sofa" : 2,
    "begin" : 762,
    "end" : 763,
    "order" : 0
  }, {
    "%ID" : 201,
    "%TYPE" : "de.tudarmstadt.ukp.dkpro.core.api.segmentation.type.Token",
    "@sofa" : 2,
    "begin" : 764,
    "end" : 766,
    "order" : 0
  }, {
    "%ID" : 202,
    "%TYPE" : "de.tudarmstadt.ukp.dkpro.core.api.segmentation.type.Token",
    "@sofa" : 2,
    "begin" : 767,
    "end" : 769,
    "order" : 0
  }, {
    "%ID" : 203,
    "%TYPE" : "de.tudarmstadt.ukp.dkpro.core.api.segmentation.type.Token",
    "@sofa" : 2,
    "begin" : 770,
    "end" : 774,
    "order" : 0
  }, {
    "%ID" : 204,
    "%TYPE" : "de.tudarmstadt.ukp.dkpro.core.api.segmentation.type.Token",
    "@sofa" : 2,
    "begin" : 775,
    "end" : 777,
    "order" : 0
  }, {
    "%ID" : 205,
    "%TYPE" : "de.tudarmstadt.ukp.dkpro.core.api.segmentation.type.Token",
    "@sofa" : 2,
    "begin" : 778,
    "end" : 787,
    "order" : 0
  }, {
    "%ID" : 206,
    "%TYPE" : "de.tudarmstadt.ukp.dkpro.core.api.segmentation.type.Token",
    "@sofa" : 2,
    "begin" : 788,
    "end" : 791,
    "order" : 0
  }, {
    "%ID" : 207,
    "%TYPE" : "de.tudarmstadt.ukp.dkpro.core.api.segmentation.type.Token",
    "@sofa" : 2,
    "begin" : 792,
    "end" : 801,
    "order" : 0
  }, {
    "%ID" : 208,
    "%TYPE" : "de.tudarmstadt.ukp.dkpro.core.api.segmentation.type.Token",
    "@sofa" : 2,
    "begin" : 802,
    "end" : 804,
    "order" : 0
  }, {
    "%ID" : 209,
    "%TYPE" : "de.tudarmstadt.ukp.dkpro.core.api.segmentation.type.Token",
    "@sofa" : 2,
    "begin" : 805,
    "end" : 808,
    "order" : 0
  }, {
    "%ID" : 210,
    "%TYPE" : "de.tudarmstadt.ukp.dkpro.core.api.segmentation.type.Token",
    "@sofa" : 2,
    "begin" : 809,
    "end" : 816,
    "order" : 0
  }, {
    "%ID" : 211,
    "%TYPE" : "de.tudarmstadt.ukp.dkpro.core.api.segmentation.type.Token",
    "@sofa" : 2,
    "begin" : 817,
    "end" : 827,
    "order" : 0
  }, {
    "%ID" : 212,
    "%TYPE" : "de.tudarmstadt.ukp.dkpro.core.api.segmentation.type.Token",
    "@sofa" : 2,
    "begin" : 827,
    "end" : 828,
    "order" : 0
  }, {
    "%ID" : 213,
    "%TYPE" : "de.tudarmstadt.ukp.dkpro.core.api.segmentation.type.Token",
    "@sofa" : 2,
    "begin" : 829,
    "end" : 832,
    "order" : 0
  }, {
    "%ID" : 214,
    "%TYPE" : "de.tudarmstadt.ukp.dkpro.core.api.segmentation.type.Token",
    "@sofa" : 2,
    "begin" : 833,
    "end" : 843,
    "order" : 0
  }, {
    "%ID" : 215,
    "%TYPE" : "de.tudarmstadt.ukp.dkpro.core.api.segmentation.type.Token",
    "@sofa" : 2,
    "begin" : 844,
    "end" : 846,
    "order" : 0
  }, {
    "%ID" : 216,
    "%TYPE" : "de.tudarmstadt.ukp.dkpro.core.api.segmentation.type.Token",
    "@sofa" : 2,
    "begin" : 847,
    "end" : 850,
    "order" : 0
  }, {
    "%ID" : 217,
    "%TYPE" : "de.tudarmstadt.ukp.dkpro.core.api.segmentation.type.Token",
    "@sofa" : 2,
    "begin" : 851,
    "end" : 858,
    "order" : 0
  }, {
    "%ID" : 218,
    "%TYPE" : "de.tudarmstadt.ukp.dkpro.core.api.segmentation.type.Token",
    "@sofa" : 2,
    "begin" : 859,
    "end" : 869,
    "order" : 0
  }, {
    "%ID" : 219,
    "%TYPE" : "de.tudarmstadt.ukp.dkpro.core.api.segmentation.type.Token",
    "@sofa" : 2,
    "begin" : 870,
    "end" : 873,
    "order" : 0
  }, {
    "%ID" : 220,
    "%TYPE" : "de.tudarmstadt.ukp.dkpro.core.api.segmentation.type.Token",
    "@sofa" : 2,
    "begin" : 874,
    "end" : 877,
    "order" : 0
  }, {
    "%ID" : 221,
    "%TYPE" : "de.tudarmstadt.ukp.dkpro.core.api.segmentation.type.Token",
    "@sofa" : 2,
    "begin" : 878,
    "end" : 886,
    "order" : 0
  }, {
    "%ID" : 222,
    "%TYPE" : "de.tudarmstadt.ukp.dkpro.core.api.segmentation.type.Token",
    "@sofa" : 2,
    "begin" : 887,
    "end" : 894,
    "order" : 0
  }, {
    "%ID" : 223,
    "%TYPE" : "de.tudarmstadt.ukp.dkpro.core.api.segmentation.type.Token",
    "@sofa" : 2,
    "begin" : 895,
    "end" : 897,
    "order" : 0
  }, {
    "%ID" : 224,
    "%TYPE" : "de.tudarmstadt.ukp.dkpro.core.api.segmentation.type.Token",
    "@sofa" : 2,
    "begin" : 898,
    "end" : 901,
    "order" : 0
  }, {
    "%ID" : 225,
    "%TYPE" : "de.tudarmstadt.ukp.dkpro.core.api.segmentation.type.Token",
    "@sofa" : 2,
    "begin" : 902,
    "end" : 909,
    "order" : 0
  }, {
    "%ID" : 226,
    "%TYPE" : "de.tudarmstadt.ukp.dkpro.core.api.segmentation.type.Token",
    "@sofa" : 2,
    "begin" : 910,
    "end" : 920,
    "order" : 0
  }, {
    "%ID" : 227,
    "%TYPE" : "de.tudarmstadt.ukp.dkpro.core.api.segmentation.type.Token",
    "@sofa" : 2,
    "begin" : 921,
    "end" : 922,
    "order" : 0
  }, {
    "%ID" : 228,
    "%TYPE" : "de.tudarmstadt.ukp.dkpro.core.api.segmentation.type.Token",
    "@sofa" : 2,
    "begin" : 923,
    "end" : 928,
    "order" : 0
  }, {
    "%ID" : 229,
    "%TYPE" : "de.tudarmstadt.ukp.dkpro.core.api.segmentation.type.Token",
    "@sofa" : 2,
    "begin" : 929,
    "end" : 934,
    "order" : 0
  }, {
    "%ID" : 230,
    "%TYPE" : "de.tudarmstadt.ukp.dkpro.core.api.segmentation.type.Token",
    "@sofa" : 2,
    "begin" : 935,
    "end" : 939,
    "order" : 0
  }, {
    "%ID" : 231,
    "%TYPE" : "de.tudarmstadt.ukp.dkpro.core.api.segmentation.type.Token",
    "@sofa" : 2,
    "begin" : 940,
    "end" : 943,
    "order" : 0
  }, {
    "%ID" : 232,
    "%TYPE" : "de.tudarmstadt.ukp.dkpro.core.api.segmentation.type.Token",
    "@sofa" : 2,
    "begin" : 944,
    "end" : 951,
    "order" : 0
  }, {
    "%ID" : 233,
    "%TYPE" : "de.tudarmstadt.ukp.dkpro.core.api.segmentation.type.Token",
    "@sofa" : 2,
    "begin" : 952,
    "end" : 954,
    "order" : 0
  }, {
    "%ID" : 234,
    "%TYPE" : "de.tudarmstadt.ukp.dkpro.core.api.segmentation.type.Token",
    "@sofa" : 2,
    "begin" : 955,
    "end" : 961,
    "order" : 0
  }, {
    "%ID" : 235,
    "%TYPE" : "de.tudarmstadt.ukp.dkpro.core.api.segmentation.type.Token",
    "@sofa" : 2,
    "begin" : 962,
    "end" : 968,
    "order" : 0
  }, {
    "%ID" : 236,
    "%TYPE" : "de.tudarmstadt.ukp.dkpro.core.api.segmentation.type.Token",
    "@sofa" : 2,
    "begin" : 969,
    "end" : 971,
    "order" : 0
  }, {
    "%ID" : 237,
    "%TYPE" : "de.tudarmstadt.ukp.dkpro.core.api.segmentation.type.Token",
    "@sofa" : 2,
    "begin" : 972,
    "end" : 975,
    "order" : 0
  }, {
    "%ID" : 238,
    "%TYPE" : "de.tudarmstadt.ukp.dkpro.core.api.segmentation.type.Token",
    "@sofa" : 2,
    "begin" : 976,
    "end" : 982,
    "order" : 0
  }, {
    "%ID" : 239,
    "%TYPE" : "de.tudarmstadt.ukp.dkpro.core.api.segmentation.type.Token",
    "@sofa" : 2,
    "begin" : 983,
    "end" : 985,
    "order" : 0
  }, {
    "%ID" : 240,
    "%TYPE" : "de.tudarmstadt.ukp.dkpro.core.api.segmentation.type.Token",
    "@sofa" : 2,
    "begin" : 986,
    "end" : 989,
    "order" : 0
  }, {
    "%ID" : 241,
    "%TYPE" : "de.tudarmstadt.ukp.dkpro.core.api.segmentation.type.Token",
    "@sofa" : 2,
    "begin" : 990,
    "end" : 1000,
    "order" : 0
  }, {
    "%ID" : 242,
    "%TYPE" : "de.tudarmstadt.ukp.dkpro.core.api.segmentation.type.Token",
    "@sofa" : 2,
    "begin" : 1001,
    "end" : 1011,
    "order" : 0
  }, {
    "%ID" : 243,
    "%TYPE" : "de.tudarmstadt.ukp.dkpro.core.api.segmentation.type.Token",
    "@sofa" : 2,
    "begin" : 1012,
    "end" : 1018,
    "order" : 0
  }, {
    "%ID" : 244,
    "%TYPE" : "de.tudarmstadt.ukp.dkpro.core.api.segmentation.type.Token",
    "@sofa" : 2,
    "begin" : 1019,
    "end" : 1026,
    "order" : 0
  }, {
    "%ID" : 245,
    "%TYPE" : "de.tudarmstadt.ukp.dkpro.core.api.segmentation.type.Token",
    "@sofa" : 2,
    "begin" : 1027,
    "end" : 1028,
    "order" : 0
  }, {
    "%ID" : 246,
    "%TYPE" : "de.tudarmstadt.ukp.dkpro.core.api.segmentation.type.Token",
    "@sofa" : 2,
    "begin" : 1029,
    "end" : 1033,
    "order" : 0
  }, {
    "%ID" : 247,
    "%TYPE" : "de.tudarmstadt.ukp.dkpro.core.api.segmentation.type.Token",
    "@sofa" : 2,
    "begin" : 1034,
    "end" : 1039,
    "order" : 0
  }, {
    "%ID" : 248,
    "%TYPE" : "de.tudarmstadt.ukp.dkpro.core.api.segmentation.type.Token",
    "@sofa" : 2,
    "begin" : 1040,
    "end" : 1046,
    "order" : 0
  }, {
    "%ID" : 249,
    "%TYPE" : "de.tudarmstadt.ukp.dkpro.core.api.segmentation.type.Token",
    "@sofa" : 2,
    "begin" : 1047,
    "end" : 1050,
    "order" : 0
  }, {
    "%ID" : 250,
    "%TYPE" : "de.tudarmstadt.ukp.dkpro.core.api.segmentation.type.Token",
    "@sofa" : 2,
    "begin" : 1051,
    "end" : 1060,
    "order" : 0
  }, {
    "%ID" : 251,
    "%TYPE" : "de.tudarmstadt.ukp.dkpro.core.api.segmentation.type.Token",
    "@sofa" : 2,
    "begin" : 1061,
    "end" : 1064,
    "order" : 0
  }, {
    "%ID" : 252,
    "%TYPE" : "de.tudarmstadt.ukp.dkpro.core.api.segmentation.type.Token",
    "@sofa" : 2,
    "begin" : 1065,
    "end" : 1078,
    "order" : 0
  }, {
    "%ID" : 253,
    "%TYPE" : "de.tudarmstadt.ukp.dkpro.core.api.segmentation.type.Token",
    "@sofa" : 2,
    "begin" : 1078,
    "end" : 1079,
    "order" : 0
  }, {
    "%ID" : 254,
    "%TYPE" : "de.tudarmstadt.ukp.dkpro.core.api.segmentation.type.Token",
    "@sofa" : 2,
    "begin" : 1080,
    "end" : 1082,
    "order" : 0
  }, {
    "%ID" : 255,
    "%TYPE" : "de.tudarmstadt.ukp.dkpro.core.api.segmentation.type.Token",
    "@sofa" : 2,
    "begin" : 1083,
    "end" : 1085,
    "order" : 0
  }, {
    "%ID" : 256,
    "%TYPE" : "de.tudarmstadt.ukp.dkpro.core.api.segmentation.type.Token",
    "@sofa" : 2,
    "begin" : 1086,
    "end" : 1088,
    "order" : 0
  }, {
    "%ID" : 257,
    "%TYPE" : "de.tudarmstadt.ukp.dkpro.core.api.segmentation.type.Token",
    "@sofa" : 2,
    "begin" : 1089,
    "end" : 1095,
    "order" : 0
  }, {
    "%ID" : 258,
    "%TYPE" : "de.tudarmstadt.ukp.dkpro.core.api.segmentation.type.Token",
    "@sofa" : 2,
    "begin" : 1096,
    "end" : 1100,
    "order" : 0
  }, {
    "%ID" : 259,
    "%TYPE" : "de.tudarmstadt.ukp.dkpro.core.api.segmentation.type.Token",
    "@sofa" : 2,
    "begin" : 1101,
    "end" : 1103,
    "order" : 0
  }, {
    "%ID" : 260,
    "%TYPE" : "de.tudarmstadt.ukp.dkpro.core.api.segmentation.type.Token",
    "@sofa" : 2,
    "begin" : 1104,
    "end" : 1108,
    "order" : 0
  }, {
    "%ID" : 261,
    "%TYPE" : "de.tudarmstadt.ukp.dkpro.core.api.segmentation.type.Token",
    "@sofa" : 2,
    "begin" : 1109,
    "end" : 1113,
    "order" : 0
  }, {
    "%ID" : 262,
    "%TYPE" : "de.tudarmstadt.ukp.dkpro.core.api.segmentation.type.Token",
    "@sofa" : 2,
    "begin" : 1114,
    "end" : 1116,
    "order" : 0
  }, {
    "%ID" : 263,
    "%TYPE" : "de.tudarmstadt.ukp.dkpro.core.api.segmentation.type.Token",
    "@sofa" : 2,
    "begin" : 1117,
    "end" : 1121,
    "order" : 0
  }, {
    "%ID" : 264,
    "%TYPE" : "de.tudarmstadt.ukp.dkpro.core.api.segmentation.type.Token",
    "@sofa" : 2,
    "begin" : 1122,
    "end" : 1129,
    "order" : 0
  }, {
    "%ID" : 265,
    "%TYPE" : "de.tudarmstadt.ukp.dkpro.core.api.segmentation.type.Token",
    "@sofa" : 2,
    "begin" : 1129,
    "end" : 1130,
    "order" : 0
  }, {
    "%ID" : 266,
    "%TYPE" : "de.tudarmstadt.ukp.dkpro.core.api.segmentation.type.Token",
    "@sofa" : 2,
    "begin" : 1132,
    "end" : 1140,
    "order" : 0
  }, {
    "%ID" : 267,
    "%TYPE" : "de.tudarmstadt.ukp.dkpro.core.api.segmentation.type.Token",
    "@sofa" : 2,
    "begin" : 1140,
    "end" : 1141,
    "order" : 0
  }, {
    "%ID" : 268,
    "%TYPE" : "de.tudarmstadt.ukp.dkpro.core.api.segmentation.type.Token",
    "@sofa" : 2,
    "begin" : 1142,
    "end" : 1143,
    "order" : 0
  }, {
    "%ID" : 269,
    "%TYPE" : "de.tudarmstadt.ukp.dkpro.core.api.segmentation.type.Token",
    "@sofa" : 2,
    "begin" : 1144,
    "end" : 1147,
    "order" : 0
  }, {
    "%ID" : 270,
    "%TYPE" : "de.tudarmstadt.ukp.dkpro.core.api.segmentation.type.Token",
    "@sofa" : 2,
    "begin" : 1148,
    "end" : 1153,
    "order" : 0
  }, {
    "%ID" : 271,
    "%TYPE" : "de.tudarmstadt.ukp.dkpro.core.api.segmentation.type.Token",
    "@sofa" : 2,
    "begin" : 1153,
    "end" : 1154,
    "order" : 0
  }, {
    "%ID" : 272,
    "%TYPE" : "de.tudarmstadt.ukp.dkpro.core.api.segmentation.type.Token",
    "@sofa" : 2,
    "begin" : 1155,
    "end" : 1158,
    "order" : 0
  }, {
    "%ID" : 273,
    "%TYPE" : "de.tudarmstadt.ukp.dkpro.core.api.segmentation.type.Token",
    "@sofa" : 2,
    "begin" : 1159,
    "end" : 1173,
    "order" : 0
  }, {
    "%ID" : 274,
    "%TYPE" : "de.tudarmstadt.ukp.dkpro.core.api.segmentation.type.Token",
    "@sofa" : 2,
    "begin" : 1174,
    "end" : 1176,
    "order" : 0
  }, {
    "%ID" : 275,
    "%TYPE" : "de.tudarmstadt.ukp.dkpro.core.api.segmentation.type.Token",
    "@sofa" : 2,
    "begin" : 1177,
    "end" : 1180,
    "order" : 0
  }, {
    "%ID" : 276,
    "%TYPE" : "de.tudarmstadt.ukp.dkpro.core.api.segmentation.type.Token",
    "@sofa" : 2,
    "begin" : 1181,
    "end" : 1188,
    "order" : 0
  }, {
    "%ID" : 277,
    "%TYPE" : "de.tudarmstadt.ukp.dkpro.core.api.segmentation.type.Token",
    "@sofa" : 2,
    "begin" : 1189,
    "end" : 1199,
    "order" : 0
  }, {
    "%ID" : 278,
    "%TYPE" : "de.tudarmstadt.ukp.dkpro.core.api.segmentation.type.Token",
    "@sofa" : 2,
    "begin" : 1200,
    "end" : 1203,
    "order" : 0
  }, {
    "%ID" : 279,
    "%TYPE" : "de.tudarmstadt.ukp.dkpro.core.api.segmentation.type.Token",
    "@sofa" : 2,
    "begin" : 1204,
    "end" : 1213,
    "order" : 0
  }, {
    "%ID" : 280,
    "%TYPE" : "de.tudarmstadt.ukp.dkpro.core.api.segmentation.type.Token",
    "@sofa" : 2,
    "begin" : 1214,
    "end" : 1218,
    "order" : 0
  }, {
    "%ID" : 281,
    "%TYPE" : "de.tudarmstadt.ukp.dkpro.core.api.segmentation.type.Token",
    "@sofa" : 2,
    "begin" : 1219,
    "end" : 1221,
    "order" : 0
  }, {
    "%ID" : 282,
    "%TYPE" : "de.tudarmstadt.ukp.dkpro.core.api.segmentation.type.Token",
    "@sofa" : 2,
    "begin" : 1222,
    "end" : 1231,
    "order" : 0
  }, {
    "%ID" : 283,
    "%TYPE" : "de.tudarmstadt.ukp.dkpro.core.api.segmentation.type.Token",
    "@sofa" : 2,
    "begin" : 1232,
    "end" : 1234,
    "order" : 0
  }, {
    "%ID" : 284,
    "%TYPE" : "de.tudarmstadt.ukp.dkpro.core.api.segmentation.type.Token",
    "@sofa" : 2,
    "begin" : 1235,
    "end" : 1238,
    "order" : 0
  }, {
    "%ID" : 285,
    "%TYPE" : "de.tudarmstadt.ukp.dkpro.core.api.segmentation.type.Token",
    "@sofa" : 2,
    "begin" : 1239,
    "end" : 1246,
    "order" : 0
  }, {
    "%ID" : 286,
    "%TYPE" : "de.tudarmstadt.ukp.dkpro.core.api.segmentation.type.Token",
    "@sofa" : 2,
    "begin" : 1247,
    "end" : 1253,
    "order" : 0
  }, {
    "%ID" : 287,
    "%TYPE" : "de.tudarmstadt.ukp.dkpro.core.api.segmentation.type.Token",
    "@sofa" : 2,
    "begin" : 1254,
    "end" : 1256,
    "order" : 0
  }, {
    "%ID" : 288,
    "%TYPE" : "de.tudarmstadt.ukp.dkpro.core.api.segmentation.type.Token",
    "@sofa" : 2,
    "begin" : 1257,
    "end" : 1265,
    "order" : 0
  }, {
    "%ID" : 289,
    "%TYPE" : "de.tudarmstadt.ukp.dkpro.core.api.segmentation.type.Token",
    "@sofa" : 2,
    "begin" : 1266,
    "end" : 1269,
    "order" : 0
  }, {
    "%ID" : 290,
    "%TYPE" : "de.tudarmstadt.ukp.dkpro.core.api.segmentation.type.Token",
    "@sofa" : 2,
    "begin" : 1270,
    "end" : 1284,
    "order" : 0
  }, {
    "%ID" : 291,
    "%TYPE" : "de.tudarmstadt.ukp.dkpro.core.api.segmentation.type.Token",
    "@sofa" : 2,
    "begin" : 1284,
    "end" : 1285,
    "order" : 0
  }, {
    "%ID" : 292,
    "%TYPE" : "de.tudarmstadt.ukp.dkpro.core.api.segmentation.type.Token",
    "@sofa" : 2,
    "begin" : 1286,
    "end" : 1287,
    "order" : 0
  }, {
    "%ID" : 293,
    "%TYPE" : "de.tudarmstadt.ukp.dkpro.core.api.segmentation.type.Token",
    "@sofa" : 2,
    "begin" : 1288,
    "end" : 1293,
    "order" : 0
  }, {
    "%ID" : 294,
    "%TYPE" : "de.tudarmstadt.ukp.dkpro.core.api.segmentation.type.Token",
    "@sofa" : 2,
    "begin" : 1294,
    "end" : 1299,
    "order" : 0
  }, {
    "%ID" : 295,
    "%TYPE" : "de.tudarmstadt.ukp.dkpro.core.api.segmentation.type.Token",
    "@sofa" : 2,
    "begin" : 1300,
    "end" : 1304,
    "order" : 0
  }, {
    "%ID" : 296,
    "%TYPE" : "de.tudarmstadt.ukp.dkpro.core.api.segmentation.type.Token",
    "@sofa" : 2,
    "begin" : 1305,
    "end" : 1307,
    "order" : 0
  }, {
    "%ID" : 297,
    "%TYPE" : "de.tudarmstadt.ukp.dkpro.core.api.segmentation.type.Token",
    "@sofa" : 2,
    "begin" : 1308,
    "end" : 1310,
    "order" : 0
  }, {
    "%ID" : 298,
    "%TYPE" : "de.tudarmstadt.ukp.dkpro.core.api.segmentation.type.Token",
    "@sofa" : 2,
    "begin" : 1311,
    "end" : 1317,
    "order" : 0
  }, {
    "%ID" : 299,
    "%TYPE" : "de.tudarmstadt.ukp.dkpro.core.api.segmentation.type.Token",
    "@sofa" : 2,
    "begin" : 1318,
    "end" : 1329,
    "order" : 0
  }, {
    "%ID" : 300,
    "%TYPE" : "de.tudarmstadt.ukp.dkpro.core.api.segmentation.type.Token",
    "@sofa" : 2,
    "begin" : 1330,
    "end" : 1337,
    "order" : 0
  }, {
    "%ID" : 301,
    "%TYPE" : "de.tudarmstadt.ukp.dkpro.core.api.segmentation.type.Token",
    "@sofa" : 2,
    "begin" : 1338,
    "end" : 1342,
    "order" : 0
  }, {
    "%ID" : 302,
    "%TYPE" : "de.tudarmstadt.ukp.dkpro.core.api.segmentation.type.Token",
    "@sofa" : 2,
    "begin" : 1343,
    "end" : 1348,
    "order" : 0
  }, {
    "%ID" : 303,
    "%TYPE" : "de.tudarmstadt.ukp.dkpro.core.api.segmentation.type.Token",
    "@sofa" : 2,
    "begin" : 1349,
    "end" : 1355,
    "order" : 0
  }, {
    "%ID" : 304,
    "%TYPE" : "de.tudarmstadt.ukp.dkpro.core.api.segmentation.type.Token",
    "@sofa" : 2,
    "begin" : 1356,
    "end" : 1359,
    "order" : 0
  }, {
    "%ID" : 305,
    "%TYPE" : "de.tudarmstadt.ukp.dkpro.core.api.segmentation.type.Token",
    "@sofa" : 2,
    "begin" : 1360,
    "end" : 1366,
    "order" : 0
  }, {
    "%ID" : 306,
    "%TYPE" : "de.tudarmstadt.ukp.dkpro.core.api.segmentation.type.Token",
    "@sofa" : 2,
    "begin" : 1367,
    "end" : 1369,
    "order" : 0
  }, {
    "%ID" : 307,
    "%TYPE" : "de.tudarmstadt.ukp.dkpro.core.api.segmentation.type.Token",
    "@sofa" : 2,
    "begin" : 1370,
    "end" : 1374,
    "order" : 0
  }, {
    "%ID" : 308,
    "%TYPE" : "de.tudarmstadt.ukp.dkpro.core.api.segmentation.type.Token",
    "@sofa" : 2,
    "begin" : 1375,
    "end" : 1379,
    "order" : 0
  }, {
    "%ID" : 309,
    "%TYPE" : "de.tudarmstadt.ukp.dkpro.core.api.segmentation.type.Token",
    "@sofa" : 2,
    "begin" : 1380,
    "end" : 1384,
    "order" : 0
  }, {
    "%ID" : 310,
    "%TYPE" : "de.tudarmstadt.ukp.dkpro.core.api.segmentation.type.Token",
    "@sofa" : 2,
    "begin" : 1385,
    "end" : 1388,
    "order" : 0
  }, {
    "%ID" : 311,
    "%TYPE" : "de.tudarmstadt.ukp.dkpro.core.api.segmentation.type.Token",
    "@sofa" : 2,
    "begin" : 1389,
    "end" : 1397,
    "order" : 0
  }, {
    "%ID" : 312,
    "%TYPE" : "de.tudarmstadt.ukp.dkpro.core.api.segmentation.type.Token",
    "@sofa" : 2,
    "begin" : 1398,
    "end" : 1402,
    "order" : 0
  }, {
    "%ID" : 313,
    "%TYPE" : "de.tudarmstadt.ukp.dkpro.core.api.segmentation.type.Token",
    "@sofa" : 2,
    "begin" : 1403,
    "end" : 1406,
    "order" : 0
  }, {
    "%ID" : 314,
    "%TYPE" : "de.tudarmstadt.ukp.dkpro.core.api.segmentation.type.Token",
    "@sofa" : 2,
    "begin" : 1407,
    "end" : 1412,
    "order" : 0
  }, {
    "%ID" : 315,
    "%TYPE" : "de.tudarmstadt.ukp.dkpro.core.api.segmentation.type.Token",
    "@sofa" : 2,
    "begin" : 1413,
    "end" : 1416,
    "order" : 0
  }, {
    "%ID" : 316,
    "%TYPE" : "de.tudarmstadt.ukp.dkpro.core.api.segmentation.type.Token",
    "@sofa" : 2,
    "begin" : 1417,
    "end" : 1421,
    "order" : 0
  }, {
    "%ID" : 317,
    "%TYPE" : "de.tudarmstadt.ukp.dkpro.core.api.segmentation.type.Token",
    "@sofa" : 2,
    "begin" : 1422,
    "end" : 1428,
    "order" : 0
  }, {
    "%ID" : 318,
    "%TYPE" : "de.tudarmstadt.ukp.dkpro.core.api.segmentation.type.Token",
    "@sofa" : 2,
    "begin" : 1429,
    "end" : 1435,
    "order" : 0
  }, {
    "%ID" : 319,
    "%TYPE" : "de.tudarmstadt.ukp.dkpro.core.api.segmentation.type.Token",
    "@sofa" : 2,
    "begin" : 1436,
    "end" : 1439,
    "order" : 0
  }, {
    "%ID" : 320,
    "%TYPE" : "de.tudarmstadt.ukp.dkpro.core.api.segmentation.type.Token",
    "@sofa" : 2,
    "begin" : 1440,
    "end" : 1443,
    "order" : 0
  }, {
    "%ID" : 321,
    "%TYPE" : "de.tudarmstadt.ukp.dkpro.core.api.segmentation.type.Token",
    "@sofa" : 2,
    "begin" : 1444,
    "end" : 1454,
    "order" : 0
  }, {
    "%ID" : 322,
    "%TYPE" : "de.tudarmstadt.ukp.dkpro.core.api.segmentation.type.Token",
    "@sofa" : 2,
    "begin" : 1455,
    "end" : 1459,
    "order" : 0
  }, {
    "%ID" : 323,
    "%TYPE" : "de.tudarmstadt.ukp.dkpro.core.api.segmentation.type.Token",
    "@sofa" : 2,
    "begin" : 1460,
    "end" : 1464,
    "order" : 0
  }, {
    "%ID" : 324,
    "%TYPE" : "de.tudarmstadt.ukp.dkpro.core.api.segmentation.type.Token",
    "@sofa" : 2,
    "begin" : 1465,
    "end" : 1468,
    "order" : 0
  }, {
    "%ID" : 325,
    "%TYPE" : "de.tudarmstadt.ukp.dkpro.core.api.segmentation.type.Token",
    "@sofa" : 2,
    "begin" : 1469,
    "end" : 1472,
    "order" : 0
  }, {
    "%ID" : 326,
    "%TYPE" : "de.tudarmstadt.ukp.dkpro.core.api.segmentation.type.Token",
    "@sofa" : 2,
    "begin" : 1473,
    "end" : 1481,
    "order" : 0
  }, {
    "%ID" : 327,
    "%TYPE" : "de.tudarmstadt.ukp.dkpro.core.api.segmentation.type.Token",
    "@sofa" : 2,
    "begin" : 1482,
    "end" : 1485,
    "order" : 0
  }, {
    "%ID" : 328,
    "%TYPE" : "de.tudarmstadt.ukp.dkpro.core.api.segmentation.type.Token",
    "@sofa" : 2,
    "begin" : 1486,
    "end" : 1490,
    "order" : 0
  }, {
    "%ID" : 329,
    "%TYPE" : "de.tudarmstadt.ukp.dkpro.core.api.segmentation.type.Token",
    "@sofa" : 2,
    "begin" : 1491,
    "end" : 1494,
    "order" : 0
  }, {
    "%ID" : 330,
    "%TYPE" : "de.tudarmstadt.ukp.dkpro.core.api.segmentation.type.Token",
    "@sofa" : 2,
    "begin" : 1495,
    "end" : 1498,
    "order" : 0
  }, {
    "%ID" : 331,
    "%TYPE" : "de.tudarmstadt.ukp.dkpro.core.api.segmentation.type.Token",
    "@sofa" : 2,
    "begin" : 1499,
    "end" : 1513,
    "order" : 0
  }, {
    "%ID" : 332,
    "%TYPE" : "de.tudarmstadt.ukp.dkpro.core.api.segmentation.type.Token",
    "@sofa" : 2,
    "begin" : 1513,
    "end" : 1514,
    "order" : 0
  }, {
    "%ID" : 333,
    "%TYPE" : "de.tudarmstadt.ukp.dkpro.core.api.segmentation.type.Token",
    "@sofa" : 2,
    "begin" : 1515,
    "end" : 1519,
    "order" : 0
  }, {
    "%ID" : 334,
    "%TYPE" : "de.tudarmstadt.ukp.dkpro.core.api.segmentation.type.Token",
    "@sofa" : 2,
    "begin" : 1520,
    "end" : 1523,
    "order" : 0
  }, {
    "%ID" : 335,
    "%TYPE" : "de.tudarmstadt.ukp.dkpro.core.api.segmentation.type.Token",
    "@sofa" : 2,
    "begin" : 1524,
    "end" : 1536,
    "order" : 0
  }, {
    "%ID" : 336,
    "%TYPE" : "de.tudarmstadt.ukp.dkpro.core.api.segmentation.type.Token",
    "@sofa" : 2,
    "begin" : 1537,
    "end" : 1543,
    "order" : 0
  }, {
    "%ID" : 337,
    "%TYPE" : "de.tudarmstadt.ukp.dkpro.core.api.segmentation.type.Token",
    "@sofa" : 2,
    "begin" : 1544,
    "end" : 1552,
    "order" : 0
  }, {
    "%ID" : 338,
    "%TYPE" : "de.tudarmstadt.ukp.dkpro.core.api.segmentation.type.Token",
    "@sofa" : 2,
    "begin" : 1553,
    "end" : 1560,
    "order" : 0
  }, {
    "%ID" : 339,
    "%TYPE" : "de.tudarmstadt.ukp.dkpro.core.api.segmentation.type.Token",
    "@sofa" : 2,
    "begin" : 1561,
    "end" : 1562,
    "order" : 0
  }, {
    "%ID" : 340,
    "%TYPE" : "de.tudarmstadt.ukp.dkpro.core.api.segmentation.type.Token",
    "@sofa" : 2,
    "begin" : 1563,
    "end" : 1575,
    "order" : 0
  }, {
    "%ID" : 341,
    "%TYPE" : "de.tudarmstadt.ukp.dkpro.core.api.segmentation.type.Token",
    "@sofa" : 2,
    "begin" : 1576,
    "end" : 1583,
    "order" : 0
  }, {
    "%ID" : 342,
    "%TYPE" : "de.tudarmstadt.ukp.dkpro.core.api.segmentation.type.Token",
    "@sofa" : 2,
    "begin" : 1583,
    "end" : 1584,
    "order" : 0
  }, {
    "%ID" : 343,
    "%TYPE" : "de.tudarmstadt.ukp.dkpro.core.api.segmentation.type.Token",
    "@sofa" : 2,
    "begin" : 1585,
    "end" : 1587,
    "order" : 0
  }, {
    "%ID" : 344,
    "%TYPE" : "de.tudarmstadt.ukp.dkpro.core.api.segmentation.type.Token",
    "@sofa" : 2,
    "begin" : 1588,
    "end" : 1590,
    "order" : 0
  }, {
    "%ID" : 345,
    "%TYPE" : "de.tudarmstadt.ukp.dkpro.core.api.segmentation.type.Token",
    "@sofa" : 2,
    "begin" : 1591,
    "end" : 1598,
    "order" : 0
  }, {
    "%ID" : 346,
    "%TYPE" : "de.tudarmstadt.ukp.dkpro.core.api.segmentation.type.Token",
    "@sofa" : 2,
    "begin" : 1599,
    "end" : 1600,
    "order" : 0
  }, {
    "%ID" : 347,
    "%TYPE" : "de.tudarmstadt.ukp.dkpro.core.api.segmentation.type.Token",
    "@sofa" : 2,
    "begin" : 1601,
    "end" : 1604,
    "order" : 0
  }, {
    "%ID" : 348,
    "%TYPE" : "de.tudarmstadt.ukp.dkpro.core.api.segmentation.type.Token",
    "@sofa" : 2,
    "begin" : 1605,
    "end" : 1613,
    "order" : 0
  }, {
    "%ID" : 349,
    "%TYPE" : "de.tudarmstadt.ukp.dkpro.core.api.segmentation.type.Token",
    "@sofa" : 2,
    "begin" : 1614,
    "end" : 1617,
    "order" : 0
  }, {
    "%ID" : 350,
    "%TYPE" : "de.tudarmstadt.ukp.dkpro.core.api.segmentation.type.Token",
    "@sofa" : 2,
    "begin" : 1618,
    "end" : 1631,
    "order" : 0
  }, {
    "%ID" : 351,
    "%TYPE" : "de.tudarmstadt.ukp.dkpro.core.api.segmentation.type.Token",
    "@sofa" : 2,
    "begin" : 1631,
    "end" : 1632,
    "order" : 0
  }, {
    "%ID" : 352,
    "%TYPE" : "de.tudarmstadt.ukp.dkpro.core.api.segmentation.type.Token",
    "@sofa" : 2,
    "begin" : 1633,
    "end" : 1644,
    "order" : 0
  }, {
    "%ID" : 353,
    "%TYPE" : "de.tudarmstadt.ukp.dkpro.core.api.segmentation.type.Token",
    "@sofa" : 2,
    "begin" : 1645,
    "end" : 1653,
    "order" : 0
  }, {
    "%ID" : 354,
    "%TYPE" : "de.tudarmstadt.ukp.dkpro.core.api.segmentation.type.Token",
    "@sofa" : 2,
    "begin" : 1654,
    "end" : 1664,
    "order" : 0
  }, {
    "%ID" : 355,
    "%TYPE" : "de.tudarmstadt.ukp.dkpro.core.api.segmentation.type.Token",
    "@sofa" : 2,
    "begin" : 1665,
    "end" : 1671,
    "order" : 0
  }, {
    "%ID" : 356,
    "%TYPE" : "de.tudarmstadt.ukp.dkpro.core.api.segmentation.type.Token",
    "@sofa" : 2,
    "begin" : 1672,
    "end" : 1673,
    "order" : 0
  }, {
    "%ID" : 357,
    "%TYPE" : "de.tudarmstadt.ukp.dkpro.core.api.segmentation.type.Token",
    "@sofa" : 2,
    "begin" : 1674,
    "end" : 1685,
    "order" : 0
  }, {
    "%ID" : 358,
    "%TYPE" : "de.tudarmstadt.ukp.dkpro.core.api.segmentation.type.Token",
    "@sofa" : 2,
    "begin" : 1686,
    "end" : 1692,
    "order" : 0
  }, {
    "%ID" : 359,
    "%TYPE" : "de.tudarmstadt.ukp.dkpro.core.api.segmentation.type.Token",
    "@sofa" : 2,
    "begin" : 1693,
    "end" : 1695,
    "order" : 0
  }, {
    "%ID" : 360,
    "%TYPE" : "de.tudarmstadt.ukp.dkpro.core.api.segmentation.type.Token",
    "@sofa" : 2,
    "begin" : 1696,
    "end" : 1703,
    "order" : 0
  }, {
    "%ID" : 361,
    "%TYPE" : "de.tudarmstadt.ukp.dkpro.core.api.segmentation.type.Token",
    "@sofa" : 2,
    "begin" : 1704,
    "end" : 1713,
    "order" : 0
  }, {
    "%ID" : 362,
    "%TYPE" : "de.tudarmstadt.ukp.dkpro.core.api.segmentation.type.Token",
    "@sofa" : 2,
    "begin" : 1714,
    "end" : 1720,
    "order" : 0
  }, {
    "%ID" : 363,
    "%TYPE" : "de.tudarmstadt.ukp.dkpro.core.api.segmentation.type.Token",
    "@sofa" : 2,
    "begin" : 1720,
    "end" : 1721,
    "order" : 0
  }, {
    "%ID" : 364,
    "%TYPE" : "de.tudarmstadt.ukp.dkpro.core.api.segmentation.type.Token",
    "@sofa" : 2,
    "begin" : 1722,
    "end" : 1726,
    "order" : 0
  }, {
    "%ID" : 365,
    "%TYPE" : "de.tudarmstadt.ukp.dkpro.core.api.segmentation.type.Token",
    "@sofa" : 2,
    "begin" : 1727,
    "end" : 1730,
    "order" : 0
  }, {
    "%ID" : 366,
    "%TYPE" : "de.tudarmstadt.ukp.dkpro.core.api.segmentation.type.Token",
    "@sofa" : 2,
    "begin" : 1731,
    "end" : 1734,
    "order" : 0
  }, {
    "%ID" : 367,
    "%TYPE" : "de.tudarmstadt.ukp.dkpro.core.api.segmentation.type.Token",
    "@sofa" : 2,
    "begin" : 1735,
    "end" : 1749,
    "order" : 0
  }, {
    "%ID" : 368,
    "%TYPE" : "de.tudarmstadt.ukp.dkpro.core.api.segmentation.type.Token",
    "@sofa" : 2,
    "begin" : 1749,
    "end" : 1750,
    "order" : 0
  }, {
    "%ID" : 369,
    "%TYPE" : "de.tudarmstadt.ukp.dkpro.core.api.segmentation.type.Token",
    "@sofa" : 2,
    "begin" : 1751,
    "end" : 1755,
    "order" : 0
  }, {
    "%ID" : 370,
    "%TYPE" : "de.tudarmstadt.ukp.dkpro.core.api.segmentation.type.Token",
    "@sofa" : 2,
    "begin" : 1756,
    "end" : 1759,
    "order" : 0
  }, {
    "%ID" : 371,
    "%TYPE" : "de.tudarmstadt.ukp.dkpro.core.api.segmentation.type.Token",
    "@sofa" : 2,
    "begin" : 1760,
    "end" : 1763,
    "order" : 0
  }, {
    "%ID" : 372,
    "%TYPE" : "de.tudarmstadt.ukp.dkpro.core.api.segmentation.type.Token",
    "@sofa" : 2,
    "begin" : 1764,
    "end" : 1772,
    "order" : 0
  }, {
    "%ID" : 373,
    "%TYPE" : "de.tudarmstadt.ukp.dkpro.core.api.segmentation.type.Token",
    "@sofa" : 2,
    "begin" : 1772,
    "end" : 1773,
    "order" : 0
  }, {
    "%ID" : 374,
    "%TYPE" : "de.tudarmstadt.ukp.dkpro.core.api.segmentation.type.Token",
    "@sofa" : 2,
    "begin" : 1774,
    "end" : 1778,
    "order" : 0
  }, {
    "%ID" : 375,
    "%TYPE" : "de.tudarmstadt.ukp.dkpro.core.api.segmentation.type.Token",
    "@sofa" : 2,
    "begin" : 1779,
    "end" : 1782,
    "order" : 0
  }, {
    "%ID" : 376,
    "%TYPE" : "de.tudarmstadt.ukp.dkpro.core.api.segmentation.type.Token",
    "@sofa" : 2,
    "begin" : 1783,
    "end" : 1791,
    "order" : 0
  }, {
    "%ID" : 377,
    "%TYPE" : "de.tudarmstadt.ukp.dkpro.core.api.segmentation.type.Token",
    "@sofa" : 2,
    "begin" : 1792,
    "end" : 1802,
    "order" : 0
  }, {
    "%ID" : 378,
    "%TYPE" : "de.tudarmstadt.ukp.dkpro.core.api.segmentation.type.Token",
    "@sofa" : 2,
    "begin" : 1802,
    "end" : 1803,
    "order" : 0
  }, {
    "%ID" : 379,
    "%TYPE" : "de.tudarmstadt.ukp.dkpro.core.api.segmentation.type.Token",
    "@sofa" : 2,
    "begin" : 1805,
    "end" : 1812,
    "order" : 0
  }, {
    "%ID" : 380,
    "%TYPE" : "de.tudarmstadt.ukp.dkpro.core.api.segmentation.type.Token",
    "@sofa" : 2,
    "begin" : 1812,
    "end" : 1813,
    "order" : 0
  }, {
    "%ID" : 381,
    "%TYPE" : "de.tudarmstadt.ukp.dkpro.core.api.segmentation.type.Token",
    "@sofa" : 2,
    "begin" : 1814,
    "end" : 1817,
    "order" : 0
  }, {
    "%ID" : 382,
    "%TYPE" : "de.tudarmstadt.ukp.dkpro.core.api.segmentation.type.Token",
    "@sofa" : 2,
    "begin" : 1818,
    "end" : 1829,
    "order" : 0
  }, {
    "%ID" : 383,
    "%TYPE" : "de.tudarmstadt.ukp.dkpro.core.api.segmentation.type.Token",
    "@sofa" : 2,
    "begin" : 1830,
    "end" : 1832,
    "order" : 0
  }, {
    "%ID" : 384,
    "%TYPE" : "de.tudarmstadt.ukp.dkpro.core.api.segmentation.type.Token",
    "@sofa" : 2,
    "begin" : 1833,
    "end" : 1836,
    "order" : 0
  }, {
    "%ID" : 385,
    "%TYPE" : "de.tudarmstadt.ukp.dkpro.core.api.segmentation.type.Token",
    "@sofa" : 2,
    "begin" : 1837,
    "end" : 1844,
    "order" : 0
  }, {
    "%ID" : 386,
    "%TYPE" : "de.tudarmstadt.ukp.dkpro.core.api.segmentation.type.Token",
    "@sofa" : 2,
    "begin" : 1845,
    "end" : 1855,
    "order" : 0
  }, {
    "%ID" : 387,
    "%TYPE" : "de.tudarmstadt.ukp.dkpro.core.api.segmentation.type.Token",
    "@sofa" : 2,
    "begin" : 1856,
    "end" : 1859,
    "order" : 0
  }, {
    "%ID" : 388,
    "%TYPE" : "de.tudarmstadt.ukp.dkpro.core.api.segmentation.type.Token",
    "@sofa" : 2,
    "begin" : 1860,
    "end" : 1864,
    "order" : 0
  }, {
    "%ID" : 389,
    "%TYPE" : "de.tudarmstadt.ukp.dkpro.core.api.segmentation.type.Token",
    "@sofa" : 2,
    "begin" : 1865,
    "end" : 1872,
    "order" : 0
  }, {
    "%ID" : 390,
    "%TYPE" : "de.tudarmstadt.ukp.dkpro.core.api.segmentation.type.Token",
    "@sofa" : 2,
    "begin" : 1873,
    "end" : 1883,
    "order" : 0
  }, {
    "%ID" : 391,
    "%TYPE" : "de.tudarmstadt.ukp.dkpro.core.api.segmentation.type.Token",
    "@sofa" : 2,
    "begin" : 1883,
    "end" : 1884,
    "order" : 0
  }, {
    "%ID" : 392,
    "%TYPE" : "de.tudarmstadt.ukp.dkpro.core.api.segmentation.type.Token",
    "@sofa" : 2,
    "begin" : 1885,
    "end" : 1889,
    "order" : 0
  }, {
    "%ID" : 393,
    "%TYPE" : "de.tudarmstadt.ukp.dkpro.core.api.segmentation.type.Token",
    "@sofa" : 2,
    "begin" : 1890,
    "end" : 1894,
    "order" : 0
  }, {
    "%ID" : 394,
    "%TYPE" : "de.tudarmstadt.ukp.dkpro.core.api.segmentation.type.Token",
    "@sofa" : 2,
    "begin" : 1894,
    "end" : 1895,
    "order" : 0
  }, {
    "%ID" : 395,
    "%TYPE" : "de.tudarmstadt.ukp.dkpro.core.api.segmentation.type.Token",
    "@sofa" : 2,
    "begin" : 1896,
    "end" : 1898,
    "order" : 0
  }, {
    "%ID" : 396,
    "%TYPE" : "de.tudarmstadt.ukp.dkpro.core.api.segmentation.type.Token",
    "@sofa" : 2,
    "begin" : 1899,
    "end" : 1905,
    "order" : 0
  }, {
    "%ID" : 397,
    "%TYPE" : "de.tudarmstadt.ukp.dkpro.core.api.segmentation.type.Token",
    "@sofa" : 2,
    "begin" : 1906,
    "end" : 1911,
    "order" : 0
  }, {
    "%ID" : 398,
    "%TYPE" : "de.tudarmstadt.ukp.dkpro.core.api.segmentation.type.Token",
    "@sofa" : 2,
    "begin" : 1912,
    "end" : 1915,
    "order" : 0
  }, {
    "%ID" : 399,
    "%TYPE" : "de.tudarmstadt.ukp.dkpro.core.api.segmentation.type.Token",
    "@sofa" : 2,
    "begin" : 1916,
    "end" : 1923,
    "order" : 0
  }, {
    "%ID" : 400,
    "%TYPE" : "de.tudarmstadt.ukp.dkpro.core.api.segmentation.type.Token",
    "@sofa" : 2,
    "begin" : 1924,
    "end" : 1926,
    "order" : 0
  }, {
    "%ID" : 401,
    "%TYPE" : "de.tudarmstadt.ukp.dkpro.core.api.segmentation.type.Token",
    "@sofa" : 2,
    "begin" : 1927,
    "end" : 1931,
    "order" : 0
  }, {
    "%ID" : 402,
    "%TYPE" : "de.tudarmstadt.ukp.dkpro.core.api.segmentation.type.Token",
    "@sofa" : 2,
    "begin" : 1932,
    "end" : 1937,
    "order" : 0
  }, {
    "%ID" : 403,
    "%TYPE" : "de.tudarmstadt.ukp.dkpro.core.api.segmentation.type.Token",
    "@sofa" : 2,
    "begin" : 1938,
    "end" : 1941,
    "order" : 0
  }, {
    "%ID" : 404,
    "%TYPE" : "de.tudarmstadt.ukp.dkpro.core.api.segmentation.type.Token",
    "@sofa" : 2,
    "begin" : 1942,
    "end" : 1944,
    "order" : 0
  }, {
    "%ID" : 405,
    "%TYPE" : "de.tudarmstadt.ukp.dkpro.core.api.segmentation.type.Token",
    "@sofa" : 2,
    "begin" : 1945,
    "end" : 1956,
    "order" : 0
  }, {
    "%ID" : 406,
    "%TYPE" : "de.tudarmstadt.ukp.dkpro.core.api.segmentation.type.Token",
    "@sofa" : 2,
    "begin" : 1957,
    "end" : 1960,
    "order" : 0
  }, {
    "%ID" : 407,
    "%TYPE" : "de.tudarmstadt.ukp.dkpro.core.api.segmentation.type.Token",
    "@sofa" : 2,
    "begin" : 1961,
    "end" : 1970,
    "order" : 0
  }, {
    "%ID" : 408,
    "%TYPE" : "de.tudarmstadt.ukp.dkpro.core.api.segmentation.type.Token",
    "@sofa" : 2,
    "begin" : 1970,
    "end" : 1971,
    "order" : 0
  }, {
    "%ID" : 409,
    "%TYPE" : "de.tudarmstadt.ukp.dkpro.core.api.segmentation.type.Token",
    "@sofa" : 2,
    "begin" : 1972,
    "end" : 1976,
    "order" : 0
  }, {
    "%ID" : 410,
    "%TYPE" : "de.tudarmstadt.ukp.dkpro.core.api.segmentation.type.Token",
    "@sofa" : 2,
    "begin" : 1977,
    "end" : 1981,
    "order" : 0
  }, {
    "%ID" : 411,
    "%TYPE" : "de.tudarmstadt.ukp.dkpro.core.api.segmentation.type.Token",
    "@sofa" : 2,
    "begin" : 1982,
    "end" : 1989,
    "order" : 0
  }, {
    "%ID" : 412,
    "%TYPE" : "de.tudarmstadt.ukp.dkpro.core.api.segmentation.type.Token",
    "@sofa" : 2,
    "begin" : 1990,
    "end" : 1994,
    "order" : 0
  }, {
    "%ID" : 413,
    "%TYPE" : "de.tudarmstadt.ukp.dkpro.core.api.segmentation.type.Token",
    "@sofa" : 2,
    "begin" : 1995,
    "end" : 1998,
    "order" : 0
  }, {
    "%ID" : 414,
    "%TYPE" : "de.tudarmstadt.ukp.dkpro.core.api.segmentation.type.Token",
    "@sofa" : 2,
    "begin" : 1999,
    "end" : 2006,
    "order" : 0
  }, {
    "%ID" : 415,
    "%TYPE" : "de.tudarmstadt.ukp.dkpro.core.api.segmentation.type.Token",
    "@sofa" : 2,
    "begin" : 2007,
    "end" : 2017,
    "order" : 0
  }, {
    "%ID" : 416,
    "%TYPE" : "de.tudarmstadt.ukp.dkpro.core.api.segmentation.type.Token",
    "@sofa" : 2,
    "begin" : 2018,
    "end" : 2022,
    "order" : 0
  }, {
    "%ID" : 417,
    "%TYPE" : "de.tudarmstadt.ukp.dkpro.core.api.segmentation.type.Token",
    "@sofa" : 2,
    "begin" : 2023,
    "end" : 2027,
    "order" : 0
  }, {
    "%ID" : 418,
    "%TYPE" : "de.tudarmstadt.ukp.dkpro.core.api.segmentation.type.Token",
    "@sofa" : 2,
    "begin" : 2028,
    "end" : 2031,
    "order" : 0
  }, {
    "%ID" : 419,
    "%TYPE" : "de.tudarmstadt.ukp.dkpro.core.api.segmentation.type.Token",
    "@sofa" : 2,
    "begin" : 2032,
    "end" : 2038,
    "order" : 0
  }, {
    "%ID" : 420,
    "%TYPE" : "de.tudarmstadt.ukp.dkpro.core.api.segmentation.type.Token",
    "@sofa" : 2,
    "begin" : 2038,
    "end" : 2039,
    "order" : 0
  }, {
    "%ID" : 421,
    "%TYPE" : "de.tudarmstadt.ukp.dkpro.core.api.segmentation.type.Token",
    "@sofa" : 2,
    "begin" : 2040,
    "end" : 2045,
    "order" : 0
  }, {
    "%ID" : 422,
    "%TYPE" : "de.tudarmstadt.ukp.dkpro.core.api.segmentation.type.Token",
    "@sofa" : 2,
    "begin" : 2046,
    "end" : 2049,
    "order" : 0
  }, {
    "%ID" : 423,
    "%TYPE" : "de.tudarmstadt.ukp.dkpro.core.api.segmentation.type.Token",
    "@sofa" : 2,
    "begin" : 2050,
    "end" : 2059,
    "order" : 0
  }, {
    "%ID" : 424,
    "%TYPE" : "de.tudarmstadt.ukp.dkpro.core.api.segmentation.type.Token",
    "@sofa" : 2,
    "begin" : 2060,
    "end" : 2069,
    "order" : 0
  }, {
    "%ID" : 425,
    "%TYPE" : "de.tudarmstadt.ukp.dkpro.core.api.segmentation.type.Token",
    "@sofa" : 2,
    "begin" : 2070,
    "end" : 2073,
    "order" : 0
  }, {
    "%ID" : 426,
    "%TYPE" : "de.tudarmstadt.ukp.dkpro.core.api.segmentation.type.Token",
    "@sofa" : 2,
    "begin" : 2074,
    "end" : 2080,
    "order" : 0
  }, {
    "%ID" : 427,
    "%TYPE" : "de.tudarmstadt.ukp.dkpro.core.api.segmentation.type.Token",
    "@sofa" : 2,
    "begin" : 2081,
    "end" : 2083,
    "order" : 0
  }, {
    "%ID" : 428,
    "%TYPE" : "de.tudarmstadt.ukp.dkpro.core.api.segmentation.type.Token",
    "@sofa" : 2,
    "begin" : 2084,
    "end" : 2087,
    "order" : 0
  }, {
    "%ID" : 429,
    "%TYPE" : "de.tudarmstadt.ukp.dkpro.core.api.segmentation.type.Token",
    "@sofa" : 2,
    "begin" : 2088,
    "end" : 2095,
    "order" : 0
  }, {
    "%ID" : 430,
    "%TYPE" : "de.tudarmstadt.ukp.dkpro.core.api.segmentation.type.Token",
    "@sofa" : 2,
    "begin" : 2096,
    "end" : 2105,
    "order" : 0
  }, {
    "%ID" : 431,
    "%TYPE" : "de.tudarmstadt.ukp.dkpro.core.api.segmentation.type.Token",
    "@sofa" : 2,
    "begin" : 2106,
    "end" : 2112,
    "order" : 0
  }, {
    "%ID" : 432,
    "%TYPE" : "de.tudarmstadt.ukp.dkpro.core.api.segmentation.type.Token",
    "@sofa" : 2,
    "begin" : 2112,
    "end" : 2113,
    "order" : 0
  }, {
    "%ID" : 433,
    "%TYPE" : "de.tudarmstadt.ukp.dkpro.core.api.segmentation.type.Token",
    "@sofa" : 2,
    "begin" : 2114,
    "end" : 2116,
    "order" : 0
  }, {
    "%ID" : 434,
    "%TYPE" : "de.tudarmstadt.ukp.dkpro.core.api.segmentation.type.Token",
    "@sofa" : 2,
    "begin" : 2117,
    "end" : 2121,
    "order" : 0
  }, {
    "%ID" : 435,
    "%TYPE" : "de.tudarmstadt.ukp.dkpro.core.api.segmentation.type.Token",
    "@sofa" : 2,
    "begin" : 2122,
    "end" : 2129,
    "order" : 0
  }, {
    "%ID" : 436,
    "%TYPE" : "de.tudarmstadt.ukp.dkpro.core.api.segmentation.type.Token",
    "@sofa" : 2,
    "begin" : 2130,
    "end" : 2134,
    "order" : 0
  }, {
    "%ID" : 437,
    "%TYPE" : "de.tudarmstadt.ukp.dkpro.core.api.segmentation.type.Token",
    "@sofa" : 2,
    "begin" : 2135,
    "end" : 2138,
    "order" : 0
  }, {
    "%ID" : 438,
    "%TYPE" : "de.tudarmstadt.ukp.dkpro.core.api.segmentation.type.Token",
    "@sofa" : 2,
    "begin" : 2139,
    "end" : 2146,
    "order" : 0
  }, {
    "%ID" : 439,
    "%TYPE" : "de.tudarmstadt.ukp.dkpro.core.api.segmentation.type.Token",
    "@sofa" : 2,
    "begin" : 2147,
    "end" : 2157,
    "order" : 0
  }, {
    "%ID" : 440,
    "%TYPE" : "de.tudarmstadt.ukp.dkpro.core.api.segmentation.type.Token",
    "@sofa" : 2,
    "begin" : 2158,
    "end" : 2162,
    "order" : 0
  }, {
    "%ID" : 441,
    "%TYPE" : "de.tudarmstadt.ukp.dkpro.core.api.segmentation.type.Token",
    "@sofa" : 2,
    "begin" : 2163,
    "end" : 2165,
    "order" : 0
  }, {
    "%ID" : 442,
    "%TYPE" : "de.tudarmstadt.ukp.dkpro.core.api.segmentation.type.Token",
    "@sofa" : 2,
    "begin" : 2166,
    "end" : 2177,
    "order" : 0
  }, {
    "%ID" : 443,
    "%TYPE" : "de.tudarmstadt.ukp.dkpro.core.api.segmentation.type.Token",
    "@sofa" : 2,
    "begin" : 2178,
    "end" : 2181,
    "order" : 0
  }, {
    "%ID" : 444,
    "%TYPE" : "de.tudarmstadt.ukp.dkpro.core.api.segmentation.type.Token",
    "@sofa" : 2,
    "begin" : 2182,
    "end" : 2191,
    "order" : 0
  }, {
    "%ID" : 445,
    "%TYPE" : "de.tudarmstadt.ukp.dkpro.core.api.segmentation.type.Token",
    "@sofa" : 2,
    "begin" : 2192,
    "end" : 2194,
    "order" : 0
  }, {
    "%ID" : 446,
    "%TYPE" : "de.tudarmstadt.ukp.dkpro.core.api.segmentation.type.Token",
    "@sofa" : 2,
    "begin" : 2195,
    "end" : 2198,
    "order" : 0
  }, {
    "%ID" : 447,
    "%TYPE" : "de.tudarmstadt.ukp.dkpro.core.api.segmentation.type.Token",
    "@sofa" : 2,
    "begin" : 2199,
    "end" : 2204,
    "order" : 0
  }, {
    "%ID" : 448,
    "%TYPE" : "de.tudarmstadt.ukp.dkpro.core.api.segmentation.type.Token",
    "@sofa" : 2,
    "begin" : 2205,
    "end" : 2207,
    "order" : 0
  }, {
    "%ID" : 449,
    "%TYPE" : "de.tudarmstadt.ukp.dkpro.core.api.segmentation.type.Token",
    "@sofa" : 2,
    "begin" : 2208,
    "end" : 2211,
    "order" : 0
  }, {
    "%ID" : 450,
    "%TYPE" : "de.tudarmstadt.ukp.dkpro.core.api.segmentation.type.Token",
    "@sofa" : 2,
    "begin" : 2212,
    "end" : 2217,
    "order" : 0
  }, {
    "%ID" : 451,
    "%TYPE" : "de.tudarmstadt.ukp.dkpro.core.api.segmentation.type.Token",
    "@sofa" : 2,
    "begin" : 2218,
    "end" : 2226,
    "order" : 0
  }, {
    "%ID" : 452,
    "%TYPE" : "de.tudarmstadt.ukp.dkpro.core.api.segmentation.type.Token",
    "@sofa" : 2,
    "begin" : 2227,
    "end" : 2229,
    "order" : 0
  }, {
    "%ID" : 453,
    "%TYPE" : "de.tudarmstadt.ukp.dkpro.core.api.segmentation.type.Token",
    "@sofa" : 2,
    "begin" : 2230,
    "end" : 2235,
    "order" : 0
  }, {
    "%ID" : 454,
    "%TYPE" : "de.tudarmstadt.ukp.dkpro.core.api.segmentation.type.Token",
    "@sofa" : 2,
    "begin" : 2236,
    "end" : 2245,
    "order" : 0
  }, {
    "%ID" : 455,
    "%TYPE" : "de.tudarmstadt.ukp.dkpro.core.api.segmentation.type.Token",
    "@sofa" : 2,
    "begin" : 2245,
    "end" : 2246,
    "order" : 0
  }, {
    "%ID" : 456,
    "%TYPE" : "de.tudarmstadt.ukp.dkpro.core.api.segmentation.type.Token",
    "@sofa" : 2,
    "begin" : 2247,
    "end" : 2249,
    "order" : 0
  }, {
    "%ID" : 457,
    "%TYPE" : "de.tudarmstadt.ukp.dkpro.core.api.segmentation.type.Token",
    "@sofa" : 2,
    "begin" : 2249,
    "end" : 2250,
    "order" : 0
  }, {
    "%ID" : 458,
    "%TYPE" : "de.tudarmstadt.ukp.dkpro.core.api.segmentation.type.Token",
    "@sofa" : 2,
    "begin" : 2251,
    "end" : 2253,
    "order" : 0
  }, {
    "%ID" : 459,
    "%TYPE" : "de.tudarmstadt.ukp.dkpro.core.api.segmentation.type.Token",
    "@sofa" : 2,
    "begin" : 2254,
    "end" : 2258,
    "order" : 0
  }, {
    "%ID" : 460,
    "%TYPE" : "de.tudarmstadt.ukp.dkpro.core.api.segmentation.type.Token",
    "@sofa" : 2,
    "begin" : 2258,
    "end" : 2259,
    "order" : 0
  }, {
    "%ID" : 461,
    "%TYPE" : "de.tudarmstadt.ukp.dkpro.core.api.segmentation.type.Token",
    "@sofa" : 2,
    "begin" : 2260,
    "end" : 2263,
    "order" : 0
  }, {
    "%ID" : 462,
    "%TYPE" : "de.tudarmstadt.ukp.dkpro.core.api.segmentation.type.Token",
    "@sofa" : 2,
    "begin" : 2264,
    "end" : 2271,
    "order" : 0
  }, {
    "%ID" : 463,
    "%TYPE" : "de.tudarmstadt.ukp.dkpro.core.api.segmentation.type.Token",
    "@sofa" : 2,
    "begin" : 2272,
    "end" : 2282,
    "order" : 0
  }, {
    "%ID" : 464,
    "%TYPE" : "de.tudarmstadt.ukp.dkpro.core.api.segmentation.type.Token",
    "@sofa" : 2,
    "begin" : 2283,
    "end" : 2285,
    "order" : 0
  }, {
    "%ID" : 465,
    "%TYPE" : "de.tudarmstadt.ukp.dkpro.core.api.segmentation.type.Token",
    "@sofa" : 2,
    "begin" : 2286,
    "end" : 2296,
    "order" : 0
  }, {
    "%ID" : 466,
    "%TYPE" : "de.tudarmstadt.ukp.dkpro.core.api.segmentation.type.Token",
    "@sofa" : 2,
    "begin" : 2297,
    "end" : 2299,
    "order" : 0
  }, {
    "%ID" : 467,
    "%TYPE" : "de.tudarmstadt.ukp.dkpro.core.api.segmentation.type.Token",
    "@sofa" : 2,
    "begin" : 2300,
    "end" : 2305,
    "order" : 0
  }, {
    "%ID" : 468,
    "%TYPE" : "de.tudarmstadt.ukp.dkpro.core.api.segmentation.type.Token",
    "@sofa" : 2,
    "begin" : 2306,
    "end" : 2309,
    "order" : 0
  }, {
    "%ID" : 469,
    "%TYPE" : "de.tudarmstadt.ukp.dkpro.core.api.segmentation.type.Token",
    "@sofa" : 2,
    "begin" : 2310,
    "end" : 2312,
    "order" : 0
  }, {
    "%ID" : 470,
    "%TYPE" : "de.tudarmstadt.ukp.dkpro.core.api.segmentation.type.Token",
    "@sofa" : 2,
    "begin" : 2313,
    "end" : 2322,
    "order" : 0
  }, {
    "%ID" : 471,
    "%TYPE" : "de.tudarmstadt.ukp.dkpro.core.api.segmentation.type.Token",
    "@sofa" : 2,
    "begin" : 2323,
    "end" : 2326,
    "order" : 0
  }, {
    "%ID" : 472,
    "%TYPE" : "de.tudarmstadt.ukp.dkpro.core.api.segmentation.type.Token",
    "@sofa" : 2,
    "begin" : 2327,
    "end" : 2331,
    "order" : 0
  }, {
    "%ID" : 473,
    "%TYPE" : "de.tudarmstadt.ukp.dkpro.core.api.segmentation.type.Token",
    "@sofa" : 2,
    "begin" : 2332,
    "end" : 2334,
    "order" : 0
  }, {
    "%ID" : 474,
    "%TYPE" : "de.tudarmstadt.ukp.dkpro.core.api.segmentation.type.Token",
    "@sofa" : 2,
    "begin" : 2335,
    "end" : 2337,
    "order" : 0
  }, {
    "%ID" : 475,
    "%TYPE" : "de.tudarmstadt.ukp.dkpro.core.api.segmentation.type.Token",
    "@sofa" : 2,
    "begin" : 2338,
    "end" : 2346,
    "order" : 0
  }, {
    "%ID" : 476,
    "%TYPE" : "de.tudarmstadt.ukp.dkpro.core.api.segmentation.type.Token",
    "@sofa" : 2,
    "begin" : 2347,
    "end" : 2349,
    "order" : 0
  }, {
    "%ID" : 477,
    "%TYPE" : "de.tudarmstadt.ukp.dkpro.core.api.segmentation.type.Token",
    "@sofa" : 2,
    "begin" : 2350,
    "end" : 2363,
    "order" : 0
  }, {
    "%ID" : 478,
    "%TYPE" : "de.tudarmstadt.ukp.dkpro.core.api.segmentation.type.Token",
    "@sofa" : 2,
    "begin" : 2364,
    "end" : 2369,
    "order" : 0
  }, {
    "%ID" : 479,
    "%TYPE" : "de.tudarmstadt.ukp.dkpro.core.api.segmentation.type.Token",
    "@sofa" : 2,
    "begin" : 2370,
    "end" : 2373,
    "order" : 0
  }, {
    "%ID" : 480,
    "%TYPE" : "de.tudarmstadt.ukp.dkpro.core.api.segmentation.type.Token",
    "@sofa" : 2,
    "begin" : 2374,
    "end" : 2382,
    "order" : 0
  }, {
    "%ID" : 481,
    "%TYPE" : "de.tudarmstadt.ukp.dkpro.core.api.segmentation.type.Token",
    "@sofa" : 2,
    "begin" : 2382,
    "end" : 2383,
    "order" : 0
  }, {
    "%ID" : 482,
    "%TYPE" : "de.tudarmstadt.ukp.dkpro.core.api.segmentation.type.Token",
    "@sofa" : 2,
    "begin" : 2384,
    "end" : 2388,
    "order" : 0
  }, {
    "%ID" : 483,
    "%TYPE" : "de.tudarmstadt.ukp.dkpro.core.api.segmentation.type.Token",
    "@sofa" : 2,
    "begin" : 2389,
    "end" : 2391,
    "order" : 0
  }, {
    "%ID" : 484,
    "%TYPE" : "de.tudarmstadt.ukp.dkpro.core.api.segmentation.type.Token",
    "@sofa" : 2,
    "begin" : 2392,
    "end" : 2396,
    "order" : 0
  }, {
    "%ID" : 485,
    "%TYPE" : "de.tudarmstadt.ukp.dkpro.core.api.segmentation.type.Token",
    "@sofa" : 2,
    "begin" : 2397,
    "end" : 2403,
    "order" : 0
  }, {
    "%ID" : 486,
    "%TYPE" : "de.tudarmstadt.ukp.dkpro.core.api.segmentation.type.Token",
    "@sofa" : 2,
    "begin" : 2404,
    "end" : 2411,
    "order" : 0
  }, {
    "%ID" : 487,
    "%TYPE" : "de.tudarmstadt.ukp.dkpro.core.api.segmentation.type.Token",
    "@sofa" : 2,
    "begin" : 2412,
    "end" : 2415,
    "order" : 0
  }, {
    "%ID" : 488,
    "%TYPE" : "de.tudarmstadt.ukp.dkpro.core.api.segmentation.type.Token",
    "@sofa" : 2,
    "begin" : 2416,
    "end" : 2420,
    "order" : 0
  }, {
    "%ID" : 489,
    "%TYPE" : "de.tudarmstadt.ukp.dkpro.core.api.segmentation.type.Token",
    "@sofa" : 2,
    "begin" : 2421,
    "end" : 2422,
    "order" : 0
  }, {
    "%ID" : 490,
    "%TYPE" : "de.tudarmstadt.ukp.dkpro.core.api.segmentation.type.Token",
    "@sofa" : 2,
    "begin" : 2423,
    "end" : 2429,
    "order" : 0
  }, {
    "%ID" : 491,
    "%TYPE" : "de.tudarmstadt.ukp.dkpro.core.api.segmentation.type.Token",
    "@sofa" : 2,
    "begin" : 2430,
    "end" : 2439,
    "order" : 0
  }, {
    "%ID" : 492,
    "%TYPE" : "de.tudarmstadt.ukp.dkpro.core.api.segmentation.type.Token",
    "@sofa" : 2,
    "begin" : 2440,
    "end" : 2446,
    "order" : 0
  }, {
    "%ID" : 493,
    "%TYPE" : "de.tudarmstadt.ukp.dkpro.core.api.segmentation.type.Token",
    "@sofa" : 2,
    "begin" : 2447,
    "end" : 2449,
    "order" : 0
  }, {
    "%ID" : 494,
    "%TYPE" : "de.tudarmstadt.ukp.dkpro.core.api.segmentation.type.Token",
    "@sofa" : 2,
    "begin" : 2450,
    "end" : 2460,
    "order" : 0
  }, {
    "%ID" : 495,
    "%TYPE" : "de.tudarmstadt.ukp.dkpro.core.api.segmentation.type.Token",
    "@sofa" : 2,
    "begin" : 2460,
    "end" : 2461,
    "order" : 0
  }, {
    "%ID" : 496,
    "%TYPE" : "de.tudarmstadt.ukp.dkpro.core.api.segmentation.type.Token",
    "@sofa" : 2,
    "begin" : 2462,
    "end" : 2469,
    "order" : 0
  }, {
    "%ID" : 497,
    "%TYPE" : "de.tudarmstadt.ukp.dkpro.core.api.segmentation.type.Token",
    "@sofa" : 2,
    "begin" : 2470,
    "end" : 2473,
    "order" : 0
  }, {
    "%ID" : 498,
    "%TYPE" : "de.tudarmstadt.ukp.dkpro.core.api.segmentation.type.Token",
    "@sofa" : 2,
    "begin" : 2474,
    "end" : 2486,
    "order" : 0
  }, {
    "%ID" : 499,
    "%TYPE" : "de.tudarmstadt.ukp.dkpro.core.api.segmentation.type.Token",
    "@sofa" : 2,
    "begin" : 2487,
    "end" : 2491,
    "order" : 0
  }, {
    "%ID" : 500,
    "%TYPE" : "de.tudarmstadt.ukp.dkpro.core.api.segmentation.type.Token",
    "@sofa" : 2,
    "begin" : 2492,
    "end" : 2494,
    "order" : 0
  }, {
    "%ID" : 501,
    "%TYPE" : "de.tudarmstadt.ukp.dkpro.core.api.segmentation.type.Token",
    "@sofa" : 2,
    "begin" : 2495,
    "end" : 2498,
    "order" : 0
  }, {
    "%ID" : 502,
    "%TYPE" : "de.tudarmstadt.ukp.dkpro.core.api.segmentation.type.Token",
    "@sofa" : 2,
    "begin" : 2499,
    "end" : 2501,
    "order" : 0
  }, {
    "%ID" : 503,
    "%TYPE" : "de.tudarmstadt.ukp.dkpro.core.api.segmentation.type.Token",
    "@sofa" : 2,
    "begin" : 2502,
    "end" : 2504,
    "order" : 0
  }, {
    "%ID" : 504,
    "%TYPE" : "de.tudarmstadt.ukp.dkpro.core.api.segmentation.type.Token",
    "@sofa" : 2,
    "begin" : 2505,
    "end" : 2509,
    "order" : 0
  }, {
    "%ID" : 505,
    "%TYPE" : "de.tudarmstadt.ukp.dkpro.core.api.segmentation.type.Token",
    "@sofa" : 2,
    "begin" : 2510,
    "end" : 2515,
    "order" : 0
  }, {
    "%ID" : 506,
    "%TYPE" : "de.tudarmstadt.ukp.dkpro.core.api.segmentation.type.Token",
    "@sofa" : 2,
    "begin" : 2515,
    "end" : 2516,
    "order" : 0
  }, {
    "%ID" : 2,
    "%TYPE" : "uima.cas.Sofa",
    "sofaNum" : 1,
    "sofaID" : "_InitialView",
    "mimeType" : "text",
    "sofaString" : "I will be brief, but in response to my colleague from the Russian Federation, I would like to say just a few things.\n\nFirst, the United States has constantly called for de-escalation and urged restraint.\nThat has been our consistent policy.\nOur consistent statements have made clear that military force is not the answer, and we have commended the Ukrainians, frankly, for enduring more than probably any country in the United Nations could or would endure without using force.\nTherefore, there have been no shortage of efforts at diplomacy.\n\nSecondly, it is not the United States that has escalated the situation, it is the Russian Federation.\n\nThirdly, while we would like to place our faith in talks with the Russian Federation, the European Union and Ukraine, it is hard to reconcile the behaviour of the Russian Federation, the propaganda of the Russian Federation and the military actions of the Russian Federation - which range from the massing of 40,000 troops on the border to the subversive activities inside Ukraine - with their appeal for diplomacy and de-escalation.\nIt is an appeal that we wish were in fact sincere.\n\nFourthly, a few times, the representative of the Russian Federation has described what is happening in the eastern cities as protests and demonstrations.\nI would refer back to my French colleague's comment that those claims are rooted in some idea that the Internet does not exist and that people cannot see for themselves that they are not protests and they are not demonstrations.\nThey are professional forces carrying weapons - Russian-made weapons, as it happens - and carrying out sophisticated, coordinated military operations across a substantial number of eastern Ukrainian cities.\nThey are not demonstrations.\nThey are not protests.\nThey are military operations.\n\nFinally, the credibility of the Russian Federation has been gravely undermined.\nThat said, we remain eager and willing to talk about how to de-escalate the situation.\nThat will require that the Russian Federation pull back its forces, which are ominously stationed and massed at the eastern Ukrainian border.\nIt will require that the Russian Federation work to de-escalate the situation in the light of the armed takeover of those buildings.\nIf, in fact, the Russian Federation is interested in peace and in upholding its role as an enforcer of international peace and security, then it will engage quickly and with a wholly different degree of conviction, urgency and truthfulness than it has up to this point.\n\n"
  } ],
  "%VIEWS" : {
    "_InitialView" : {
      "%SOFA" : 2,
      "%MEMBERS" : [ 1, 3, 4, 5, 6, 7, 8, 9, 10, 11, 12, 13, 14, 15, 16, 17, 18, 19, 20, 21, 22, 23, 24, 25, 26, 27, 28, 29, 30, 31, 32, 33, 34, 35, 36, 37, 38, 39, 40, 41, 42, 43, 44, 45, 46, 47, 48, 49, 50, 51, 52, 53, 54, 55, 56, 57, 58, 59, 60, 61, 62, 63, 64, 65, 66, 67, 68, 69, 70, 71, 72, 73, 74, 75, 76, 77, 78, 79, 80, 81, 82, 83, 84, 85, 86, 87, 88, 89, 90, 91, 92, 93, 94, 95, 96, 97, 98, 99, 100, 101, 102, 103, 104, 105, 106, 107, 108, 109, 110, 111, 112, 113, 114, 115, 116, 117, 118, 119, 120, 121, 122, 123, 124, 125, 126, 127, 128, 129, 130, 131, 132, 133, 134, 135, 136, 137, 138, 139, 140, 141, 142, 143, 144, 145, 146, 147, 148, 149, 150, 151, 152, 153, 154, 155, 156, 157, 158, 159, 160, 161, 162, 163, 164, 165, 166, 167, 168, 169, 170, 171, 172, 173, 174, 175, 176, 177, 178, 179, 180, 181, 182, 183, 184, 185, 186, 187, 188, 189, 190, 191, 192, 193, 194, 195, 196, 197, 198, 199, 200, 201, 202, 203, 204, 205, 206, 207, 208, 209, 210, 211, 212, 213, 214, 215, 216, 217, 218, 219, 220, 221, 222, 223, 224, 225, 226, 227, 228, 229, 230, 231, 232, 233, 234, 235, 236, 237, 238, 239, 240, 241, 242, 243, 244, 245, 246, 247, 248, 249, 250, 251, 252, 253, 254, 255, 256, 257, 258, 259, 260, 261, 262, 263, 264, 265, 266, 267, 268, 269, 270, 271, 272, 273, 274, 275, 276, 277, 278, 279, 280, 281, 282, 283, 284, 285, 286, 287, 288, 289, 290, 291, 292, 293, 294, 295, 296, 297, 298, 299, 300, 301, 302, 303, 304, 305, 306, 307, 308, 309, 310, 311, 312, 313, 314, 315, 316, 317, 318, 319, 320, 321, 322, 323, 324, 325, 326, 327, 328, 329, 330, 331, 332, 333, 334, 335, 336, 337, 338, 339, 340, 341, 342, 343, 344, 345, 346, 347, 348, 349, 350, 351, 352, 353, 354, 355, 356, 357, 358, 359, 360, 361, 362, 363, 364, 365, 366, 367, 368, 369, 370, 371, 372, 373, 374, 375, 376, 377, 378, 379, 380, 381, 382, 383, 384, 385, 386, 387, 388, 389, 390, 391, 392, 393, 394, 395, 396, 397, 398, 399, 400, 401, 402, 403, 404, 405, 406, 407, 408, 409, 410, 411, 412, 413, 414, 415, 416, 417, 418, 419, 420, 421, 422, 423, 424, 425, 426, 427, 428, 429, 430, 431, 432, 433, 434, 435, 436, 437, 438, 439, 440, 441, 442, 443, 444, 445, 446, 447, 448, 449, 450, 451, 452, 453, 454, 455, 456, 457, 458, 459, 460, 461, 462, 463, 464, 465, 466, 467, 468, 469, 470, 471, 472, 473, 474, 475, 476, 477, 478, 479, 480, 481, 482, 483, 484, 485, 486, 487, 488, 489, 490, 491, 492, 493, 494, 495, 496, 497, 498, 499, 500, 501, 502, 503, 504, 505, 506 ]
    }
  }
}