{
  "%TYPES" : {
    "de.tudarmstadt.ukp.clarin.webanno.api.type.FeatureDefinition" : {
      "%NAME" : "de.tudarmstadt.ukp.clarin.webanno.api.type.FeatureDefinition",
      "%SUPER_TYPE" : "uima.cas.TOP",
      "layer" : {
        "%NAME" : "layer",
        "%RANGE" : "de.tudarmstadt.ukp.clarin.webanno.api.type.LayerDefinition"
      },
      "name" : {
        "%NAME" : "name",
        "%RANGE" : "uima.cas.String"
      },
      "uiName" : {
        "%NAME" : "uiName",
        "%RANGE" : "uima.cas.String"
      }
    },
    "de.tudarmstadt.ukp.clarin.webanno.api.type.LayerDefinition" : {
      "%NAME" : "de.tudarmstadt.ukp.clarin.webanno.api.type.LayerDefinition",
      "%SUPER_TYPE" : "uima.cas.TOP",
      "name" : {
        "%NAME" : "name",
        "%RANGE" : "uima.cas.String"
      },
      "uiName" : {
        "%NAME" : "uiName",
        "%RANGE" : "uima.cas.String"
      }
    },
    "de.tudarmstadt.ukp.dkpro.core.api.lexmorph.type.morph.MorphologicalFeatures" : {
      "%NAME" : "de.tudarmstadt.ukp.dkpro.core.api.lexmorph.type.morph.MorphologicalFeatures",
      "%SUPER_TYPE" : "uima.tcas.Annotation",
      "gender" : {
        "%NAME" : "gender",
        "%RANGE" : "uima.cas.String"
      },
      "number" : {
        "%NAME" : "number",
        "%RANGE" : "uima.cas.String"
      },
      "case" : {
        "%NAME" : "case",
        "%RANGE" : "uima.cas.String"
      },
      "degree" : {
        "%NAME" : "degree",
        "%RANGE" : "uima.cas.String"
      },
      "verbForm" : {
        "%NAME" : "verbForm",
        "%RANGE" : "uima.cas.String"
      },
      "tense" : {
        "%NAME" : "tense",
        "%RANGE" : "uima.cas.String"
      },
      "mood" : {
        "%NAME" : "mood",
        "%RANGE" : "uima.cas.String"
      },
      "voice" : {
        "%NAME" : "voice",
        "%RANGE" : "uima.cas.String"
      },
      "definiteness" : {
        "%NAME" : "definiteness",
        "%RANGE" : "uima.cas.String"
      },
      "value" : {
        "%NAME" : "value",
        "%RANGE" : "uima.cas.String"
      },
      "person" : {
        "%NAME" : "person",
        "%RANGE" : "uima.cas.String"
      },
      "aspect" : {
        "%NAME" : "aspect",
        "%RANGE" : "uima.cas.String"
      },
      "animacy" : {
        "%NAME" : "animacy",
        "%RANGE" : "uima.cas.String"
      },
      "negative" : {
        "%NAME" : "negative",
        "%RANGE" : "uima.cas.String"
      },
      "numType" : {
        "%NAME" : "numType",
        "%RANGE" : "uima.cas.String"
      },
      "possessive" : {
        "%NAME" : "possessive",
        "%RANGE" : "uima.cas.String"
      },
      "pronType" : {
        "%NAME" : "pronType",
        "%RANGE" : "uima.cas.String"
      },
      "reflex" : {
        "%NAME" : "reflex",
        "%RANGE" : "uima.cas.String"
      },
      "transitivity" : {
        "%NAME" : "transitivity",
        "%RANGE" : "uima.cas.String"
      }
    },
    "de.tudarmstadt.ukp.dkpro.core.api.lexmorph.type.pos.POS" : {
      "%NAME" : "de.tudarmstadt.ukp.dkpro.core.api.lexmorph.type.pos.POS",
      "%SUPER_TYPE" : "uima.tcas.Annotation",
      "PosValue" : {
        "%NAME" : "PosValue",
        "%RANGE" : "uima.cas.String"
      },
      "coarseValue" : {
        "%NAME" : "coarseValue",
        "%RANGE" : "uima.cas.String"
      }
    },
    "de.tudarmstadt.ukp.dkpro.core.api.metadata.type.DocumentMetaData" : {
      "%NAME" : "de.tudarmstadt.ukp.dkpro.core.api.metadata.type.DocumentMetaData",
      "%SUPER_TYPE" : "uima.tcas.DocumentAnnotation",
      "documentTitle" : {
        "%NAME" : "documentTitle",
        "%RANGE" : "uima.cas.String"
      },
      "documentId" : {
        "%NAME" : "documentId",
        "%RANGE" : "uima.cas.String"
      },
      "documentUri" : {
        "%NAME" : "documentUri",
        "%RANGE" : "uima.cas.String"
      },
      "collectionId" : {
        "%NAME" : "collectionId",
        "%RANGE" : "uima.cas.String"
      },
      "documentBaseUri" : {
        "%NAME" : "documentBaseUri",
        "%RANGE" : "uima.cas.String"
      },
      "isLastSegment" : {
        "%NAME" : "isLastSegment",
        "%RANGE" : "uima.cas.Boolean"
      }
    },
    "de.tudarmstadt.ukp.dkpro.core.api.metadata.type.TagDescription" : {
      "%NAME" : "de.tudarmstadt.ukp.dkpro.core.api.metadata.type.TagDescription",
      "%SUPER_TYPE" : "uima.cas.TOP",
      "name" : {
        "%NAME" : "name",
        "%RANGE" : "uima.cas.String"
      }
    },
    "de.tudarmstadt.ukp.dkpro.core.api.metadata.type.TagsetDescription" : {
      "%NAME" : "de.tudarmstadt.ukp.dkpro.core.api.metadata.type.TagsetDescription",
      "%SUPER_TYPE" : "uima.tcas.Annotation",
      "layer" : {
        "%NAME" : "layer",
        "%RANGE" : "uima.cas.String"
      },
      "name" : {
        "%NAME" : "name",
        "%RANGE" : "uima.cas.String"
      },
      "tags" : {
        "%NAME" : "tags",
        "%RANGE" : "de.tudarmstadt.ukp.dkpro.core.api.metadata.type.TagDescription[]"
      },
      "componentName" : {
        "%NAME" : "componentName",
        "%RANGE" : "uima.cas.String"
      },
      "modelLocation" : {
        "%NAME" : "modelLocation",
        "%RANGE" : "uima.cas.String"
      },
      "modelVariant" : {
        "%NAME" : "modelVariant",
        "%RANGE" : "uima.cas.String"
      },
      "modelLanguage" : {
        "%NAME" : "modelLanguage",
        "%RANGE" : "uima.cas.String"
      },
      "modelVersion" : {
        "%NAME" : "modelVersion",
        "%RANGE" : "uima.cas.String"
      },
      "input" : {
        "%NAME" : "input",
        "%RANGE" : "uima.cas.Boolean"
      }
    },
    "de.tudarmstadt.ukp.dkpro.core.api.segmentation.type.Lemma" : {
      "%NAME" : "de.tudarmstadt.ukp.dkpro.core.api.segmentation.type.Lemma",
      "%SUPER_TYPE" : "uima.tcas.Annotation",
      "value" : {
        "%NAME" : "value",
        "%RANGE" : "uima.cas.String"
      }
    },
    "de.tudarmstadt.ukp.dkpro.core.api.segmentation.type.Sentence" : {
      "%NAME" : "de.tudarmstadt.ukp.dkpro.core.api.segmentation.type.Sentence",
      "%SUPER_TYPE" : "uima.tcas.Annotation",
      "id" : {
        "%NAME" : "id",
        "%RANGE" : "uima.cas.String"
      }
    },
    "de.tudarmstadt.ukp.dkpro.core.api.segmentation.type.Stem" : {
      "%NAME" : "de.tudarmstadt.ukp.dkpro.core.api.segmentation.type.Stem",
      "%SUPER_TYPE" : "uima.tcas.Annotation",
      "value" : {
        "%NAME" : "value",
        "%RANGE" : "uima.cas.String"
      }
    },
    "de.tudarmstadt.ukp.dkpro.core.api.segmentation.type.Token" : {
      "%NAME" : "de.tudarmstadt.ukp.dkpro.core.api.segmentation.type.Token",
      "%SUPER_TYPE" : "uima.tcas.Annotation",
      "parent" : {
        "%NAME" : "parent",
        "%RANGE" : "uima.tcas.Annotation"
      },
      "lemma" : {
        "%NAME" : "lemma",
        "%RANGE" : "de.tudarmstadt.ukp.dkpro.core.api.segmentation.type.Lemma"
      },
      "stem" : {
        "%NAME" : "stem",
        "%RANGE" : "de.tudarmstadt.ukp.dkpro.core.api.segmentation.type.Stem"
      },
      "pos" : {
        "%NAME" : "pos",
        "%RANGE" : "de.tudarmstadt.ukp.dkpro.core.api.lexmorph.type.pos.POS"
      },
      "morph" : {
        "%NAME" : "morph",
        "%RANGE" : "de.tudarmstadt.ukp.dkpro.core.api.lexmorph.type.morph.MorphologicalFeatures"
      },
      "id" : {
        "%NAME" : "id",
        "%RANGE" : "uima.cas.String"
      },
      "form" : {
        "%NAME" : "form",
        "%RANGE" : "de.tudarmstadt.ukp.dkpro.core.api.segmentation.type.TokenForm"
      },
      "syntacticFunction" : {
        "%NAME" : "syntacticFunction",
        "%RANGE" : "uima.cas.String"
      },
      "order" : {
        "%NAME" : "order",
        "%RANGE" : "uima.cas.Integer"
      }
    },
    "de.tudarmstadt.ukp.dkpro.core.api.segmentation.type.TokenForm" : {
      "%NAME" : "de.tudarmstadt.ukp.dkpro.core.api.segmentation.type.TokenForm",
      "%SUPER_TYPE" : "uima.tcas.Annotation",
      "value" : {
        "%NAME" : "value",
        "%RANGE" : "uima.cas.String"
      }
    },
    "webanno.custom.AppraisalTheory" : {
      "%NAME" : "webanno.custom.AppraisalTheory",
      "%SUPER_TYPE" : "uima.tcas.Annotation",
      "Attitude" : {
        "%NAME" : "Attitude",
        "%RANGE" : "uima.cas.String"
      },
      "Attitude_target" : {
        "%NAME" : "Attitude_target",
        "%RANGE" : "uima.cas.String"
      },
      "Polarity" : {
        "%NAME" : "Polarity",
        "%RANGE" : "uima.cas.String"
      }
    }
  },
  "%FEATURE_STRUCTURES" : [ {
    "%ID" : 1,
    "%TYPE" : "de.tudarmstadt.ukp.clarin.webanno.api.type.FeatureDefinition",
    "@layer" : 2,
    "name" : "Attitude",
    "uiName" : "Attitude"
  }, {
    "%ID" : 3,
    "%TYPE" : "de.tudarmstadt.ukp.clarin.webanno.api.type.FeatureDefinition",
    "@layer" : 2,
    "name" : "Attitude_target",
    "uiName" : "Attitude_target"
  }, {
    "%ID" : 4,
    "%TYPE" : "de.tudarmstadt.ukp.clarin.webanno.api.type.FeatureDefinition",
    "@layer" : 2,
    "name" : "Polarity",
    "uiName" : "Polarity"
  }, {
    "%ID" : 5,
    "%TYPE" : "de.tudarmstadt.ukp.clarin.webanno.api.type.FeatureDefinition",
    "@layer" : 6,
    "name" : "Dependent",
    "uiName" : "Target"
  }, {
    "%ID" : 7,
    "%TYPE" : "de.tudarmstadt.ukp.clarin.webanno.api.type.FeatureDefinition",
    "@layer" : 6,
    "name" : "Governor",
    "uiName" : "Source"
  }, {
    "%ID" : 8,
    "%TYPE" : "de.tudarmstadt.ukp.clarin.webanno.api.type.FeatureDefinition",
    "@layer" : 6,
    "name" : "target_relation",
    "uiName" : "attitude_relation"
  }, {
    "%ID" : 2,
    "%TYPE" : "de.tudarmstadt.ukp.clarin.webanno.api.type.LayerDefinition",
    "name" : "webanno.custom.AppraisalTheory",
    "uiName" : "AppraisalTheory"
  }, {
    "%ID" : 6,
    "%TYPE" : "de.tudarmstadt.ukp.clarin.webanno.api.type.LayerDefinition",
    "name" : "webanno.custom.AttitudeTargetRelations",
    "uiName" : "AttitudeTargetRelations"
  }, {
    "%ID" : 9,
    "%TYPE" : "de.tudarmstadt.ukp.dkpro.core.api.metadata.type.DocumentMetaData",
    "@sofa" : 10,
    "begin" : 0,
    "end" : 1180,
    "language" : "x-unspecified",
    "documentTitle" : "UNSC_2016_SPV.7643_spch016_sentsplit_New_Zealand.txt",
    "documentId" : "admin",
    "documentUri" : "appraisal-annotation-in-unsc-speeches-_i/admin",
    "collectionId" : "appraisal-annotation-in-unsc-speeches-_i/admin",
    "documentBaseUri" : "appraisal-annotation-in-unsc-speeches-_i",
    "isLastSegment" : false
  }, {
    "%ID" : 11,
    "%TYPE" : "de.tudarmstadt.ukp.dkpro.core.api.metadata.type.TagsetDescription",
    "@sofa" : 10,
    "begin" : 0,
    "end" : 0,
    "layer" : "webanno.custom.AppraisalTheory",
    "name" : "polarity_lables",
    "input" : false
  }, {
    "%ID" : 12,
    "%TYPE" : "de.tudarmstadt.ukp.dkpro.core.api.metadata.type.TagsetDescription",
    "@sofa" : 10,
    "begin" : 0,
    "end" : 0,
    "layer" : "webanno.custom.AttitudeTargetRelations",
    "name" : "attitude_target_label",
    "input" : false
  }, {
    "%ID" : 13,
    "%TYPE" : "de.tudarmstadt.ukp.dkpro.core.api.segmentation.type.Sentence",
    "@sofa" : 10,
    "begin" : 0,
    "end" : 156
  }, {
    "%ID" : 14,
    "%TYPE" : "de.tudarmstadt.ukp.dkpro.core.api.segmentation.type.Sentence",
    "@sofa" : 10,
    "begin" : 157,
    "end" : 285
  }, {
    "%ID" : 15,
    "%TYPE" : "de.tudarmstadt.ukp.dkpro.core.api.segmentation.type.Sentence",
    "@sofa" : 10,
    "begin" : 286,
    "end" : 490
  }, {
    "%ID" : 16,
    "%TYPE" : "de.tudarmstadt.ukp.dkpro.core.api.segmentation.type.Sentence",
    "@sofa" : 10,
    "begin" : 492,
    "end" : 614
  }, {
    "%ID" : 17,
    "%TYPE" : "de.tudarmstadt.ukp.dkpro.core.api.segmentation.type.Sentence",
    "@sofa" : 10,
    "begin" : 615,
    "end" : 862
  }, {
    "%ID" : 18,
    "%TYPE" : "de.tudarmstadt.ukp.dkpro.core.api.segmentation.type.Sentence",
    "@sofa" : 10,
    "begin" : 863,
    "end" : 920
  }, {
    "%ID" : 19,
    "%TYPE" : "de.tudarmstadt.ukp.dkpro.core.api.segmentation.type.Sentence",
    "@sofa" : 10,
    "begin" : 921,
    "end" : 1178
  }, {
    "%ID" : 20,
    "%TYPE" : "de.tudarmstadt.ukp.dkpro.core.api.segmentation.type.Token",
    "@sofa" : 10,
    "begin" : 0,
    "end" : 3,
    "order" : 0
  }, {
    "%ID" : 21,
    "%TYPE" : "de.tudarmstadt.ukp.dkpro.core.api.segmentation.type.Token",
    "@sofa" : 10,
    "begin" : 4,
    "end" : 11,
    "order" : 0
  }, {
    "%ID" : 22,
    "%TYPE" : "de.tudarmstadt.ukp.dkpro.core.api.segmentation.type.Token",
    "@sofa" : 10,
    "begin" : 12,
    "end" : 17,
    "order" : 0
  }, {
    "%ID" : 23,
    "%TYPE" : "de.tudarmstadt.ukp.dkpro.core.api.segmentation.type.Token",
    "@sofa" : 10,
    "begin" : 18,
    "end" : 20,
    "order" : 0
  }, {
    "%ID" : 24,
    "%TYPE" : "de.tudarmstadt.ukp.dkpro.core.api.segmentation.type.Token",
    "@sofa" : 10,
    "begin" : 21,
    "end" : 27,
    "order" : 0
  }, {
    "%ID" : 25,
    "%TYPE" : "de.tudarmstadt.ukp.dkpro.core.api.segmentation.type.Token",
    "@sofa" : 10,
    "begin" : 28,
    "end" : 30,
    "order" : 0
  }, {
    "%ID" : 26,
    "%TYPE" : "de.tudarmstadt.ukp.dkpro.core.api.segmentation.type.Token",
    "@sofa" : 10,
    "begin" : 31,
    "end" : 41,
    "order" : 0
  }, {
    "%ID" : 27,
    "%TYPE" : "de.tudarmstadt.ukp.dkpro.core.api.segmentation.type.Token",
    "@sofa" : 10,
    "begin" : 42,
    "end" : 46,
    "order" : 0
  }, {
    "%ID" : 28,
    "%TYPE" : "de.tudarmstadt.ukp.dkpro.core.api.segmentation.type.Token",
    "@sofa" : 10,
    "begin" : 47,
    "end" : 48,
    "order" : 0
  }, {
    "%ID" : 29,
    "%TYPE" : "de.tudarmstadt.ukp.dkpro.core.api.segmentation.type.Token",
    "@sofa" : 10,
    "begin" : 48,
    "end" : 52,
    "order" : 0
  }, {
    "%ID" : 30,
    "%TYPE" : "de.tudarmstadt.ukp.dkpro.core.api.segmentation.type.Token",
    "@sofa" : 10,
    "begin" : 52,
    "end" : 53,
    "order" : 0
  }, {
    "%ID" : 31,
    "%TYPE" : "de.tudarmstadt.ukp.dkpro.core.api.segmentation.type.Token",
    "@sofa" : 10,
    "begin" : 54,
    "end" : 61,
    "order" : 0
  }, {
    "%ID" : 32,
    "%TYPE" : "de.tudarmstadt.ukp.dkpro.core.api.segmentation.type.Token",
    "@sofa" : 10,
    "begin" : 62,
    "end" : 64,
    "order" : 0
  }, {
    "%ID" : 33,
    "%TYPE" : "de.tudarmstadt.ukp.dkpro.core.api.segmentation.type.Token",
    "@sofa" : 10,
    "begin" : 65,
    "end" : 68,
    "order" : 0
  }, {
    "%ID" : 34,
    "%TYPE" : "de.tudarmstadt.ukp.dkpro.core.api.segmentation.type.Token",
    "@sofa" : 10,
    "begin" : 69,
    "end" : 74,
    "order" : 0
  }, {
    "%ID" : 35,
    "%TYPE" : "de.tudarmstadt.ukp.dkpro.core.api.segmentation.type.Token",
    "@sofa" : 10,
    "begin" : 75,
    "end" : 78,
    "order" : 0
  }, {
    "%ID" : 36,
    "%TYPE" : "de.tudarmstadt.ukp.dkpro.core.api.segmentation.type.Token",
    "@sofa" : 10,
    "begin" : 79,
    "end" : 87,
    "order" : 0
  }, {
    "%ID" : 37,
    "%TYPE" : "de.tudarmstadt.ukp.dkpro.core.api.segmentation.type.Token",
    "@sofa" : 10,
    "begin" : 88,
    "end" : 92,
    "order" : 0
  }, {
    "%ID" : 38,
    "%TYPE" : "de.tudarmstadt.ukp.dkpro.core.api.segmentation.type.Token",
    "@sofa" : 10,
    "begin" : 93,
    "end" : 96,
    "order" : 0
  }, {
    "%ID" : 39,
    "%TYPE" : "de.tudarmstadt.ukp.dkpro.core.api.segmentation.type.Token",
    "@sofa" : 10,
    "begin" : 97,
    "end" : 101,
    "order" : 0
  }, {
    "%ID" : 40,
    "%TYPE" : "de.tudarmstadt.ukp.dkpro.core.api.segmentation.type.Token",
    "@sofa" : 10,
    "begin" : 102,
    "end" : 108,
    "order" : 0
  }, {
    "%ID" : 41,
    "%TYPE" : "de.tudarmstadt.ukp.dkpro.core.api.segmentation.type.Token",
    "@sofa" : 10,
    "begin" : 109,
    "end" : 115,
    "order" : 0
  }, {
    "%ID" : 42,
    "%TYPE" : "de.tudarmstadt.ukp.dkpro.core.api.segmentation.type.Token",
    "@sofa" : 10,
    "begin" : 116,
    "end" : 118,
    "order" : 0
  }, {
    "%ID" : 43,
    "%TYPE" : "de.tudarmstadt.ukp.dkpro.core.api.segmentation.type.Token",
    "@sofa" : 10,
    "begin" : 119,
    "end" : 125,
    "order" : 0
  }, {
    "%ID" : 44,
    "%TYPE" : "de.tudarmstadt.ukp.dkpro.core.api.segmentation.type.Token",
    "@sofa" : 10,
    "begin" : 126,
    "end" : 132,
    "order" : 0
  }, {
    "%ID" : 45,
    "%TYPE" : "de.tudarmstadt.ukp.dkpro.core.api.segmentation.type.Token",
    "@sofa" : 10,
    "begin" : 133,
    "end" : 145,
    "order" : 0
  }, {
    "%ID" : 46,
    "%TYPE" : "de.tudarmstadt.ukp.dkpro.core.api.segmentation.type.Token",
    "@sofa" : 10,
    "begin" : 146,
    "end" : 149,
    "order" : 0
  }, {
    "%ID" : 47,
    "%TYPE" : "de.tudarmstadt.ukp.dkpro.core.api.segmentation.type.Token",
    "@sofa" : 10,
    "begin" : 150,
    "end" : 155,
    "order" : 0
  }, {
    "%ID" : 48,
    "%TYPE" : "de.tudarmstadt.ukp.dkpro.core.api.segmentation.type.Token",
    "@sofa" : 10,
    "begin" : 155,
    "end" : 156,
    "order" : 0
  }, {
    "%ID" : 49,
    "%TYPE" : "de.tudarmstadt.ukp.dkpro.core.api.segmentation.type.Token",
    "@sofa" : 10,
    "begin" : 157,
    "end" : 160,
    "order" : 0
  }, {
    "%ID" : 50,
    "%TYPE" : "de.tudarmstadt.ukp.dkpro.core.api.segmentation.type.Token",
    "@sofa" : 10,
    "begin" : 161,
    "end" : 168,
    "order" : 0
  }, {
    "%ID" : 51,
    "%TYPE" : "de.tudarmstadt.ukp.dkpro.core.api.segmentation.type.Token",
    "@sofa" : 10,
    "begin" : 169,
    "end" : 177,
    "order" : 0
  }, {
    "%ID" : 52,
    "%TYPE" : "de.tudarmstadt.ukp.dkpro.core.api.segmentation.type.Token",
    "@sofa" : 10,
    "begin" : 178,
    "end" : 181,
    "order" : 0
  }, {
    "%ID" : 53,
    "%TYPE" : "de.tudarmstadt.ukp.dkpro.core.api.segmentation.type.Token",
    "@sofa" : 10,
    "begin" : 182,
    "end" : 191,
    "order" : 0
  }, {
    "%ID" : 54,
    "%TYPE" : "de.tudarmstadt.ukp.dkpro.core.api.segmentation.type.Token",
    "@sofa" : 10,
    "begin" : 192,
    "end" : 195,
    "order" : 0
  }, {
    "%ID" : 55,
    "%TYPE" : "de.tudarmstadt.ukp.dkpro.core.api.segmentation.type.Token",
    "@sofa" : 10,
    "begin" : 196,
    "end" : 204,
    "order" : 0
  }, {
    "%ID" : 56,
    "%TYPE" : "de.tudarmstadt.ukp.dkpro.core.api.segmentation.type.Token",
    "@sofa" : 10,
    "begin" : 205,
    "end" : 208,
    "order" : 0
  }, {
    "%ID" : 57,
    "%TYPE" : "de.tudarmstadt.ukp.dkpro.core.api.segmentation.type.Token",
    "@sofa" : 10,
    "begin" : 209,
    "end" : 219,
    "order" : 0
  }, {
    "%ID" : 58,
    "%TYPE" : "de.tudarmstadt.ukp.dkpro.core.api.segmentation.type.Token",
    "@sofa" : 10,
    "begin" : 220,
    "end" : 232,
    "order" : 0
  }, {
    "%ID" : 59,
    "%TYPE" : "de.tudarmstadt.ukp.dkpro.core.api.segmentation.type.Token",
    "@sofa" : 10,
    "begin" : 233,
    "end" : 235,
    "order" : 0
  }, {
    "%ID" : 60,
    "%TYPE" : "de.tudarmstadt.ukp.dkpro.core.api.segmentation.type.Token",
    "@sofa" : 10,
    "begin" : 236,
    "end" : 239,
    "order" : 0
  }, {
    "%ID" : 61,
    "%TYPE" : "de.tudarmstadt.ukp.dkpro.core.api.segmentation.type.Token",
    "@sofa" : 10,
    "begin" : 240,
    "end" : 244,
    "order" : 0
  }, {
    "%ID" : 62,
    "%TYPE" : "de.tudarmstadt.ukp.dkpro.core.api.segmentation.type.Token",
    "@sofa" : 10,
    "begin" : 245,
    "end" : 253,
    "order" : 0
  }, {
    "%ID" : 63,
    "%TYPE" : "de.tudarmstadt.ukp.dkpro.core.api.segmentation.type.Token",
    "@sofa" : 10,
    "begin" : 254,
    "end" : 256,
    "order" : 0
  }, {
    "%ID" : 64,
    "%TYPE" : "de.tudarmstadt.ukp.dkpro.core.api.segmentation.type.Token",
    "@sofa" : 10,
    "begin" : 257,
    "end" : 263,
    "order" : 0
  }, {
    "%ID" : 65,
    "%TYPE" : "de.tudarmstadt.ukp.dkpro.core.api.segmentation.type.Token",
    "@sofa" : 10,
    "begin" : 264,
    "end" : 271,
    "order" : 0
  }, {
    "%ID" : 66,
    "%TYPE" : "de.tudarmstadt.ukp.dkpro.core.api.segmentation.type.Token",
    "@sofa" : 10,
    "begin" : 272,
    "end" : 284,
    "order" : 0
  }, {
    "%ID" : 67,
    "%TYPE" : "de.tudarmstadt.ukp.dkpro.core.api.segmentation.type.Token",
    "@sofa" : 10,
    "begin" : 284,
    "end" : 285,
    "order" : 0
  }, {
    "%ID" : 68,
    "%TYPE" : "de.tudarmstadt.ukp.dkpro.core.api.segmentation.type.Token",
    "@sofa" : 10,
    "begin" : 286,
    "end" : 289,
    "order" : 0
  }, {
    "%ID" : 69,
    "%TYPE" : "de.tudarmstadt.ukp.dkpro.core.api.segmentation.type.Token",
    "@sofa" : 10,
    "begin" : 290,
    "end" : 298,
    "order" : 0
  }, {
    "%ID" : 70,
    "%TYPE" : "de.tudarmstadt.ukp.dkpro.core.api.segmentation.type.Token",
    "@sofa" : 10,
    "begin" : 299,
    "end" : 301,
    "order" : 0
  }, {
    "%ID" : 71,
    "%TYPE" : "de.tudarmstadt.ukp.dkpro.core.api.segmentation.type.Token",
    "@sofa" : 10,
    "begin" : 302,
    "end" : 306,
    "order" : 0
  }, {
    "%ID" : 72,
    "%TYPE" : "de.tudarmstadt.ukp.dkpro.core.api.segmentation.type.Token",
    "@sofa" : 10,
    "begin" : 307,
    "end" : 317,
    "order" : 0
  }, {
    "%ID" : 73,
    "%TYPE" : "de.tudarmstadt.ukp.dkpro.core.api.segmentation.type.Token",
    "@sofa" : 10,
    "begin" : 318,
    "end" : 325,
    "order" : 0
  }, {
    "%ID" : 74,
    "%TYPE" : "de.tudarmstadt.ukp.dkpro.core.api.segmentation.type.Token",
    "@sofa" : 10,
    "begin" : 326,
    "end" : 329,
    "order" : 0
  }, {
    "%ID" : 75,
    "%TYPE" : "de.tudarmstadt.ukp.dkpro.core.api.segmentation.type.Token",
    "@sofa" : 10,
    "begin" : 330,
    "end" : 349,
    "order" : 0
  }, {
    "%ID" : 76,
    "%TYPE" : "de.tudarmstadt.ukp.dkpro.core.api.segmentation.type.Token",
    "@sofa" : 10,
    "begin" : 350,
    "end" : 357,
    "order" : 0
  }, {
    "%ID" : 77,
    "%TYPE" : "de.tudarmstadt.ukp.dkpro.core.api.segmentation.type.Token",
    "@sofa" : 10,
    "begin" : 358,
    "end" : 362,
    "order" : 0
  }, {
    "%ID" : 78,
    "%TYPE" : "de.tudarmstadt.ukp.dkpro.core.api.segmentation.type.Token",
    "@sofa" : 10,
    "begin" : 363,
    "end" : 370,
    "order" : 0
  }, {
    "%ID" : 79,
    "%TYPE" : "de.tudarmstadt.ukp.dkpro.core.api.segmentation.type.Token",
    "@sofa" : 10,
    "begin" : 371,
    "end" : 373,
    "order" : 0
  }, {
    "%ID" : 80,
    "%TYPE" : "de.tudarmstadt.ukp.dkpro.core.api.segmentation.type.Token",
    "@sofa" : 10,
    "begin" : 374,
    "end" : 380,
    "order" : 0
  }, {
    "%ID" : 81,
    "%TYPE" : "de.tudarmstadt.ukp.dkpro.core.api.segmentation.type.Token",
    "@sofa" : 10,
    "begin" : 381,
    "end" : 393,
    "order" : 0
  }, {
    "%ID" : 82,
    "%TYPE" : "de.tudarmstadt.ukp.dkpro.core.api.segmentation.type.Token",
    "@sofa" : 10,
    "begin" : 394,
    "end" : 397,
    "order" : 0
  }, {
    "%ID" : 83,
    "%TYPE" : "de.tudarmstadt.ukp.dkpro.core.api.segmentation.type.Token",
    "@sofa" : 10,
    "begin" : 398,
    "end" : 403,
    "order" : 0
  }, {
    "%ID" : 84,
    "%TYPE" : "de.tudarmstadt.ukp.dkpro.core.api.segmentation.type.Token",
    "@sofa" : 10,
    "begin" : 403,
    "end" : 404,
    "order" : 0
  }, {
    "%ID" : 85,
    "%TYPE" : "de.tudarmstadt.ukp.dkpro.core.api.segmentation.type.Token",
    "@sofa" : 10,
    "begin" : 405,
    "end" : 407,
    "order" : 0
  }, {
    "%ID" : 86,
    "%TYPE" : "de.tudarmstadt.ukp.dkpro.core.api.segmentation.type.Token",
    "@sofa" : 10,
    "begin" : 408,
    "end" : 418,
    "order" : 0
  }, {
    "%ID" : 87,
    "%TYPE" : "de.tudarmstadt.ukp.dkpro.core.api.segmentation.type.Token",
    "@sofa" : 10,
    "begin" : 419,
    "end" : 421,
    "order" : 0
  }, {
    "%ID" : 88,
    "%TYPE" : "de.tudarmstadt.ukp.dkpro.core.api.segmentation.type.Token",
    "@sofa" : 10,
    "begin" : 422,
    "end" : 429,
    "order" : 0
  }, {
    "%ID" : 89,
    "%TYPE" : "de.tudarmstadt.ukp.dkpro.core.api.segmentation.type.Token",
    "@sofa" : 10,
    "begin" : 430,
    "end" : 433,
    "order" : 0
  }, {
    "%ID" : 90,
    "%TYPE" : "de.tudarmstadt.ukp.dkpro.core.api.segmentation.type.Token",
    "@sofa" : 10,
    "begin" : 434,
    "end" : 442,
    "order" : 0
  }, {
    "%ID" : 91,
    "%TYPE" : "de.tudarmstadt.ukp.dkpro.core.api.segmentation.type.Token",
    "@sofa" : 10,
    "begin" : 443,
    "end" : 450,
    "order" : 0
  }, {
    "%ID" : 92,
    "%TYPE" : "de.tudarmstadt.ukp.dkpro.core.api.segmentation.type.Token",
    "@sofa" : 10,
    "begin" : 451,
    "end" : 462,
    "order" : 0
  }, {
    "%ID" : 93,
    "%TYPE" : "de.tudarmstadt.ukp.dkpro.core.api.segmentation.type.Token",
    "@sofa" : 10,
    "begin" : 463,
    "end" : 465,
    "order" : 0
  }, {
    "%ID" : 94,
    "%TYPE" : "de.tudarmstadt.ukp.dkpro.core.api.segmentation.type.Token",
    "@sofa" : 10,
    "begin" : 466,
    "end" : 469,
    "order" : 0
  }, {
    "%ID" : 95,
    "%TYPE" : "de.tudarmstadt.ukp.dkpro.core.api.segmentation.type.Token",
    "@sofa" : 10,
    "begin" : 470,
    "end" : 477,
    "order" : 0
  }, {
    "%ID" : 96,
    "%TYPE" : "de.tudarmstadt.ukp.dkpro.core.api.segmentation.type.Token",
    "@sofa" : 10,
    "begin" : 478,
    "end" : 489,
    "order" : 0
  }, {
    "%ID" : 97,
    "%TYPE" : "de.tudarmstadt.ukp.dkpro.core.api.segmentation.type.Token",
    "@sofa" : 10,
    "begin" : 489,
    "end" : 490,
    "order" : 0
  }, {
    "%ID" : 98,
    "%TYPE" : "de.tudarmstadt.ukp.dkpro.core.api.segmentation.type.Token",
    "@sofa" : 10,
    "begin" : 492,
    "end" : 495,
    "order" : 0
  }, {
    "%ID" : 99,
    "%TYPE" : "de.tudarmstadt.ukp.dkpro.core.api.segmentation.type.Token",
    "@sofa" : 10,
    "begin" : 496,
    "end" : 500,
    "order" : 0
  }, {
    "%ID" : 100,
    "%TYPE" : "de.tudarmstadt.ukp.dkpro.core.api.segmentation.type.Token",
    "@sofa" : 10,
    "begin" : 501,
    "end" : 503,
    "order" : 0
  }, {
    "%ID" : 101,
    "%TYPE" : "de.tudarmstadt.ukp.dkpro.core.api.segmentation.type.Token",
    "@sofa" : 10,
    "begin" : 504,
    "end" : 509,
    "order" : 0
  }, {
    "%ID" : 102,
    "%TYPE" : "de.tudarmstadt.ukp.dkpro.core.api.segmentation.type.Token",
    "@sofa" : 10,
    "begin" : 509,
    "end" : 510,
    "order" : 0
  }, {
    "%ID" : 103,
    "%TYPE" : "de.tudarmstadt.ukp.dkpro.core.api.segmentation.type.Token",
    "@sofa" : 10,
    "begin" : 511,
    "end" : 514,
    "order" : 0
  }, {
    "%ID" : 104,
    "%TYPE" : "de.tudarmstadt.ukp.dkpro.core.api.segmentation.type.Token",
    "@sofa" : 10,
    "begin" : 515,
    "end" : 525,
    "order" : 0
  }, {
    "%ID" : 105,
    "%TYPE" : "de.tudarmstadt.ukp.dkpro.core.api.segmentation.type.Token",
    "@sofa" : 10,
    "begin" : 526,
    "end" : 530,
    "order" : 0
  }, {
    "%ID" : 106,
    "%TYPE" : "de.tudarmstadt.ukp.dkpro.core.api.segmentation.type.Token",
    "@sofa" : 10,
    "begin" : 531,
    "end" : 535,
    "order" : 0
  }, {
    "%ID" : 107,
    "%TYPE" : "de.tudarmstadt.ukp.dkpro.core.api.segmentation.type.Token",
    "@sofa" : 10,
    "begin" : 536,
    "end" : 540,
    "order" : 0
  }, {
    "%ID" : 108,
    "%TYPE" : "de.tudarmstadt.ukp.dkpro.core.api.segmentation.type.Token",
    "@sofa" : 10,
    "begin" : 540,
    "end" : 541,
    "order" : 0
  }, {
    "%ID" : 109,
    "%TYPE" : "de.tudarmstadt.ukp.dkpro.core.api.segmentation.type.Token",
    "@sofa" : 10,
    "begin" : 542,
    "end" : 546,
    "order" : 0
  }, {
    "%ID" : 110,
    "%TYPE" : "de.tudarmstadt.ukp.dkpro.core.api.segmentation.type.Token",
    "@sofa" : 10,
    "begin" : 547,
    "end" : 559,
    "order" : 0
  }, {
    "%ID" : 111,
    "%TYPE" : "de.tudarmstadt.ukp.dkpro.core.api.segmentation.type.Token",
    "@sofa" : 10,
    "begin" : 560,
    "end" : 564,
    "order" : 0
  }, {
    "%ID" : 112,
    "%TYPE" : "de.tudarmstadt.ukp.dkpro.core.api.segmentation.type.Token",
    "@sofa" : 10,
    "begin" : 565,
    "end" : 568,
    "order" : 0
  }, {
    "%ID" : 113,
    "%TYPE" : "de.tudarmstadt.ukp.dkpro.core.api.segmentation.type.Token",
    "@sofa" : 10,
    "begin" : 569,
    "end" : 575,
    "order" : 0
  }, {
    "%ID" : 114,
    "%TYPE" : "de.tudarmstadt.ukp.dkpro.core.api.segmentation.type.Token",
    "@sofa" : 10,
    "begin" : 576,
    "end" : 579,
    "order" : 0
  }, {
    "%ID" : 115,
    "%TYPE" : "de.tudarmstadt.ukp.dkpro.core.api.segmentation.type.Token",
    "@sofa" : 10,
    "begin" : 580,
    "end" : 582,
    "order" : 0
  }, {
    "%ID" : 116,
    "%TYPE" : "de.tudarmstadt.ukp.dkpro.core.api.segmentation.type.Token",
    "@sofa" : 10,
    "begin" : 583,
    "end" : 590,
    "order" : 0
  }, {
    "%ID" : 117,
    "%TYPE" : "de.tudarmstadt.ukp.dkpro.core.api.segmentation.type.Token",
    "@sofa" : 10,
    "begin" : 591,
    "end" : 598,
    "order" : 0
  }, {
    "%ID" : 118,
    "%TYPE" : "de.tudarmstadt.ukp.dkpro.core.api.segmentation.type.Token",
    "@sofa" : 10,
    "begin" : 599,
    "end" : 602,
    "order" : 0
  }, {
    "%ID" : 119,
    "%TYPE" : "de.tudarmstadt.ukp.dkpro.core.api.segmentation.type.Token",
    "@sofa" : 10,
    "begin" : 603,
    "end" : 613,
    "order" : 0
  }, {
    "%ID" : 120,
    "%TYPE" : "de.tudarmstadt.ukp.dkpro.core.api.segmentation.type.Token",
    "@sofa" : 10,
    "begin" : 613,
    "end" : 614,
    "order" : 0
  }, {
    "%ID" : 121,
    "%TYPE" : "de.tudarmstadt.ukp.dkpro.core.api.segmentation.type.Token",
    "@sofa" : 10,
    "begin" : 615,
    "end" : 618,
    "order" : 0
  }, {
    "%ID" : 122,
    "%TYPE" : "de.tudarmstadt.ukp.dkpro.core.api.segmentation.type.Token",
    "@sofa" : 10,
    "begin" : 619,
    "end" : 627,
    "order" : 0
  }, {
    "%ID" : 123,
    "%TYPE" : "de.tudarmstadt.ukp.dkpro.core.api.segmentation.type.Token",
    "@sofa" : 10,
    "begin" : 628,
    "end" : 635,
    "order" : 0
  }, {
    "%ID" : 124,
    "%TYPE" : "de.tudarmstadt.ukp.dkpro.core.api.segmentation.type.Token",
    "@sofa" : 10,
    "begin" : 636,
    "end" : 639,
    "order" : 0
  }, {
    "%ID" : 125,
    "%TYPE" : "de.tudarmstadt.ukp.dkpro.core.api.segmentation.type.Token",
    "@sofa" : 10,
    "begin" : 640,
    "end" : 641,
    "order" : 0
  }, {
    "%ID" : 126,
    "%TYPE" : "de.tudarmstadt.ukp.dkpro.core.api.segmentation.type.Token",
    "@sofa" : 10,
    "begin" : 642,
    "end" : 656,
    "order" : 0
  }, {
    "%ID" : 127,
    "%TYPE" : "de.tudarmstadt.ukp.dkpro.core.api.segmentation.type.Token",
    "@sofa" : 10,
    "begin" : 657,
    "end" : 659,
    "order" : 0
  }, {
    "%ID" : 128,
    "%TYPE" : "de.tudarmstadt.ukp.dkpro.core.api.segmentation.type.Token",
    "@sofa" : 10,
    "begin" : 660,
    "end" : 663,
    "order" : 0
  }, {
    "%ID" : 129,
    "%TYPE" : "de.tudarmstadt.ukp.dkpro.core.api.segmentation.type.Token",
    "@sofa" : 10,
    "begin" : 664,
    "end" : 666,
    "order" : 0
  }, {
    "%ID" : 130,
    "%TYPE" : "de.tudarmstadt.ukp.dkpro.core.api.segmentation.type.Token",
    "@sofa" : 10,
    "begin" : 667,
    "end" : 673,
    "order" : 0
  }, {
    "%ID" : 131,
    "%TYPE" : "de.tudarmstadt.ukp.dkpro.core.api.segmentation.type.Token",
    "@sofa" : 10,
    "begin" : 674,
    "end" : 686,
    "order" : 0
  }, {
    "%ID" : 132,
    "%TYPE" : "de.tudarmstadt.ukp.dkpro.core.api.segmentation.type.Token",
    "@sofa" : 10,
    "begin" : 687,
    "end" : 690,
    "order" : 0
  }, {
    "%ID" : 133,
    "%TYPE" : "de.tudarmstadt.ukp.dkpro.core.api.segmentation.type.Token",
    "@sofa" : 10,
    "begin" : 691,
    "end" : 696,
    "order" : 0
  }, {
    "%ID" : 134,
    "%TYPE" : "de.tudarmstadt.ukp.dkpro.core.api.segmentation.type.Token",
    "@sofa" : 10,
    "begin" : 697,
    "end" : 700,
    "order" : 0
  }, {
    "%ID" : 135,
    "%TYPE" : "de.tudarmstadt.ukp.dkpro.core.api.segmentation.type.Token",
    "@sofa" : 10,
    "begin" : 701,
    "end" : 708,
    "order" : 0
  }, {
    "%ID" : 136,
    "%TYPE" : "de.tudarmstadt.ukp.dkpro.core.api.segmentation.type.Token",
    "@sofa" : 10,
    "begin" : 709,
    "end" : 712,
    "order" : 0
  }, {
    "%ID" : 137,
    "%TYPE" : "de.tudarmstadt.ukp.dkpro.core.api.segmentation.type.Token",
    "@sofa" : 10,
    "begin" : 713,
    "end" : 721,
    "order" : 0
  }, {
    "%ID" : 138,
    "%TYPE" : "de.tudarmstadt.ukp.dkpro.core.api.segmentation.type.Token",
    "@sofa" : 10,
    "begin" : 722,
    "end" : 734,
    "order" : 0
  }, {
    "%ID" : 139,
    "%TYPE" : "de.tudarmstadt.ukp.dkpro.core.api.segmentation.type.Token",
    "@sofa" : 10,
    "begin" : 735,
    "end" : 737,
    "order" : 0
  }, {
    "%ID" : 140,
    "%TYPE" : "de.tudarmstadt.ukp.dkpro.core.api.segmentation.type.Token",
    "@sofa" : 10,
    "begin" : 738,
    "end" : 741,
    "order" : 0
  }, {
    "%ID" : 141,
    "%TYPE" : "de.tudarmstadt.ukp.dkpro.core.api.segmentation.type.Token",
    "@sofa" : 10,
    "begin" : 742,
    "end" : 754,
    "order" : 0
  }, {
    "%ID" : 142,
    "%TYPE" : "de.tudarmstadt.ukp.dkpro.core.api.segmentation.type.Token",
    "@sofa" : 10,
    "begin" : 755,
    "end" : 765,
    "order" : 0
  }, {
    "%ID" : 143,
    "%TYPE" : "de.tudarmstadt.ukp.dkpro.core.api.segmentation.type.Token",
    "@sofa" : 10,
    "begin" : 766,
    "end" : 770,
    "order" : 0
  }, {
    "%ID" : 144,
    "%TYPE" : "de.tudarmstadt.ukp.dkpro.core.api.segmentation.type.Token",
    "@sofa" : 10,
    "begin" : 771,
    "end" : 773,
    "order" : 0
  }, {
    "%ID" : 145,
    "%TYPE" : "de.tudarmstadt.ukp.dkpro.core.api.segmentation.type.Token",
    "@sofa" : 10,
    "begin" : 774,
    "end" : 781,
    "order" : 0
  }, {
    "%ID" : 146,
    "%TYPE" : "de.tudarmstadt.ukp.dkpro.core.api.segmentation.type.Token",
    "@sofa" : 10,
    "begin" : 782,
    "end" : 784,
    "order" : 0
  }, {
    "%ID" : 147,
    "%TYPE" : "de.tudarmstadt.ukp.dkpro.core.api.segmentation.type.Token",
    "@sofa" : 10,
    "begin" : 785,
    "end" : 788,
    "order" : 0
  }, {
    "%ID" : 148,
    "%TYPE" : "de.tudarmstadt.ukp.dkpro.core.api.segmentation.type.Token",
    "@sofa" : 10,
    "begin" : 789,
    "end" : 796,
    "order" : 0
  }, {
    "%ID" : 149,
    "%TYPE" : "de.tudarmstadt.ukp.dkpro.core.api.segmentation.type.Token",
    "@sofa" : 10,
    "begin" : 797,
    "end" : 804,
    "order" : 0
  }, {
    "%ID" : 150,
    "%TYPE" : "de.tudarmstadt.ukp.dkpro.core.api.segmentation.type.Token",
    "@sofa" : 10,
    "begin" : 804,
    "end" : 805,
    "order" : 0
  }, {
    "%ID" : 151,
    "%TYPE" : "de.tudarmstadt.ukp.dkpro.core.api.segmentation.type.Token",
    "@sofa" : 10,
    "begin" : 806,
    "end" : 815,
    "order" : 0
  }, {
    "%ID" : 152,
    "%TYPE" : "de.tudarmstadt.ukp.dkpro.core.api.segmentation.type.Token",
    "@sofa" : 10,
    "begin" : 816,
    "end" : 818,
    "order" : 0
  }, {
    "%ID" : 153,
    "%TYPE" : "de.tudarmstadt.ukp.dkpro.core.api.segmentation.type.Token",
    "@sofa" : 10,
    "begin" : 819,
    "end" : 828,
    "order" : 0
  }, {
    "%ID" : 154,
    "%TYPE" : "de.tudarmstadt.ukp.dkpro.core.api.segmentation.type.Token",
    "@sofa" : 10,
    "begin" : 829,
    "end" : 832,
    "order" : 0
  }, {
    "%ID" : 155,
    "%TYPE" : "de.tudarmstadt.ukp.dkpro.core.api.segmentation.type.Token",
    "@sofa" : 10,
    "begin" : 833,
    "end" : 842,
    "order" : 0
  }, {
    "%ID" : 156,
    "%TYPE" : "de.tudarmstadt.ukp.dkpro.core.api.segmentation.type.Token",
    "@sofa" : 10,
    "begin" : 843,
    "end" : 845,
    "order" : 0
  }, {
    "%ID" : 157,
    "%TYPE" : "de.tudarmstadt.ukp.dkpro.core.api.segmentation.type.Token",
    "@sofa" : 10,
    "begin" : 846,
    "end" : 850,
    "order" : 0
  }, {
    "%ID" : 158,
    "%TYPE" : "de.tudarmstadt.ukp.dkpro.core.api.segmentation.type.Token",
    "@sofa" : 10,
    "begin" : 851,
    "end" : 854,
    "order" : 0
  }, {
    "%ID" : 159,
    "%TYPE" : "de.tudarmstadt.ukp.dkpro.core.api.segmentation.type.Token",
    "@sofa" : 10,
    "begin" : 855,
    "end" : 861,
    "order" : 0
  }, {
    "%ID" : 160,
    "%TYPE" : "de.tudarmstadt.ukp.dkpro.core.api.segmentation.type.Token",
    "@sofa" : 10,
    "begin" : 861,
    "end" : 862,
    "order" : 0
  }, {
    "%ID" : 161,
    "%TYPE" : "de.tudarmstadt.ukp.dkpro.core.api.segmentation.type.Token",
    "@sofa" : 10,
    "begin" : 863,
    "end" : 865,
    "order" : 0
  }, {
    "%ID" : 162,
    "%TYPE" : "de.tudarmstadt.ukp.dkpro.core.api.segmentation.type.Token",
    "@sofa" : 10,
    "begin" : 866,
    "end" : 875,
    "order" : 0
  }, {
    "%ID" : 163,
    "%TYPE" : "de.tudarmstadt.ukp.dkpro.core.api.segmentation.type.Token",
    "@sofa" : 10,
    "begin" : 876,
    "end" : 879,
    "order" : 0
  }, {
    "%ID" : 164,
    "%TYPE" : "de.tudarmstadt.ukp.dkpro.core.api.segmentation.type.Token",
    "@sofa" : 10,
    "begin" : 880,
    "end" : 888,
    "order" : 0
  }, {
    "%ID" : 165,
    "%TYPE" : "de.tudarmstadt.ukp.dkpro.core.api.segmentation.type.Token",
    "@sofa" : 10,
    "begin" : 889,
    "end" : 891,
    "order" : 0
  }, {
    "%ID" : 166,
    "%TYPE" : "de.tudarmstadt.ukp.dkpro.core.api.segmentation.type.Token",
    "@sofa" : 10,
    "begin" : 892,
    "end" : 896,
    "order" : 0
  }, {
    "%ID" : 167,
    "%TYPE" : "de.tudarmstadt.ukp.dkpro.core.api.segmentation.type.Token",
    "@sofa" : 10,
    "begin" : 897,
    "end" : 905,
    "order" : 0
  }, {
    "%ID" : 168,
    "%TYPE" : "de.tudarmstadt.ukp.dkpro.core.api.segmentation.type.Token",
    "@sofa" : 10,
    "begin" : 906,
    "end" : 911,
    "order" : 0
  }, {
    "%ID" : 169,
    "%TYPE" : "de.tudarmstadt.ukp.dkpro.core.api.segmentation.type.Token",
    "@sofa" : 10,
    "begin" : 912,
    "end" : 919,
    "order" : 0
  }, {
    "%ID" : 170,
    "%TYPE" : "de.tudarmstadt.ukp.dkpro.core.api.segmentation.type.Token",
    "@sofa" : 10,
    "begin" : 919,
    "end" : 920,
    "order" : 0
  }, {
    "%ID" : 171,
    "%TYPE" : "de.tudarmstadt.ukp.dkpro.core.api.segmentation.type.Token",
    "@sofa" : 10,
    "begin" : 921,
    "end" : 925,
    "order" : 0
  }, {
    "%ID" : 172,
    "%TYPE" : "de.tudarmstadt.ukp.dkpro.core.api.segmentation.type.Token",
    "@sofa" : 10,
    "begin" : 926,
    "end" : 929,
    "order" : 0
  }, {
    "%ID" : 173,
    "%TYPE" : "de.tudarmstadt.ukp.dkpro.core.api.segmentation.type.Token",
    "@sofa" : 10,
    "begin" : 930,
    "end" : 935,
    "order" : 0
  }, {
    "%ID" : 174,
    "%TYPE" : "de.tudarmstadt.ukp.dkpro.core.api.segmentation.type.Token",
    "@sofa" : 10,
    "begin" : 936,
    "end" : 947,
    "order" : 0
  }, {
    "%ID" : 175,
    "%TYPE" : "de.tudarmstadt.ukp.dkpro.core.api.segmentation.type.Token",
    "@sofa" : 10,
    "begin" : 948,
    "end" : 950,
    "order" : 0
  }, {
    "%ID" : 176,
    "%TYPE" : "de.tudarmstadt.ukp.dkpro.core.api.segmentation.type.Token",
    "@sofa" : 10,
    "begin" : 951,
    "end" : 960,
    "order" : 0
  }, {
    "%ID" : 177,
    "%TYPE" : "de.tudarmstadt.ukp.dkpro.core.api.segmentation.type.Token",
    "@sofa" : 10,
    "begin" : 961,
    "end" : 965,
    "order" : 0
  }, {
    "%ID" : 178,
    "%TYPE" : "de.tudarmstadt.ukp.dkpro.core.api.segmentation.type.Token",
    "@sofa" : 10,
    "begin" : 966,
    "end" : 975,
    "order" : 0
  }, {
    "%ID" : 179,
    "%TYPE" : "de.tudarmstadt.ukp.dkpro.core.api.segmentation.type.Token",
    "@sofa" : 10,
    "begin" : 976,
    "end" : 979,
    "order" : 0
  }, {
    "%ID" : 180,
    "%TYPE" : "de.tudarmstadt.ukp.dkpro.core.api.segmentation.type.Token",
    "@sofa" : 10,
    "begin" : 980,
    "end" : 985,
    "order" : 0
  }, {
    "%ID" : 181,
    "%TYPE" : "de.tudarmstadt.ukp.dkpro.core.api.segmentation.type.Token",
    "@sofa" : 10,
    "begin" : 986,
    "end" : 994,
    "order" : 0
  }, {
    "%ID" : 182,
    "%TYPE" : "de.tudarmstadt.ukp.dkpro.core.api.segmentation.type.Token",
    "@sofa" : 10,
    "begin" : 994,
    "end" : 995,
    "order" : 0
  }, {
    "%ID" : 183,
    "%TYPE" : "de.tudarmstadt.ukp.dkpro.core.api.segmentation.type.Token",
    "@sofa" : 10,
    "begin" : 996,
    "end" : 1000,
    "order" : 0
  }, {
    "%ID" : 184,
    "%TYPE" : "de.tudarmstadt.ukp.dkpro.core.api.segmentation.type.Token",
    "@sofa" : 10,
    "begin" : 1001,
    "end" : 1002,
    "order" : 0
  }, {
    "%ID" : 185,
    "%TYPE" : "de.tudarmstadt.ukp.dkpro.core.api.segmentation.type.Token",
    "@sofa" : 10,
    "begin" : 1003,
    "end" : 1007,
    "order" : 0
  }, {
    "%ID" : 186,
    "%TYPE" : "de.tudarmstadt.ukp.dkpro.core.api.segmentation.type.Token",
    "@sofa" : 10,
    "begin" : 1008,
    "end" : 1018,
    "order" : 0
  }, {
    "%ID" : 187,
    "%TYPE" : "de.tudarmstadt.ukp.dkpro.core.api.segmentation.type.Token",
    "@sofa" : 10,
    "begin" : 1019,
    "end" : 1021,
    "order" : 0
  }, {
    "%ID" : 188,
    "%TYPE" : "de.tudarmstadt.ukp.dkpro.core.api.segmentation.type.Token",
    "@sofa" : 10,
    "begin" : 1022,
    "end" : 1031,
    "order" : 0
  }, {
    "%ID" : 189,
    "%TYPE" : "de.tudarmstadt.ukp.dkpro.core.api.segmentation.type.Token",
    "@sofa" : 10,
    "begin" : 1032,
    "end" : 1036,
    "order" : 0
  }, {
    "%ID" : 190,
    "%TYPE" : "de.tudarmstadt.ukp.dkpro.core.api.segmentation.type.Token",
    "@sofa" : 10,
    "begin" : 1036,
    "end" : 1037,
    "order" : 0
  }, {
    "%ID" : 191,
    "%TYPE" : "de.tudarmstadt.ukp.dkpro.core.api.segmentation.type.Token",
    "@sofa" : 10,
    "begin" : 1038,
    "end" : 1041,
    "order" : 0
  }, {
    "%ID" : 192,
    "%TYPE" : "de.tudarmstadt.ukp.dkpro.core.api.segmentation.type.Token",
    "@sofa" : 10,
    "begin" : 1042,
    "end" : 1046,
    "order" : 0
  }, {
    "%ID" : 193,
    "%TYPE" : "de.tudarmstadt.ukp.dkpro.core.api.segmentation.type.Token",
    "@sofa" : 10,
    "begin" : 1047,
    "end" : 1050,
    "order" : 0
  }, {
    "%ID" : 194,
    "%TYPE" : "de.tudarmstadt.ukp.dkpro.core.api.segmentation.type.Token",
    "@sofa" : 10,
    "begin" : 1051,
    "end" : 1061,
    "order" : 0
  }, {
    "%ID" : 195,
    "%TYPE" : "de.tudarmstadt.ukp.dkpro.core.api.segmentation.type.Token",
    "@sofa" : 10,
    "begin" : 1062,
    "end" : 1066,
    "order" : 0
  }, {
    "%ID" : 196,
    "%TYPE" : "de.tudarmstadt.ukp.dkpro.core.api.segmentation.type.Token",
    "@sofa" : 10,
    "begin" : 1067,
    "end" : 1069,
    "order" : 0
  }, {
    "%ID" : 197,
    "%TYPE" : "de.tudarmstadt.ukp.dkpro.core.api.segmentation.type.Token",
    "@sofa" : 10,
    "begin" : 1070,
    "end" : 1072,
    "order" : 0
  }, {
    "%ID" : 198,
    "%TYPE" : "de.tudarmstadt.ukp.dkpro.core.api.segmentation.type.Token",
    "@sofa" : 10,
    "begin" : 1073,
    "end" : 1084,
    "order" : 0
  }, {
    "%ID" : 199,
    "%TYPE" : "de.tudarmstadt.ukp.dkpro.core.api.segmentation.type.Token",
    "@sofa" : 10,
    "begin" : 1085,
    "end" : 1091,
    "order" : 0
  }, {
    "%ID" : 200,
    "%TYPE" : "de.tudarmstadt.ukp.dkpro.core.api.segmentation.type.Token",
    "@sofa" : 10,
    "begin" : 1092,
    "end" : 1095,
    "order" : 0
  }, {
    "%ID" : 201,
    "%TYPE" : "de.tudarmstadt.ukp.dkpro.core.api.segmentation.type.Token",
    "@sofa" : 10,
    "begin" : 1096,
    "end" : 1099,
    "order" : 0
  }, {
    "%ID" : 202,
    "%TYPE" : "de.tudarmstadt.ukp.dkpro.core.api.segmentation.type.Token",
    "@sofa" : 10,
    "begin" : 1100,
    "end" : 1107,
    "order" : 0
  }, {
    "%ID" : 203,
    "%TYPE" : "de.tudarmstadt.ukp.dkpro.core.api.segmentation.type.Token",
    "@sofa" : 10,
    "begin" : 1107,
    "end" : 1108,
    "order" : 0
  }, {
    "%ID" : 204,
    "%TYPE" : "de.tudarmstadt.ukp.dkpro.core.api.segmentation.type.Token",
    "@sofa" : 10,
    "begin" : 1109,
    "end" : 1115,
    "order" : 0
  }, {
    "%ID" : 205,
    "%TYPE" : "de.tudarmstadt.ukp.dkpro.core.api.segmentation.type.Token",
    "@sofa" : 10,
    "begin" : 1116,
    "end" : 1123,
    "order" : 0
  }, {
    "%ID" : 206,
    "%TYPE" : "de.tudarmstadt.ukp.dkpro.core.api.segmentation.type.Token",
    "@sofa" : 10,
    "begin" : 1124,
    "end" : 1136,
    "order" : 0
  }, {
    "%ID" : 207,
    "%TYPE" : "de.tudarmstadt.ukp.dkpro.core.api.segmentation.type.Token",
    "@sofa" : 10,
    "begin" : 1136,
    "end" : 1137,
    "order" : 0
  }, {
    "%ID" : 208,
    "%TYPE" : "de.tudarmstadt.ukp.dkpro.core.api.segmentation.type.Token",
    "@sofa" : 10,
    "begin" : 1138,
    "end" : 1141,
    "order" : 0
  }, {
    "%ID" : 209,
    "%TYPE" : "de.tudarmstadt.ukp.dkpro.core.api.segmentation.type.Token",
    "@sofa" : 10,
    "begin" : 1142,
    "end" : 1145,
    "order" : 0
  }, {
    "%ID" : 210,
    "%TYPE" : "de.tudarmstadt.ukp.dkpro.core.api.segmentation.type.Token",
    "@sofa" : 10,
    "begin" : 1146,
    "end" : 1157,
    "order" : 0
  }, {
    "%ID" : 211,
    "%TYPE" : "de.tudarmstadt.ukp.dkpro.core.api.segmentation.type.Token",
    "@sofa" : 10,
    "begin" : 1158,
    "end" : 1160,
    "order" : 0
  }, {
    "%ID" : 212,
    "%TYPE" : "de.tudarmstadt.ukp.dkpro.core.api.segmentation.type.Token",
    "@sofa" : 10,
    "begin" : 1161,
    "end" : 1164,
    "order" : 0
  }, {
    "%ID" : 213,
    "%TYPE" : "de.tudarmstadt.ukp.dkpro.core.api.segmentation.type.Token",
    "@sofa" : 10,
    "begin" : 1165,
    "end" : 1177,
    "order" : 0
  }, {
    "%ID" : 214,
    "%TYPE" : "de.tudarmstadt.ukp.dkpro.core.api.segmentation.type.Token",
    "@sofa" : 10,
    "begin" : 1177,
    "end" : 1178,
    "order" : 0
  }, {
    "%ID" : 10,
    "%TYPE" : "uima.cas.Sofa",
    "sofaNum" : 1,
    "sofaID" : "_InitialView",
    "mimeType" : "text",
    "sofaString" : "New Zealand voted in favour of resolution 2272 (2016) because of the clear and pressing need for more robust action to combat sexual exploitation and abuse.\nNew Zealand respects the sacrifice and commends the meaningful contribution of the vast majority of United Nations peacekeepers.\nThe measures in this resolution support the Secretary-General's efforts with respect to sexual exploitation and abuse, in particular to address the systemic failure represented by the ongoing allegations.\n\nThe past 10 years, and especially this past year, have demonstrated that the status quo is neither working nor acceptable.\nThe Security Council has a responsibility to act on sexual exploitation and abuse and address the negative consequences of the peacekeeping operations that we members of the Council mandate, including to implement the standards we have all agreed.\nWe encourage all partners to work together going forward.\nOnly our close cooperation to implement zero tolerance and build capacity, with a real investment of political will, can make the difference that is so desperately needed for the victims, United Nations peacekeeping, and the credibility of the Organization.\n\n"
  }, {
    "%ID" : 215,
    "%TYPE" : "webanno.custom.AppraisalTheory",
    "@sofa" : 10,
    "begin" : 12,
    "end" : 27,
    "Attitude" : "affect",
    "Polarity" : "positive"
  }, {
    "%ID" : 216,
    "%TYPE" : "webanno.custom.AppraisalTheory",
    "@sofa" : 10,
    "begin" : 169,
    "end" : 204,
    "Attitude" : "affect",
    "Polarity" : "positive"
  }, {
    "%ID" : 217,
    "%TYPE" : "webanno.custom.AppraisalTheory",
    "@sofa" : 10,
    "begin" : 542,
    "end" : 613,
    "Attitude" : "judgement",
    "Polarity" : "negative"
  }, {
    "%ID" : 218,
    "%TYPE" : "webanno.custom.AppraisalTheory",
    "@sofa" : 10,
    "begin" : 636,
    "end" : 666,
    "Attitude" : "judgement",
    "Polarity" : "positive"
  }, {
    "%ID" : 219,
    "%TYPE" : "webanno.custom.AppraisalTheory",
    "@sofa" : 10,
    "begin" : 863,
    "end" : 891,
    "Attitude" : "affect",
    "Polarity" : "positive"
  }, {
    "%ID" : 220,
    "%TYPE" : "webanno.custom.AppraisalTheory",
    "@sofa" : 10,
    "begin" : 843,
    "end" : 861,
    "Attitude" : "affect",
    "Polarity" : "positive"
  } ],
  "%VIEWS" : {
    "_InitialView" : {
      "%SOFA" : 10,
      "%MEMBERS" : [ 1, 2, 3, 4, 5, 6, 7, 8, 9, 11, 12, 13, 14, 15, 16, 17, 18, 19, 20, 21, 22, 23, 24, 25, 26, 27, 28, 29, 30, 31, 32, 33, 34, 35, 36, 37, 38, 39, 40, 41, 42, 43, 44, 45, 46, 47, 48, 49, 50, 51, 52, 53, 54, 55, 56, 57, 58, 59, 60, 61, 62, 63, 64, 65, 66, 67, 68, 69, 70, 71, 72, 73, 74, 75, 76, 77, 78, 79, 80, 81, 82, 83, 84, 85, 86, 87, 88, 89, 90, 91, 92, 93, 94, 95, 96, 97, 98, 99, 100, 101, 102, 103, 104, 105, 106, 107, 108, 109, 110, 111, 112, 113, 114, 115, 116, 117, 118, 119, 120, 121, 122, 123, 124, 125, 126, 127, 128, 129, 130, 131, 132, 133, 134, 135, 136, 137, 138, 139, 140, 141, 142, 143, 144, 145, 146, 147, 148, 149, 150, 151, 152, 153, 154, 155, 156, 157, 158, 159, 160, 161, 162, 163, 164, 165, 166, 167, 168, 169, 170, 171, 172, 173, 174, 175, 176, 177, 178, 179, 180, 181, 182, 183, 184, 185, 186, 187, 188, 189, 190, 191, 192, 193, 194, 195, 196, 197, 198, 199, 200, 201, 202, 203, 204, 205, 206, 207, 208, 209, 210, 211, 212, 213, 214, 215, 216, 217, 218, 219, 220 ]
    }
  }
}