{
  "%TYPES" : {
    "de.tudarmstadt.ukp.clarin.webanno.api.type.FeatureDefinition" : {
      "%NAME" : "de.tudarmstadt.ukp.clarin.webanno.api.type.FeatureDefinition",
      "%SUPER_TYPE" : "uima.cas.TOP",
      "layer" : {
        "%NAME" : "layer",
        "%RANGE" : "de.tudarmstadt.ukp.clarin.webanno.api.type.LayerDefinition"
      },
      "name" : {
        "%NAME" : "name",
        "%RANGE" : "uima.cas.String"
      },
      "uiName" : {
        "%NAME" : "uiName",
        "%RANGE" : "uima.cas.String"
      }
    },
    "de.tudarmstadt.ukp.clarin.webanno.api.type.LayerDefinition" : {
      "%NAME" : "de.tudarmstadt.ukp.clarin.webanno.api.type.LayerDefinition",
      "%SUPER_TYPE" : "uima.cas.TOP",
      "name" : {
        "%NAME" : "name",
        "%RANGE" : "uima.cas.String"
      },
      "uiName" : {
        "%NAME" : "uiName",
        "%RANGE" : "uima.cas.String"
      }
    },
    "de.tudarmstadt.ukp.dkpro.core.api.lexmorph.type.morph.MorphologicalFeatures" : {
      "%NAME" : "de.tudarmstadt.ukp.dkpro.core.api.lexmorph.type.morph.MorphologicalFeatures",
      "%SUPER_TYPE" : "uima.tcas.Annotation",
      "gender" : {
        "%NAME" : "gender",
        "%RANGE" : "uima.cas.String"
      },
      "number" : {
        "%NAME" : "number",
        "%RANGE" : "uima.cas.String"
      },
      "case" : {
        "%NAME" : "case",
        "%RANGE" : "uima.cas.String"
      },
      "degree" : {
        "%NAME" : "degree",
        "%RANGE" : "uima.cas.String"
      },
      "verbForm" : {
        "%NAME" : "verbForm",
        "%RANGE" : "uima.cas.String"
      },
      "tense" : {
        "%NAME" : "tense",
        "%RANGE" : "uima.cas.String"
      },
      "mood" : {
        "%NAME" : "mood",
        "%RANGE" : "uima.cas.String"
      },
      "voice" : {
        "%NAME" : "voice",
        "%RANGE" : "uima.cas.String"
      },
      "definiteness" : {
        "%NAME" : "definiteness",
        "%RANGE" : "uima.cas.String"
      },
      "value" : {
        "%NAME" : "value",
        "%RANGE" : "uima.cas.String"
      },
      "person" : {
        "%NAME" : "person",
        "%RANGE" : "uima.cas.String"
      },
      "aspect" : {
        "%NAME" : "aspect",
        "%RANGE" : "uima.cas.String"
      },
      "animacy" : {
        "%NAME" : "animacy",
        "%RANGE" : "uima.cas.String"
      },
      "negative" : {
        "%NAME" : "negative",
        "%RANGE" : "uima.cas.String"
      },
      "numType" : {
        "%NAME" : "numType",
        "%RANGE" : "uima.cas.String"
      },
      "possessive" : {
        "%NAME" : "possessive",
        "%RANGE" : "uima.cas.String"
      },
      "pronType" : {
        "%NAME" : "pronType",
        "%RANGE" : "uima.cas.String"
      },
      "reflex" : {
        "%NAME" : "reflex",
        "%RANGE" : "uima.cas.String"
      },
      "transitivity" : {
        "%NAME" : "transitivity",
        "%RANGE" : "uima.cas.String"
      }
    },
    "de.tudarmstadt.ukp.dkpro.core.api.lexmorph.type.pos.POS" : {
      "%NAME" : "de.tudarmstadt.ukp.dkpro.core.api.lexmorph.type.pos.POS",
      "%SUPER_TYPE" : "uima.tcas.Annotation",
      "PosValue" : {
        "%NAME" : "PosValue",
        "%RANGE" : "uima.cas.String"
      },
      "coarseValue" : {
        "%NAME" : "coarseValue",
        "%RANGE" : "uima.cas.String"
      }
    },
    "de.tudarmstadt.ukp.dkpro.core.api.metadata.type.DocumentMetaData" : {
      "%NAME" : "de.tudarmstadt.ukp.dkpro.core.api.metadata.type.DocumentMetaData",
      "%SUPER_TYPE" : "uima.tcas.DocumentAnnotation",
      "documentTitle" : {
        "%NAME" : "documentTitle",
        "%RANGE" : "uima.cas.String"
      },
      "documentId" : {
        "%NAME" : "documentId",
        "%RANGE" : "uima.cas.String"
      },
      "documentUri" : {
        "%NAME" : "documentUri",
        "%RANGE" : "uima.cas.String"
      },
      "collectionId" : {
        "%NAME" : "collectionId",
        "%RANGE" : "uima.cas.String"
      },
      "documentBaseUri" : {
        "%NAME" : "documentBaseUri",
        "%RANGE" : "uima.cas.String"
      },
      "isLastSegment" : {
        "%NAME" : "isLastSegment",
        "%RANGE" : "uima.cas.Boolean"
      }
    },
    "de.tudarmstadt.ukp.dkpro.core.api.metadata.type.TagDescription" : {
      "%NAME" : "de.tudarmstadt.ukp.dkpro.core.api.metadata.type.TagDescription",
      "%SUPER_TYPE" : "uima.cas.TOP",
      "name" : {
        "%NAME" : "name",
        "%RANGE" : "uima.cas.String"
      }
    },
    "de.tudarmstadt.ukp.dkpro.core.api.metadata.type.TagsetDescription" : {
      "%NAME" : "de.tudarmstadt.ukp.dkpro.core.api.metadata.type.TagsetDescription",
      "%SUPER_TYPE" : "uima.tcas.Annotation",
      "layer" : {
        "%NAME" : "layer",
        "%RANGE" : "uima.cas.String"
      },
      "name" : {
        "%NAME" : "name",
        "%RANGE" : "uima.cas.String"
      },
      "tags" : {
        "%NAME" : "tags",
        "%RANGE" : "de.tudarmstadt.ukp.dkpro.core.api.metadata.type.TagDescription[]"
      },
      "componentName" : {
        "%NAME" : "componentName",
        "%RANGE" : "uima.cas.String"
      },
      "modelLocation" : {
        "%NAME" : "modelLocation",
        "%RANGE" : "uima.cas.String"
      },
      "modelVariant" : {
        "%NAME" : "modelVariant",
        "%RANGE" : "uima.cas.String"
      },
      "modelLanguage" : {
        "%NAME" : "modelLanguage",
        "%RANGE" : "uima.cas.String"
      },
      "modelVersion" : {
        "%NAME" : "modelVersion",
        "%RANGE" : "uima.cas.String"
      },
      "input" : {
        "%NAME" : "input",
        "%RANGE" : "uima.cas.Boolean"
      }
    },
    "de.tudarmstadt.ukp.dkpro.core.api.segmentation.type.Lemma" : {
      "%NAME" : "de.tudarmstadt.ukp.dkpro.core.api.segmentation.type.Lemma",
      "%SUPER_TYPE" : "uima.tcas.Annotation",
      "value" : {
        "%NAME" : "value",
        "%RANGE" : "uima.cas.String"
      }
    },
    "de.tudarmstadt.ukp.dkpro.core.api.segmentation.type.Sentence" : {
      "%NAME" : "de.tudarmstadt.ukp.dkpro.core.api.segmentation.type.Sentence",
      "%SUPER_TYPE" : "uima.tcas.Annotation",
      "id" : {
        "%NAME" : "id",
        "%RANGE" : "uima.cas.String"
      }
    },
    "de.tudarmstadt.ukp.dkpro.core.api.segmentation.type.Stem" : {
      "%NAME" : "de.tudarmstadt.ukp.dkpro.core.api.segmentation.type.Stem",
      "%SUPER_TYPE" : "uima.tcas.Annotation",
      "value" : {
        "%NAME" : "value",
        "%RANGE" : "uima.cas.String"
      }
    },
    "de.tudarmstadt.ukp.dkpro.core.api.segmentation.type.Token" : {
      "%NAME" : "de.tudarmstadt.ukp.dkpro.core.api.segmentation.type.Token",
      "%SUPER_TYPE" : "uima.tcas.Annotation",
      "parent" : {
        "%NAME" : "parent",
        "%RANGE" : "uima.tcas.Annotation"
      },
      "lemma" : {
        "%NAME" : "lemma",
        "%RANGE" : "de.tudarmstadt.ukp.dkpro.core.api.segmentation.type.Lemma"
      },
      "stem" : {
        "%NAME" : "stem",
        "%RANGE" : "de.tudarmstadt.ukp.dkpro.core.api.segmentation.type.Stem"
      },
      "pos" : {
        "%NAME" : "pos",
        "%RANGE" : "de.tudarmstadt.ukp.dkpro.core.api.lexmorph.type.pos.POS"
      },
      "morph" : {
        "%NAME" : "morph",
        "%RANGE" : "de.tudarmstadt.ukp.dkpro.core.api.lexmorph.type.morph.MorphologicalFeatures"
      },
      "id" : {
        "%NAME" : "id",
        "%RANGE" : "uima.cas.String"
      },
      "form" : {
        "%NAME" : "form",
        "%RANGE" : "de.tudarmstadt.ukp.dkpro.core.api.segmentation.type.TokenForm"
      },
      "syntacticFunction" : {
        "%NAME" : "syntacticFunction",
        "%RANGE" : "uima.cas.String"
      },
      "order" : {
        "%NAME" : "order",
        "%RANGE" : "uima.cas.Integer"
      }
    },
    "de.tudarmstadt.ukp.dkpro.core.api.segmentation.type.TokenForm" : {
      "%NAME" : "de.tudarmstadt.ukp.dkpro.core.api.segmentation.type.TokenForm",
      "%SUPER_TYPE" : "uima.tcas.Annotation",
      "value" : {
        "%NAME" : "value",
        "%RANGE" : "uima.cas.String"
      }
    },
    "webanno.custom.AppraisalTheory" : {
      "%NAME" : "webanno.custom.AppraisalTheory",
      "%SUPER_TYPE" : "uima.tcas.Annotation",
      "Attitude" : {
        "%NAME" : "Attitude",
        "%RANGE" : "uima.cas.String"
      },
      "Attitude_target" : {
        "%NAME" : "Attitude_target",
        "%RANGE" : "uima.cas.String"
      },
      "Polarity" : {
        "%NAME" : "Polarity",
        "%RANGE" : "uima.cas.String"
      }
    }
  },
  "%FEATURE_STRUCTURES" : [ {
    "%ID" : 1,
    "%TYPE" : "de.tudarmstadt.ukp.clarin.webanno.api.type.FeatureDefinition",
    "@layer" : 2,
    "name" : "Attitude",
    "uiName" : "Attitude"
  }, {
    "%ID" : 3,
    "%TYPE" : "de.tudarmstadt.ukp.clarin.webanno.api.type.FeatureDefinition",
    "@layer" : 2,
    "name" : "Attitude_target",
    "uiName" : "Attitude_target"
  }, {
    "%ID" : 4,
    "%TYPE" : "de.tudarmstadt.ukp.clarin.webanno.api.type.FeatureDefinition",
    "@layer" : 2,
    "name" : "Polarity",
    "uiName" : "Polarity"
  }, {
    "%ID" : 5,
    "%TYPE" : "de.tudarmstadt.ukp.clarin.webanno.api.type.FeatureDefinition",
    "@layer" : 6,
    "name" : "Dependent",
    "uiName" : "Target"
  }, {
    "%ID" : 7,
    "%TYPE" : "de.tudarmstadt.ukp.clarin.webanno.api.type.FeatureDefinition",
    "@layer" : 6,
    "name" : "Governor",
    "uiName" : "Source"
  }, {
    "%ID" : 8,
    "%TYPE" : "de.tudarmstadt.ukp.clarin.webanno.api.type.FeatureDefinition",
    "@layer" : 6,
    "name" : "target_relation",
    "uiName" : "attitude_relation"
  }, {
    "%ID" : 2,
    "%TYPE" : "de.tudarmstadt.ukp.clarin.webanno.api.type.LayerDefinition",
    "name" : "webanno.custom.AppraisalTheory",
    "uiName" : "AppraisalTheory"
  }, {
    "%ID" : 6,
    "%TYPE" : "de.tudarmstadt.ukp.clarin.webanno.api.type.LayerDefinition",
    "name" : "webanno.custom.AttitudeTargetRelations",
    "uiName" : "AttitudeTargetRelations"
  }, {
    "%ID" : 9,
    "%TYPE" : "de.tudarmstadt.ukp.dkpro.core.api.metadata.type.DocumentMetaData",
    "@sofa" : 10,
    "begin" : 0,
    "end" : 1141,
    "language" : "x-unspecified",
    "documentTitle" : "UNSC_2016_SPV.7643_spch014_sentsplit_Spain.txt",
    "documentId" : "admin",
    "documentUri" : "appraisal-annotation-in-unsc-speeches-_i/admin",
    "collectionId" : "appraisal-annotation-in-unsc-speeches-_i/admin",
    "documentBaseUri" : "appraisal-annotation-in-unsc-speeches-_i",
    "isLastSegment" : false
  }, {
    "%ID" : 11,
    "%TYPE" : "de.tudarmstadt.ukp.dkpro.core.api.metadata.type.TagsetDescription",
    "@sofa" : 10,
    "begin" : 0,
    "end" : 0,
    "layer" : "webanno.custom.AppraisalTheory",
    "name" : "polarity_lables",
    "input" : false
  }, {
    "%ID" : 12,
    "%TYPE" : "de.tudarmstadt.ukp.dkpro.core.api.metadata.type.TagsetDescription",
    "@sofa" : 10,
    "begin" : 0,
    "end" : 0,
    "layer" : "webanno.custom.AttitudeTargetRelations",
    "name" : "attitude_target_label",
    "input" : false
  }, {
    "%ID" : 13,
    "%TYPE" : "de.tudarmstadt.ukp.dkpro.core.api.segmentation.type.Sentence",
    "@sofa" : 10,
    "begin" : 0,
    "end" : 61
  }, {
    "%ID" : 14,
    "%TYPE" : "de.tudarmstadt.ukp.dkpro.core.api.segmentation.type.Sentence",
    "@sofa" : 10,
    "begin" : 63,
    "end" : 180
  }, {
    "%ID" : 15,
    "%TYPE" : "de.tudarmstadt.ukp.dkpro.core.api.segmentation.type.Sentence",
    "@sofa" : 10,
    "begin" : 181,
    "end" : 352
  }, {
    "%ID" : 16,
    "%TYPE" : "de.tudarmstadt.ukp.dkpro.core.api.segmentation.type.Sentence",
    "@sofa" : 10,
    "begin" : 353,
    "end" : 524
  }, {
    "%ID" : 17,
    "%TYPE" : "de.tudarmstadt.ukp.dkpro.core.api.segmentation.type.Sentence",
    "@sofa" : 10,
    "begin" : 525,
    "end" : 556
  }, {
    "%ID" : 18,
    "%TYPE" : "de.tudarmstadt.ukp.dkpro.core.api.segmentation.type.Sentence",
    "@sofa" : 10,
    "begin" : 557,
    "end" : 672
  }, {
    "%ID" : 19,
    "%TYPE" : "de.tudarmstadt.ukp.dkpro.core.api.segmentation.type.Sentence",
    "@sofa" : 10,
    "begin" : 673,
    "end" : 801
  }, {
    "%ID" : 20,
    "%TYPE" : "de.tudarmstadt.ukp.dkpro.core.api.segmentation.type.Sentence",
    "@sofa" : 10,
    "begin" : 802,
    "end" : 872
  }, {
    "%ID" : 21,
    "%TYPE" : "de.tudarmstadt.ukp.dkpro.core.api.segmentation.type.Sentence",
    "@sofa" : 10,
    "begin" : 873,
    "end" : 1086
  }, {
    "%ID" : 22,
    "%TYPE" : "de.tudarmstadt.ukp.dkpro.core.api.segmentation.type.Sentence",
    "@sofa" : 10,
    "begin" : 1087,
    "end" : 1139
  }, {
    "%ID" : 23,
    "%TYPE" : "de.tudarmstadt.ukp.dkpro.core.api.segmentation.type.Token",
    "@sofa" : 10,
    "begin" : 0,
    "end" : 5,
    "order" : 0
  }, {
    "%ID" : 24,
    "%TYPE" : "de.tudarmstadt.ukp.dkpro.core.api.segmentation.type.Token",
    "@sofa" : 10,
    "begin" : 6,
    "end" : 12,
    "order" : 0
  }, {
    "%ID" : 25,
    "%TYPE" : "de.tudarmstadt.ukp.dkpro.core.api.segmentation.type.Token",
    "@sofa" : 10,
    "begin" : 13,
    "end" : 16,
    "order" : 0
  }, {
    "%ID" : 26,
    "%TYPE" : "de.tudarmstadt.ukp.dkpro.core.api.segmentation.type.Token",
    "@sofa" : 10,
    "begin" : 17,
    "end" : 23,
    "order" : 0
  }, {
    "%ID" : 27,
    "%TYPE" : "de.tudarmstadt.ukp.dkpro.core.api.segmentation.type.Token",
    "@sofa" : 10,
    "begin" : 24,
    "end" : 30,
    "order" : 0
  }, {
    "%ID" : 28,
    "%TYPE" : "de.tudarmstadt.ukp.dkpro.core.api.segmentation.type.Token",
    "@sofa" : 10,
    "begin" : 31,
    "end" : 34,
    "order" : 0
  }, {
    "%ID" : 29,
    "%TYPE" : "de.tudarmstadt.ukp.dkpro.core.api.segmentation.type.Token",
    "@sofa" : 10,
    "begin" : 35,
    "end" : 39,
    "order" : 0
  }, {
    "%ID" : 30,
    "%TYPE" : "de.tudarmstadt.ukp.dkpro.core.api.segmentation.type.Token",
    "@sofa" : 10,
    "begin" : 40,
    "end" : 49,
    "order" : 0
  }, {
    "%ID" : 31,
    "%TYPE" : "de.tudarmstadt.ukp.dkpro.core.api.segmentation.type.Token",
    "@sofa" : 10,
    "begin" : 50,
    "end" : 60,
    "order" : 0
  }, {
    "%ID" : 32,
    "%TYPE" : "de.tudarmstadt.ukp.dkpro.core.api.segmentation.type.Token",
    "@sofa" : 10,
    "begin" : 60,
    "end" : 61,
    "order" : 0
  }, {
    "%ID" : 33,
    "%TYPE" : "de.tudarmstadt.ukp.dkpro.core.api.segmentation.type.Token",
    "@sofa" : 10,
    "begin" : 63,
    "end" : 65,
    "order" : 0
  }, {
    "%ID" : 34,
    "%TYPE" : "de.tudarmstadt.ukp.dkpro.core.api.segmentation.type.Token",
    "@sofa" : 10,
    "begin" : 66,
    "end" : 70,
    "order" : 0
  }, {
    "%ID" : 35,
    "%TYPE" : "de.tudarmstadt.ukp.dkpro.core.api.segmentation.type.Token",
    "@sofa" : 10,
    "begin" : 71,
    "end" : 75,
    "order" : 0
  }, {
    "%ID" : 36,
    "%TYPE" : "de.tudarmstadt.ukp.dkpro.core.api.segmentation.type.Token",
    "@sofa" : 10,
    "begin" : 76,
    "end" : 83,
    "order" : 0
  }, {
    "%ID" : 37,
    "%TYPE" : "de.tudarmstadt.ukp.dkpro.core.api.segmentation.type.Token",
    "@sofa" : 10,
    "begin" : 84,
    "end" : 94,
    "order" : 0
  }, {
    "%ID" : 38,
    "%TYPE" : "de.tudarmstadt.ukp.dkpro.core.api.segmentation.type.Token",
    "@sofa" : 10,
    "begin" : 95,
    "end" : 99,
    "order" : 0
  }, {
    "%ID" : 39,
    "%TYPE" : "de.tudarmstadt.ukp.dkpro.core.api.segmentation.type.Token",
    "@sofa" : 10,
    "begin" : 100,
    "end" : 101,
    "order" : 0
  }, {
    "%ID" : 40,
    "%TYPE" : "de.tudarmstadt.ukp.dkpro.core.api.segmentation.type.Token",
    "@sofa" : 10,
    "begin" : 101,
    "end" : 105,
    "order" : 0
  }, {
    "%ID" : 41,
    "%TYPE" : "de.tudarmstadt.ukp.dkpro.core.api.segmentation.type.Token",
    "@sofa" : 10,
    "begin" : 105,
    "end" : 106,
    "order" : 0
  }, {
    "%ID" : 42,
    "%TYPE" : "de.tudarmstadt.ukp.dkpro.core.api.segmentation.type.Token",
    "@sofa" : 10,
    "begin" : 106,
    "end" : 107,
    "order" : 0
  }, {
    "%ID" : 43,
    "%TYPE" : "de.tudarmstadt.ukp.dkpro.core.api.segmentation.type.Token",
    "@sofa" : 10,
    "begin" : 108,
    "end" : 111,
    "order" : 0
  }, {
    "%ID" : 44,
    "%TYPE" : "de.tudarmstadt.ukp.dkpro.core.api.segmentation.type.Token",
    "@sofa" : 10,
    "begin" : 112,
    "end" : 117,
    "order" : 0
  }, {
    "%ID" : 45,
    "%TYPE" : "de.tudarmstadt.ukp.dkpro.core.api.segmentation.type.Token",
    "@sofa" : 10,
    "begin" : 118,
    "end" : 120,
    "order" : 0
  }, {
    "%ID" : 46,
    "%TYPE" : "de.tudarmstadt.ukp.dkpro.core.api.segmentation.type.Token",
    "@sofa" : 10,
    "begin" : 121,
    "end" : 128,
    "order" : 0
  }, {
    "%ID" : 47,
    "%TYPE" : "de.tudarmstadt.ukp.dkpro.core.api.segmentation.type.Token",
    "@sofa" : 10,
    "begin" : 129,
    "end" : 140,
    "order" : 0
  }, {
    "%ID" : 48,
    "%TYPE" : "de.tudarmstadt.ukp.dkpro.core.api.segmentation.type.Token",
    "@sofa" : 10,
    "begin" : 141,
    "end" : 148,
    "order" : 0
  }, {
    "%ID" : 49,
    "%TYPE" : "de.tudarmstadt.ukp.dkpro.core.api.segmentation.type.Token",
    "@sofa" : 10,
    "begin" : 149,
    "end" : 155,
    "order" : 0
  }, {
    "%ID" : 50,
    "%TYPE" : "de.tudarmstadt.ukp.dkpro.core.api.segmentation.type.Token",
    "@sofa" : 10,
    "begin" : 156,
    "end" : 166,
    "order" : 0
  }, {
    "%ID" : 51,
    "%TYPE" : "de.tudarmstadt.ukp.dkpro.core.api.segmentation.type.Token",
    "@sofa" : 10,
    "begin" : 167,
    "end" : 179,
    "order" : 0
  }, {
    "%ID" : 52,
    "%TYPE" : "de.tudarmstadt.ukp.dkpro.core.api.segmentation.type.Token",
    "@sofa" : 10,
    "begin" : 179,
    "end" : 180,
    "order" : 0
  }, {
    "%ID" : 53,
    "%TYPE" : "de.tudarmstadt.ukp.dkpro.core.api.segmentation.type.Token",
    "@sofa" : 10,
    "begin" : 181,
    "end" : 185,
    "order" : 0
  }, {
    "%ID" : 54,
    "%TYPE" : "de.tudarmstadt.ukp.dkpro.core.api.segmentation.type.Token",
    "@sofa" : 10,
    "begin" : 186,
    "end" : 190,
    "order" : 0
  }, {
    "%ID" : 55,
    "%TYPE" : "de.tudarmstadt.ukp.dkpro.core.api.segmentation.type.Token",
    "@sofa" : 10,
    "begin" : 191,
    "end" : 201,
    "order" : 0
  }, {
    "%ID" : 56,
    "%TYPE" : "de.tudarmstadt.ukp.dkpro.core.api.segmentation.type.Token",
    "@sofa" : 10,
    "begin" : 201,
    "end" : 202,
    "order" : 0
  }, {
    "%ID" : 57,
    "%TYPE" : "de.tudarmstadt.ukp.dkpro.core.api.segmentation.type.Token",
    "@sofa" : 10,
    "begin" : 203,
    "end" : 206,
    "order" : 0
  }, {
    "%ID" : 58,
    "%TYPE" : "de.tudarmstadt.ukp.dkpro.core.api.segmentation.type.Token",
    "@sofa" : 10,
    "begin" : 207,
    "end" : 215,
    "order" : 0
  }, {
    "%ID" : 59,
    "%TYPE" : "de.tudarmstadt.ukp.dkpro.core.api.segmentation.type.Token",
    "@sofa" : 10,
    "begin" : 216,
    "end" : 223,
    "order" : 0
  }, {
    "%ID" : 60,
    "%TYPE" : "de.tudarmstadt.ukp.dkpro.core.api.segmentation.type.Token",
    "@sofa" : 10,
    "begin" : 224,
    "end" : 226,
    "order" : 0
  }, {
    "%ID" : 61,
    "%TYPE" : "de.tudarmstadt.ukp.dkpro.core.api.segmentation.type.Token",
    "@sofa" : 10,
    "begin" : 227,
    "end" : 234,
    "order" : 0
  }, {
    "%ID" : 62,
    "%TYPE" : "de.tudarmstadt.ukp.dkpro.core.api.segmentation.type.Token",
    "@sofa" : 10,
    "begin" : 235,
    "end" : 236,
    "order" : 0
  }, {
    "%ID" : 63,
    "%TYPE" : "de.tudarmstadt.ukp.dkpro.core.api.segmentation.type.Token",
    "@sofa" : 10,
    "begin" : 237,
    "end" : 243,
    "order" : 0
  }, {
    "%ID" : 64,
    "%TYPE" : "de.tudarmstadt.ukp.dkpro.core.api.segmentation.type.Token",
    "@sofa" : 10,
    "begin" : 244,
    "end" : 251,
    "order" : 0
  }, {
    "%ID" : 65,
    "%TYPE" : "de.tudarmstadt.ukp.dkpro.core.api.segmentation.type.Token",
    "@sofa" : 10,
    "begin" : 252,
    "end" : 254,
    "order" : 0
  }, {
    "%ID" : 66,
    "%TYPE" : "de.tudarmstadt.ukp.dkpro.core.api.segmentation.type.Token",
    "@sofa" : 10,
    "begin" : 255,
    "end" : 258,
    "order" : 0
  }, {
    "%ID" : 67,
    "%TYPE" : "de.tudarmstadt.ukp.dkpro.core.api.segmentation.type.Token",
    "@sofa" : 10,
    "begin" : 259,
    "end" : 262,
    "order" : 0
  }, {
    "%ID" : 68,
    "%TYPE" : "de.tudarmstadt.ukp.dkpro.core.api.segmentation.type.Token",
    "@sofa" : 10,
    "begin" : 263,
    "end" : 267,
    "order" : 0
  }, {
    "%ID" : 69,
    "%TYPE" : "de.tudarmstadt.ukp.dkpro.core.api.segmentation.type.Token",
    "@sofa" : 10,
    "begin" : 268,
    "end" : 271,
    "order" : 0
  }, {
    "%ID" : 70,
    "%TYPE" : "de.tudarmstadt.ukp.dkpro.core.api.segmentation.type.Token",
    "@sofa" : 10,
    "begin" : 272,
    "end" : 286,
    "order" : 0
  }, {
    "%ID" : 71,
    "%TYPE" : "de.tudarmstadt.ukp.dkpro.core.api.segmentation.type.Token",
    "@sofa" : 10,
    "begin" : 287,
    "end" : 289,
    "order" : 0
  }, {
    "%ID" : 72,
    "%TYPE" : "de.tudarmstadt.ukp.dkpro.core.api.segmentation.type.Token",
    "@sofa" : 10,
    "begin" : 290,
    "end" : 299,
    "order" : 0
  }, {
    "%ID" : 73,
    "%TYPE" : "de.tudarmstadt.ukp.dkpro.core.api.segmentation.type.Token",
    "@sofa" : 10,
    "begin" : 300,
    "end" : 304,
    "order" : 0
  }, {
    "%ID" : 74,
    "%TYPE" : "de.tudarmstadt.ukp.dkpro.core.api.segmentation.type.Token",
    "@sofa" : 10,
    "begin" : 305,
    "end" : 312,
    "order" : 0
  }, {
    "%ID" : 75,
    "%TYPE" : "de.tudarmstadt.ukp.dkpro.core.api.segmentation.type.Token",
    "@sofa" : 10,
    "begin" : 312,
    "end" : 313,
    "order" : 0
  }, {
    "%ID" : 76,
    "%TYPE" : "de.tudarmstadt.ukp.dkpro.core.api.segmentation.type.Token",
    "@sofa" : 10,
    "begin" : 314,
    "end" : 317,
    "order" : 0
  }, {
    "%ID" : 77,
    "%TYPE" : "de.tudarmstadt.ukp.dkpro.core.api.segmentation.type.Token",
    "@sofa" : 10,
    "begin" : 318,
    "end" : 322,
    "order" : 0
  }, {
    "%ID" : 78,
    "%TYPE" : "de.tudarmstadt.ukp.dkpro.core.api.segmentation.type.Token",
    "@sofa" : 10,
    "begin" : 323,
    "end" : 337,
    "order" : 0
  }, {
    "%ID" : 79,
    "%TYPE" : "de.tudarmstadt.ukp.dkpro.core.api.segmentation.type.Token",
    "@sofa" : 10,
    "begin" : 338,
    "end" : 340,
    "order" : 0
  }, {
    "%ID" : 80,
    "%TYPE" : "de.tudarmstadt.ukp.dkpro.core.api.segmentation.type.Token",
    "@sofa" : 10,
    "begin" : 341,
    "end" : 351,
    "order" : 0
  }, {
    "%ID" : 81,
    "%TYPE" : "de.tudarmstadt.ukp.dkpro.core.api.segmentation.type.Token",
    "@sofa" : 10,
    "begin" : 351,
    "end" : 352,
    "order" : 0
  }, {
    "%ID" : 82,
    "%TYPE" : "de.tudarmstadt.ukp.dkpro.core.api.segmentation.type.Token",
    "@sofa" : 10,
    "begin" : 353,
    "end" : 355,
    "order" : 0
  }, {
    "%ID" : 83,
    "%TYPE" : "de.tudarmstadt.ukp.dkpro.core.api.segmentation.type.Token",
    "@sofa" : 10,
    "begin" : 356,
    "end" : 366,
    "order" : 0
  }, {
    "%ID" : 84,
    "%TYPE" : "de.tudarmstadt.ukp.dkpro.core.api.segmentation.type.Token",
    "@sofa" : 10,
    "begin" : 367,
    "end" : 376,
    "order" : 0
  }, {
    "%ID" : 85,
    "%TYPE" : "de.tudarmstadt.ukp.dkpro.core.api.segmentation.type.Token",
    "@sofa" : 10,
    "begin" : 377,
    "end" : 380,
    "order" : 0
  }, {
    "%ID" : 86,
    "%TYPE" : "de.tudarmstadt.ukp.dkpro.core.api.segmentation.type.Token",
    "@sofa" : 10,
    "begin" : 381,
    "end" : 385,
    "order" : 0
  }, {
    "%ID" : 87,
    "%TYPE" : "de.tudarmstadt.ukp.dkpro.core.api.segmentation.type.Token",
    "@sofa" : 10,
    "begin" : 386,
    "end" : 389,
    "order" : 0
  }, {
    "%ID" : 88,
    "%TYPE" : "de.tudarmstadt.ukp.dkpro.core.api.segmentation.type.Token",
    "@sofa" : 10,
    "begin" : 390,
    "end" : 397,
    "order" : 0
  }, {
    "%ID" : 89,
    "%TYPE" : "de.tudarmstadt.ukp.dkpro.core.api.segmentation.type.Token",
    "@sofa" : 10,
    "begin" : 398,
    "end" : 400,
    "order" : 0
  }, {
    "%ID" : 90,
    "%TYPE" : "de.tudarmstadt.ukp.dkpro.core.api.segmentation.type.Token",
    "@sofa" : 10,
    "begin" : 401,
    "end" : 404,
    "order" : 0
  }, {
    "%ID" : 91,
    "%TYPE" : "de.tudarmstadt.ukp.dkpro.core.api.segmentation.type.Token",
    "@sofa" : 10,
    "begin" : 405,
    "end" : 413,
    "order" : 0
  }, {
    "%ID" : 92,
    "%TYPE" : "de.tudarmstadt.ukp.dkpro.core.api.segmentation.type.Token",
    "@sofa" : 10,
    "begin" : 414,
    "end" : 417,
    "order" : 0
  }, {
    "%ID" : 93,
    "%TYPE" : "de.tudarmstadt.ukp.dkpro.core.api.segmentation.type.Token",
    "@sofa" : 10,
    "begin" : 418,
    "end" : 425,
    "order" : 0
  }, {
    "%ID" : 94,
    "%TYPE" : "de.tudarmstadt.ukp.dkpro.core.api.segmentation.type.Token",
    "@sofa" : 10,
    "begin" : 426,
    "end" : 435,
    "order" : 0
  }, {
    "%ID" : 95,
    "%TYPE" : "de.tudarmstadt.ukp.dkpro.core.api.segmentation.type.Token",
    "@sofa" : 10,
    "begin" : 435,
    "end" : 436,
    "order" : 0
  }, {
    "%ID" : 96,
    "%TYPE" : "de.tudarmstadt.ukp.dkpro.core.api.segmentation.type.Token",
    "@sofa" : 10,
    "begin" : 437,
    "end" : 444,
    "order" : 0
  }, {
    "%ID" : 97,
    "%TYPE" : "de.tudarmstadt.ukp.dkpro.core.api.segmentation.type.Token",
    "@sofa" : 10,
    "begin" : 445,
    "end" : 450,
    "order" : 0
  }, {
    "%ID" : 98,
    "%TYPE" : "de.tudarmstadt.ukp.dkpro.core.api.segmentation.type.Token",
    "@sofa" : 10,
    "begin" : 451,
    "end" : 457,
    "order" : 0
  }, {
    "%ID" : 99,
    "%TYPE" : "de.tudarmstadt.ukp.dkpro.core.api.segmentation.type.Token",
    "@sofa" : 10,
    "begin" : 458,
    "end" : 460,
    "order" : 0
  }, {
    "%ID" : 100,
    "%TYPE" : "de.tudarmstadt.ukp.dkpro.core.api.segmentation.type.Token",
    "@sofa" : 10,
    "begin" : 461,
    "end" : 467,
    "order" : 0
  }, {
    "%ID" : 101,
    "%TYPE" : "de.tudarmstadt.ukp.dkpro.core.api.segmentation.type.Token",
    "@sofa" : 10,
    "begin" : 468,
    "end" : 475,
    "order" : 0
  }, {
    "%ID" : 102,
    "%TYPE" : "de.tudarmstadt.ukp.dkpro.core.api.segmentation.type.Token",
    "@sofa" : 10,
    "begin" : 476,
    "end" : 479,
    "order" : 0
  }, {
    "%ID" : 103,
    "%TYPE" : "de.tudarmstadt.ukp.dkpro.core.api.segmentation.type.Token",
    "@sofa" : 10,
    "begin" : 480,
    "end" : 485,
    "order" : 0
  }, {
    "%ID" : 104,
    "%TYPE" : "de.tudarmstadt.ukp.dkpro.core.api.segmentation.type.Token",
    "@sofa" : 10,
    "begin" : 486,
    "end" : 488,
    "order" : 0
  }, {
    "%ID" : 105,
    "%TYPE" : "de.tudarmstadt.ukp.dkpro.core.api.segmentation.type.Token",
    "@sofa" : 10,
    "begin" : 489,
    "end" : 503,
    "order" : 0
  }, {
    "%ID" : 106,
    "%TYPE" : "de.tudarmstadt.ukp.dkpro.core.api.segmentation.type.Token",
    "@sofa" : 10,
    "begin" : 504,
    "end" : 506,
    "order" : 0
  }, {
    "%ID" : 107,
    "%TYPE" : "de.tudarmstadt.ukp.dkpro.core.api.segmentation.type.Token",
    "@sofa" : 10,
    "begin" : 507,
    "end" : 508,
    "order" : 0
  }, {
    "%ID" : 108,
    "%TYPE" : "de.tudarmstadt.ukp.dkpro.core.api.segmentation.type.Token",
    "@sofa" : 10,
    "begin" : 509,
    "end" : 516,
    "order" : 0
  }, {
    "%ID" : 109,
    "%TYPE" : "de.tudarmstadt.ukp.dkpro.core.api.segmentation.type.Token",
    "@sofa" : 10,
    "begin" : 517,
    "end" : 523,
    "order" : 0
  }, {
    "%ID" : 110,
    "%TYPE" : "de.tudarmstadt.ukp.dkpro.core.api.segmentation.type.Token",
    "@sofa" : 10,
    "begin" : 523,
    "end" : 524,
    "order" : 0
  }, {
    "%ID" : 111,
    "%TYPE" : "de.tudarmstadt.ukp.dkpro.core.api.segmentation.type.Token",
    "@sofa" : 10,
    "begin" : 525,
    "end" : 528,
    "order" : 0
  }, {
    "%ID" : 112,
    "%TYPE" : "de.tudarmstadt.ukp.dkpro.core.api.segmentation.type.Token",
    "@sofa" : 10,
    "begin" : 529,
    "end" : 535,
    "order" : 0
  }, {
    "%ID" : 113,
    "%TYPE" : "de.tudarmstadt.ukp.dkpro.core.api.segmentation.type.Token",
    "@sofa" : 10,
    "begin" : 536,
    "end" : 539,
    "order" : 0
  }, {
    "%ID" : 114,
    "%TYPE" : "de.tudarmstadt.ukp.dkpro.core.api.segmentation.type.Token",
    "@sofa" : 10,
    "begin" : 540,
    "end" : 544,
    "order" : 0
  }, {
    "%ID" : 115,
    "%TYPE" : "de.tudarmstadt.ukp.dkpro.core.api.segmentation.type.Token",
    "@sofa" : 10,
    "begin" : 545,
    "end" : 547,
    "order" : 0
  }, {
    "%ID" : 116,
    "%TYPE" : "de.tudarmstadt.ukp.dkpro.core.api.segmentation.type.Token",
    "@sofa" : 10,
    "begin" : 548,
    "end" : 555,
    "order" : 0
  }, {
    "%ID" : 117,
    "%TYPE" : "de.tudarmstadt.ukp.dkpro.core.api.segmentation.type.Token",
    "@sofa" : 10,
    "begin" : 555,
    "end" : 556,
    "order" : 0
  }, {
    "%ID" : 118,
    "%TYPE" : "de.tudarmstadt.ukp.dkpro.core.api.segmentation.type.Token",
    "@sofa" : 10,
    "begin" : 557,
    "end" : 560,
    "order" : 0
  }, {
    "%ID" : 119,
    "%TYPE" : "de.tudarmstadt.ukp.dkpro.core.api.segmentation.type.Token",
    "@sofa" : 10,
    "begin" : 561,
    "end" : 564,
    "order" : 0
  }, {
    "%ID" : 120,
    "%TYPE" : "de.tudarmstadt.ukp.dkpro.core.api.segmentation.type.Token",
    "@sofa" : 10,
    "begin" : 565,
    "end" : 567,
    "order" : 0
  }, {
    "%ID" : 121,
    "%TYPE" : "de.tudarmstadt.ukp.dkpro.core.api.segmentation.type.Token",
    "@sofa" : 10,
    "begin" : 568,
    "end" : 571,
    "order" : 0
  }, {
    "%ID" : 122,
    "%TYPE" : "de.tudarmstadt.ukp.dkpro.core.api.segmentation.type.Token",
    "@sofa" : 10,
    "begin" : 572,
    "end" : 574,
    "order" : 0
  }, {
    "%ID" : 123,
    "%TYPE" : "de.tudarmstadt.ukp.dkpro.core.api.segmentation.type.Token",
    "@sofa" : 10,
    "begin" : 575,
    "end" : 585,
    "order" : 0
  }, {
    "%ID" : 124,
    "%TYPE" : "de.tudarmstadt.ukp.dkpro.core.api.segmentation.type.Token",
    "@sofa" : 10,
    "begin" : 586,
    "end" : 597,
    "order" : 0
  }, {
    "%ID" : 125,
    "%TYPE" : "de.tudarmstadt.ukp.dkpro.core.api.segmentation.type.Token",
    "@sofa" : 10,
    "begin" : 597,
    "end" : 598,
    "order" : 0
  }, {
    "%ID" : 126,
    "%TYPE" : "de.tudarmstadt.ukp.dkpro.core.api.segmentation.type.Token",
    "@sofa" : 10,
    "begin" : 599,
    "end" : 602,
    "order" : 0
  }, {
    "%ID" : 127,
    "%TYPE" : "de.tudarmstadt.ukp.dkpro.core.api.segmentation.type.Token",
    "@sofa" : 10,
    "begin" : 603,
    "end" : 605,
    "order" : 0
  }, {
    "%ID" : 128,
    "%TYPE" : "de.tudarmstadt.ukp.dkpro.core.api.segmentation.type.Token",
    "@sofa" : 10,
    "begin" : 606,
    "end" : 613,
    "order" : 0
  }, {
    "%ID" : 129,
    "%TYPE" : "de.tudarmstadt.ukp.dkpro.core.api.segmentation.type.Token",
    "@sofa" : 10,
    "begin" : 614,
    "end" : 617,
    "order" : 0
  }, {
    "%ID" : 130,
    "%TYPE" : "de.tudarmstadt.ukp.dkpro.core.api.segmentation.type.Token",
    "@sofa" : 10,
    "begin" : 618,
    "end" : 625,
    "order" : 0
  }, {
    "%ID" : 131,
    "%TYPE" : "de.tudarmstadt.ukp.dkpro.core.api.segmentation.type.Token",
    "@sofa" : 10,
    "begin" : 626,
    "end" : 629,
    "order" : 0
  }, {
    "%ID" : 132,
    "%TYPE" : "de.tudarmstadt.ukp.dkpro.core.api.segmentation.type.Token",
    "@sofa" : 10,
    "begin" : 630,
    "end" : 637,
    "order" : 0
  }, {
    "%ID" : 133,
    "%TYPE" : "de.tudarmstadt.ukp.dkpro.core.api.segmentation.type.Token",
    "@sofa" : 10,
    "begin" : 638,
    "end" : 641,
    "order" : 0
  }, {
    "%ID" : 134,
    "%TYPE" : "de.tudarmstadt.ukp.dkpro.core.api.segmentation.type.Token",
    "@sofa" : 10,
    "begin" : 642,
    "end" : 652,
    "order" : 0
  }, {
    "%ID" : 135,
    "%TYPE" : "de.tudarmstadt.ukp.dkpro.core.api.segmentation.type.Token",
    "@sofa" : 10,
    "begin" : 653,
    "end" : 655,
    "order" : 0
  }, {
    "%ID" : 136,
    "%TYPE" : "de.tudarmstadt.ukp.dkpro.core.api.segmentation.type.Token",
    "@sofa" : 10,
    "begin" : 656,
    "end" : 666,
    "order" : 0
  }, {
    "%ID" : 137,
    "%TYPE" : "de.tudarmstadt.ukp.dkpro.core.api.segmentation.type.Token",
    "@sofa" : 10,
    "begin" : 667,
    "end" : 671,
    "order" : 0
  }, {
    "%ID" : 138,
    "%TYPE" : "de.tudarmstadt.ukp.dkpro.core.api.segmentation.type.Token",
    "@sofa" : 10,
    "begin" : 671,
    "end" : 672,
    "order" : 0
  }, {
    "%ID" : 139,
    "%TYPE" : "de.tudarmstadt.ukp.dkpro.core.api.segmentation.type.Token",
    "@sofa" : 10,
    "begin" : 673,
    "end" : 675,
    "order" : 0
  }, {
    "%ID" : 140,
    "%TYPE" : "de.tudarmstadt.ukp.dkpro.core.api.segmentation.type.Token",
    "@sofa" : 10,
    "begin" : 676,
    "end" : 678,
    "order" : 0
  }, {
    "%ID" : 141,
    "%TYPE" : "de.tudarmstadt.ukp.dkpro.core.api.segmentation.type.Token",
    "@sofa" : 10,
    "begin" : 679,
    "end" : 688,
    "order" : 0
  }, {
    "%ID" : 142,
    "%TYPE" : "de.tudarmstadt.ukp.dkpro.core.api.segmentation.type.Token",
    "@sofa" : 10,
    "begin" : 689,
    "end" : 698,
    "order" : 0
  }, {
    "%ID" : 143,
    "%TYPE" : "de.tudarmstadt.ukp.dkpro.core.api.segmentation.type.Token",
    "@sofa" : 10,
    "begin" : 699,
    "end" : 701,
    "order" : 0
  }, {
    "%ID" : 144,
    "%TYPE" : "de.tudarmstadt.ukp.dkpro.core.api.segmentation.type.Token",
    "@sofa" : 10,
    "begin" : 702,
    "end" : 713,
    "order" : 0
  }, {
    "%ID" : 145,
    "%TYPE" : "de.tudarmstadt.ukp.dkpro.core.api.segmentation.type.Token",
    "@sofa" : 10,
    "begin" : 714,
    "end" : 718,
    "order" : 0
  }, {
    "%ID" : 146,
    "%TYPE" : "de.tudarmstadt.ukp.dkpro.core.api.segmentation.type.Token",
    "@sofa" : 10,
    "begin" : 719,
    "end" : 726,
    "order" : 0
  }, {
    "%ID" : 147,
    "%TYPE" : "de.tudarmstadt.ukp.dkpro.core.api.segmentation.type.Token",
    "@sofa" : 10,
    "begin" : 727,
    "end" : 729,
    "order" : 0
  }, {
    "%ID" : 148,
    "%TYPE" : "de.tudarmstadt.ukp.dkpro.core.api.segmentation.type.Token",
    "@sofa" : 10,
    "begin" : 730,
    "end" : 734,
    "order" : 0
  }, {
    "%ID" : 149,
    "%TYPE" : "de.tudarmstadt.ukp.dkpro.core.api.segmentation.type.Token",
    "@sofa" : 10,
    "begin" : 735,
    "end" : 737,
    "order" : 0
  }, {
    "%ID" : 150,
    "%TYPE" : "de.tudarmstadt.ukp.dkpro.core.api.segmentation.type.Token",
    "@sofa" : 10,
    "begin" : 738,
    "end" : 746,
    "order" : 0
  }, {
    "%ID" : 151,
    "%TYPE" : "de.tudarmstadt.ukp.dkpro.core.api.segmentation.type.Token",
    "@sofa" : 10,
    "begin" : 747,
    "end" : 749,
    "order" : 0
  }, {
    "%ID" : 152,
    "%TYPE" : "de.tudarmstadt.ukp.dkpro.core.api.segmentation.type.Token",
    "@sofa" : 10,
    "begin" : 750,
    "end" : 756,
    "order" : 0
  }, {
    "%ID" : 153,
    "%TYPE" : "de.tudarmstadt.ukp.dkpro.core.api.segmentation.type.Token",
    "@sofa" : 10,
    "begin" : 757,
    "end" : 760,
    "order" : 0
  }, {
    "%ID" : 154,
    "%TYPE" : "de.tudarmstadt.ukp.dkpro.core.api.segmentation.type.Token",
    "@sofa" : 10,
    "begin" : 761,
    "end" : 778,
    "order" : 0
  }, {
    "%ID" : 155,
    "%TYPE" : "de.tudarmstadt.ukp.dkpro.core.api.segmentation.type.Token",
    "@sofa" : 10,
    "begin" : 779,
    "end" : 781,
    "order" : 0
  }, {
    "%ID" : 156,
    "%TYPE" : "de.tudarmstadt.ukp.dkpro.core.api.segmentation.type.Token",
    "@sofa" : 10,
    "begin" : 782,
    "end" : 785,
    "order" : 0
  }, {
    "%ID" : 157,
    "%TYPE" : "de.tudarmstadt.ukp.dkpro.core.api.segmentation.type.Token",
    "@sofa" : 10,
    "begin" : 786,
    "end" : 794,
    "order" : 0
  }, {
    "%ID" : 158,
    "%TYPE" : "de.tudarmstadt.ukp.dkpro.core.api.segmentation.type.Token",
    "@sofa" : 10,
    "begin" : 795,
    "end" : 800,
    "order" : 0
  }, {
    "%ID" : 159,
    "%TYPE" : "de.tudarmstadt.ukp.dkpro.core.api.segmentation.type.Token",
    "@sofa" : 10,
    "begin" : 800,
    "end" : 801,
    "order" : 0
  }, {
    "%ID" : 160,
    "%TYPE" : "de.tudarmstadt.ukp.dkpro.core.api.segmentation.type.Token",
    "@sofa" : 10,
    "begin" : 802,
    "end" : 805,
    "order" : 0
  }, {
    "%ID" : 161,
    "%TYPE" : "de.tudarmstadt.ukp.dkpro.core.api.segmentation.type.Token",
    "@sofa" : 10,
    "begin" : 806,
    "end" : 818,
    "order" : 0
  }, {
    "%ID" : 162,
    "%TYPE" : "de.tudarmstadt.ukp.dkpro.core.api.segmentation.type.Token",
    "@sofa" : 10,
    "begin" : 819,
    "end" : 823,
    "order" : 0
  }, {
    "%ID" : 163,
    "%TYPE" : "de.tudarmstadt.ukp.dkpro.core.api.segmentation.type.Token",
    "@sofa" : 10,
    "begin" : 824,
    "end" : 826,
    "order" : 0
  }, {
    "%ID" : 164,
    "%TYPE" : "de.tudarmstadt.ukp.dkpro.core.api.segmentation.type.Token",
    "@sofa" : 10,
    "begin" : 827,
    "end" : 834,
    "order" : 0
  }, {
    "%ID" : 165,
    "%TYPE" : "de.tudarmstadt.ukp.dkpro.core.api.segmentation.type.Token",
    "@sofa" : 10,
    "begin" : 835,
    "end" : 837,
    "order" : 0
  }, {
    "%ID" : 166,
    "%TYPE" : "de.tudarmstadt.ukp.dkpro.core.api.segmentation.type.Token",
    "@sofa" : 10,
    "begin" : 838,
    "end" : 845,
    "order" : 0
  }, {
    "%ID" : 167,
    "%TYPE" : "de.tudarmstadt.ukp.dkpro.core.api.segmentation.type.Token",
    "@sofa" : 10,
    "begin" : 846,
    "end" : 849,
    "order" : 0
  }, {
    "%ID" : 168,
    "%TYPE" : "de.tudarmstadt.ukp.dkpro.core.api.segmentation.type.Token",
    "@sofa" : 10,
    "begin" : 850,
    "end" : 855,
    "order" : 0
  }, {
    "%ID" : 169,
    "%TYPE" : "de.tudarmstadt.ukp.dkpro.core.api.segmentation.type.Token",
    "@sofa" : 10,
    "begin" : 856,
    "end" : 861,
    "order" : 0
  }, {
    "%ID" : 170,
    "%TYPE" : "de.tudarmstadt.ukp.dkpro.core.api.segmentation.type.Token",
    "@sofa" : 10,
    "begin" : 862,
    "end" : 871,
    "order" : 0
  }, {
    "%ID" : 171,
    "%TYPE" : "de.tudarmstadt.ukp.dkpro.core.api.segmentation.type.Token",
    "@sofa" : 10,
    "begin" : 871,
    "end" : 872,
    "order" : 0
  }, {
    "%ID" : 172,
    "%TYPE" : "de.tudarmstadt.ukp.dkpro.core.api.segmentation.type.Token",
    "@sofa" : 10,
    "begin" : 873,
    "end" : 876,
    "order" : 0
  }, {
    "%ID" : 173,
    "%TYPE" : "de.tudarmstadt.ukp.dkpro.core.api.segmentation.type.Token",
    "@sofa" : 10,
    "begin" : 877,
    "end" : 879,
    "order" : 0
  }, {
    "%ID" : 174,
    "%TYPE" : "de.tudarmstadt.ukp.dkpro.core.api.segmentation.type.Token",
    "@sofa" : 10,
    "begin" : 880,
    "end" : 884,
    "order" : 0
  }, {
    "%ID" : 175,
    "%TYPE" : "de.tudarmstadt.ukp.dkpro.core.api.segmentation.type.Token",
    "@sofa" : 10,
    "begin" : 885,
    "end" : 887,
    "order" : 0
  }, {
    "%ID" : 176,
    "%TYPE" : "de.tudarmstadt.ukp.dkpro.core.api.segmentation.type.Token",
    "@sofa" : 10,
    "begin" : 888,
    "end" : 893,
    "order" : 0
  }, {
    "%ID" : 177,
    "%TYPE" : "de.tudarmstadt.ukp.dkpro.core.api.segmentation.type.Token",
    "@sofa" : 10,
    "begin" : 894,
    "end" : 897,
    "order" : 0
  }, {
    "%ID" : 178,
    "%TYPE" : "de.tudarmstadt.ukp.dkpro.core.api.segmentation.type.Token",
    "@sofa" : 10,
    "begin" : 898,
    "end" : 906,
    "order" : 0
  }, {
    "%ID" : 179,
    "%TYPE" : "de.tudarmstadt.ukp.dkpro.core.api.segmentation.type.Token",
    "@sofa" : 10,
    "begin" : 907,
    "end" : 910,
    "order" : 0
  }, {
    "%ID" : 180,
    "%TYPE" : "de.tudarmstadt.ukp.dkpro.core.api.segmentation.type.Token",
    "@sofa" : 10,
    "begin" : 911,
    "end" : 925,
    "order" : 0
  }, {
    "%ID" : 181,
    "%TYPE" : "de.tudarmstadt.ukp.dkpro.core.api.segmentation.type.Token",
    "@sofa" : 10,
    "begin" : 926,
    "end" : 928,
    "order" : 0
  }, {
    "%ID" : 182,
    "%TYPE" : "de.tudarmstadt.ukp.dkpro.core.api.segmentation.type.Token",
    "@sofa" : 10,
    "begin" : 929,
    "end" : 932,
    "order" : 0
  }, {
    "%ID" : 183,
    "%TYPE" : "de.tudarmstadt.ukp.dkpro.core.api.segmentation.type.Token",
    "@sofa" : 10,
    "begin" : 933,
    "end" : 942,
    "order" : 0
  }, {
    "%ID" : 184,
    "%TYPE" : "de.tudarmstadt.ukp.dkpro.core.api.segmentation.type.Token",
    "@sofa" : 10,
    "begin" : 943,
    "end" : 949,
    "order" : 0
  }, {
    "%ID" : 185,
    "%TYPE" : "de.tudarmstadt.ukp.dkpro.core.api.segmentation.type.Token",
    "@sofa" : 10,
    "begin" : 950,
    "end" : 962,
    "order" : 0
  }, {
    "%ID" : 186,
    "%TYPE" : "de.tudarmstadt.ukp.dkpro.core.api.segmentation.type.Token",
    "@sofa" : 10,
    "begin" : 963,
    "end" : 972,
    "order" : 0
  }, {
    "%ID" : 187,
    "%TYPE" : "de.tudarmstadt.ukp.dkpro.core.api.segmentation.type.Token",
    "@sofa" : 10,
    "begin" : 972,
    "end" : 973,
    "order" : 0
  }, {
    "%ID" : 188,
    "%TYPE" : "de.tudarmstadt.ukp.dkpro.core.api.segmentation.type.Token",
    "@sofa" : 10,
    "begin" : 974,
    "end" : 983,
    "order" : 0
  }, {
    "%ID" : 189,
    "%TYPE" : "de.tudarmstadt.ukp.dkpro.core.api.segmentation.type.Token",
    "@sofa" : 10,
    "begin" : 984,
    "end" : 991,
    "order" : 0
  }, {
    "%ID" : 190,
    "%TYPE" : "de.tudarmstadt.ukp.dkpro.core.api.segmentation.type.Token",
    "@sofa" : 10,
    "begin" : 992,
    "end" : 994,
    "order" : 0
  }, {
    "%ID" : 191,
    "%TYPE" : "de.tudarmstadt.ukp.dkpro.core.api.segmentation.type.Token",
    "@sofa" : 10,
    "begin" : 995,
    "end" : 997,
    "order" : 0
  }, {
    "%ID" : 192,
    "%TYPE" : "de.tudarmstadt.ukp.dkpro.core.api.segmentation.type.Token",
    "@sofa" : 10,
    "begin" : 998,
    "end" : 1001,
    "order" : 0
  }, {
    "%ID" : 193,
    "%TYPE" : "de.tudarmstadt.ukp.dkpro.core.api.segmentation.type.Token",
    "@sofa" : 10,
    "begin" : 1002,
    "end" : 1006,
    "order" : 0
  }, {
    "%ID" : 194,
    "%TYPE" : "de.tudarmstadt.ukp.dkpro.core.api.segmentation.type.Token",
    "@sofa" : 10,
    "begin" : 1007,
    "end" : 1010,
    "order" : 0
  }, {
    "%ID" : 195,
    "%TYPE" : "de.tudarmstadt.ukp.dkpro.core.api.segmentation.type.Token",
    "@sofa" : 10,
    "begin" : 1011,
    "end" : 1015,
    "order" : 0
  }, {
    "%ID" : 196,
    "%TYPE" : "de.tudarmstadt.ukp.dkpro.core.api.segmentation.type.Token",
    "@sofa" : 10,
    "begin" : 1016,
    "end" : 1018,
    "order" : 0
  }, {
    "%ID" : 197,
    "%TYPE" : "de.tudarmstadt.ukp.dkpro.core.api.segmentation.type.Token",
    "@sofa" : 10,
    "begin" : 1019,
    "end" : 1020,
    "order" : 0
  }, {
    "%ID" : 198,
    "%TYPE" : "de.tudarmstadt.ukp.dkpro.core.api.segmentation.type.Token",
    "@sofa" : 10,
    "begin" : 1021,
    "end" : 1031,
    "order" : 0
  }, {
    "%ID" : 199,
    "%TYPE" : "de.tudarmstadt.ukp.dkpro.core.api.segmentation.type.Token",
    "@sofa" : 10,
    "begin" : 1032,
    "end" : 1034,
    "order" : 0
  }, {
    "%ID" : 200,
    "%TYPE" : "de.tudarmstadt.ukp.dkpro.core.api.segmentation.type.Token",
    "@sofa" : 10,
    "begin" : 1035,
    "end" : 1037,
    "order" : 0
  }, {
    "%ID" : 201,
    "%TYPE" : "de.tudarmstadt.ukp.dkpro.core.api.segmentation.type.Token",
    "@sofa" : 10,
    "begin" : 1038,
    "end" : 1047,
    "order" : 0
  }, {
    "%ID" : 202,
    "%TYPE" : "de.tudarmstadt.ukp.dkpro.core.api.segmentation.type.Token",
    "@sofa" : 10,
    "begin" : 1048,
    "end" : 1050,
    "order" : 0
  }, {
    "%ID" : 203,
    "%TYPE" : "de.tudarmstadt.ukp.dkpro.core.api.segmentation.type.Token",
    "@sofa" : 10,
    "begin" : 1051,
    "end" : 1054,
    "order" : 0
  }, {
    "%ID" : 204,
    "%TYPE" : "de.tudarmstadt.ukp.dkpro.core.api.segmentation.type.Token",
    "@sofa" : 10,
    "begin" : 1055,
    "end" : 1062,
    "order" : 0
  }, {
    "%ID" : 205,
    "%TYPE" : "de.tudarmstadt.ukp.dkpro.core.api.segmentation.type.Token",
    "@sofa" : 10,
    "begin" : 1063,
    "end" : 1065,
    "order" : 0
  }, {
    "%ID" : 206,
    "%TYPE" : "de.tudarmstadt.ukp.dkpro.core.api.segmentation.type.Token",
    "@sofa" : 10,
    "begin" : 1066,
    "end" : 1070,
    "order" : 0
  }, {
    "%ID" : 207,
    "%TYPE" : "de.tudarmstadt.ukp.dkpro.core.api.segmentation.type.Token",
    "@sofa" : 10,
    "begin" : 1071,
    "end" : 1073,
    "order" : 0
  }, {
    "%ID" : 208,
    "%TYPE" : "de.tudarmstadt.ukp.dkpro.core.api.segmentation.type.Token",
    "@sofa" : 10,
    "begin" : 1074,
    "end" : 1077,
    "order" : 0
  }, {
    "%ID" : 209,
    "%TYPE" : "de.tudarmstadt.ukp.dkpro.core.api.segmentation.type.Token",
    "@sofa" : 10,
    "begin" : 1078,
    "end" : 1085,
    "order" : 0
  }, {
    "%ID" : 210,
    "%TYPE" : "de.tudarmstadt.ukp.dkpro.core.api.segmentation.type.Token",
    "@sofa" : 10,
    "begin" : 1085,
    "end" : 1086,
    "order" : 0
  }, {
    "%ID" : 211,
    "%TYPE" : "de.tudarmstadt.ukp.dkpro.core.api.segmentation.type.Token",
    "@sofa" : 10,
    "begin" : 1087,
    "end" : 1090,
    "order" : 0
  }, {
    "%ID" : 212,
    "%TYPE" : "de.tudarmstadt.ukp.dkpro.core.api.segmentation.type.Token",
    "@sofa" : 10,
    "begin" : 1091,
    "end" : 1093,
    "order" : 0
  }, {
    "%ID" : 213,
    "%TYPE" : "de.tudarmstadt.ukp.dkpro.core.api.segmentation.type.Token",
    "@sofa" : 10,
    "begin" : 1094,
    "end" : 1100,
    "order" : 0
  }, {
    "%ID" : 214,
    "%TYPE" : "de.tudarmstadt.ukp.dkpro.core.api.segmentation.type.Token",
    "@sofa" : 10,
    "begin" : 1101,
    "end" : 1105,
    "order" : 0
  }, {
    "%ID" : 215,
    "%TYPE" : "de.tudarmstadt.ukp.dkpro.core.api.segmentation.type.Token",
    "@sofa" : 10,
    "begin" : 1106,
    "end" : 1108,
    "order" : 0
  }, {
    "%ID" : 216,
    "%TYPE" : "de.tudarmstadt.ukp.dkpro.core.api.segmentation.type.Token",
    "@sofa" : 10,
    "begin" : 1109,
    "end" : 1112,
    "order" : 0
  }, {
    "%ID" : 217,
    "%TYPE" : "de.tudarmstadt.ukp.dkpro.core.api.segmentation.type.Token",
    "@sofa" : 10,
    "begin" : 1113,
    "end" : 1119,
    "order" : 0
  }, {
    "%ID" : 218,
    "%TYPE" : "de.tudarmstadt.ukp.dkpro.core.api.segmentation.type.Token",
    "@sofa" : 10,
    "begin" : 1120,
    "end" : 1123,
    "order" : 0
  }, {
    "%ID" : 219,
    "%TYPE" : "de.tudarmstadt.ukp.dkpro.core.api.segmentation.type.Token",
    "@sofa" : 10,
    "begin" : 1124,
    "end" : 1138,
    "order" : 0
  }, {
    "%ID" : 220,
    "%TYPE" : "de.tudarmstadt.ukp.dkpro.core.api.segmentation.type.Token",
    "@sofa" : 10,
    "begin" : 1138,
    "end" : 1139,
    "order" : 0
  }, {
    "%ID" : 10,
    "%TYPE" : "uima.cas.Sofa",
    "sofaNum" : 1,
    "sofaID" : "_InitialView",
    "mimeType" : "text",
    "sofaString" : "Spain thanks the United States for this important initiative.\n\nWe have just adopted resolution 2272 (2016), the first to address exclusively conduct deemed completely unacceptable.\nWith this resolution, the Security Council is sending a strong message to all who have the responsibility to eliminate this scourge, and that responsibility is collective.\nMy delegation supported the text put forward in its entirety and without amendment, because quite simply we cannot address the issue of accountability in a partial manner.\nThe reason for that is obvious.\nOur aim is not to repatriate contingents, but to protect the victims and prevent the repetition of aggressive acts.\nIt is therefore necessary to investigate such matters as soon as possible or inform the Secretary-General of the measures taken.\nThe perpetrators must be brought to justice and serve their sentences.\nAll of that is first and foremost the responsibility of the troop-and police contributing countries, precisely because we do not want the work of a contingent to be tarnished by the actions of some of its members.\nLet us ensure that we all assume our responsibility.\n\n"
  }, {
    "%ID" : 221,
    "%TYPE" : "webanno.custom.AppraisalTheory",
    "@sofa" : 10,
    "begin" : 6,
    "end" : 12,
    "Attitude" : "affect",
    "Polarity" : "positive"
  }, {
    "%ID" : 222,
    "%TYPE" : "webanno.custom.AppraisalTheory",
    "@sofa" : 10,
    "begin" : 40,
    "end" : 60,
    "Attitude" : "appreciation",
    "Polarity" : "positive"
  }, {
    "%ID" : 223,
    "%TYPE" : "webanno.custom.AppraisalTheory",
    "@sofa" : 10,
    "begin" : 156,
    "end" : 179,
    "Attitude" : "judgement",
    "Polarity" : "negative"
  }, {
    "%ID" : 224,
    "%TYPE" : "webanno.custom.AppraisalTheory",
    "@sofa" : 10,
    "begin" : 367,
    "end" : 376,
    "Attitude" : "affect",
    "Polarity" : "positive"
  }, {
    "%ID" : 225,
    "%TYPE" : "webanno.custom.AppraisalTheory",
    "@sofa" : 10,
    "begin" : 873,
    "end" : 972,
    "Attitude" : "judgement",
    "Polarity" : "positive"
  }, {
    "%ID" : 226,
    "%TYPE" : "webanno.custom.AppraisalTheory",
    "@sofa" : 10,
    "begin" : 1106,
    "end" : 1138,
    "Attitude" : "judgement",
    "Polarity" : "positive"
  }, {
    "%ID" : 227,
    "%TYPE" : "webanno.custom.AppraisalTheory",
    "@sofa" : 10,
    "begin" : 802,
    "end" : 871,
    "Attitude" : "judgement",
    "Polarity" : "negative"
  } ],
  "%VIEWS" : {
    "_InitialView" : {
      "%SOFA" : 10,
      "%MEMBERS" : [ 1, 2, 3, 4, 5, 6, 7, 8, 9, 11, 12, 13, 14, 15, 16, 17, 18, 19, 20, 21, 22, 23, 24, 25, 26, 27, 28, 29, 30, 31, 32, 33, 34, 35, 36, 37, 38, 39, 40, 41, 42, 43, 44, 45, 46, 47, 48, 49, 50, 51, 52, 53, 54, 55, 56, 57, 58, 59, 60, 61, 62, 63, 64, 65, 66, 67, 68, 69, 70, 71, 72, 73, 74, 75, 76, 77, 78, 79, 80, 81, 82, 83, 84, 85, 86, 87, 88, 89, 90, 91, 92, 93, 94, 95, 96, 97, 98, 99, 100, 101, 102, 103, 104, 105, 106, 107, 108, 109, 110, 111, 112, 113, 114, 115, 116, 117, 118, 119, 120, 121, 122, 123, 124, 125, 126, 127, 128, 129, 130, 131, 132, 133, 134, 135, 136, 137, 138, 139, 140, 141, 142, 143, 144, 145, 146, 147, 148, 149, 150, 151, 152, 153, 154, 155, 156, 157, 158, 159, 160, 161, 162, 163, 164, 165, 166, 167, 168, 169, 170, 171, 172, 173, 174, 175, 176, 177, 178, 179, 180, 181, 182, 183, 184, 185, 186, 187, 188, 189, 190, 191, 192, 193, 194, 195, 196, 197, 198, 199, 200, 201, 202, 203, 204, 205, 206, 207, 208, 209, 210, 211, 212, 213, 214, 215, 216, 217, 218, 219, 220, 221, 222, 223, 224, 225, 226, 227 ]
    }
  }
}